gene_id	family	source	discovery_round	sequence_scope	matched_protein_id	hmmer_score	hmmer_evalue	length	original_family	resolution_group	family_resolution_method	family_resolution_status	nearest_reference_id	nearest_reference_family	meme_status	meme_status_quality_aware	motif_support_quality	singleton_passthrough	meme_evaluable	meme_biological_pass	meme_operational_pass	meme_pass	pfam_pass	pfam_status	stability_pass	selection_annotated	contamination_pass	pfam_gate_active	stability_gate_active	contamination_gate_active	final_pass
GMO.00002805.v1.g688570.t1	ADH	proteome_v1_exact	round1	full_length	GMO.00002805.v1.g688570.t1	118.2	6.6e-33	407							confirmed	confirmed	strong_only	False	True	True	True	True	True	complete	True	True	True	True	False	False	True
GMO.00000855.v1.g078750.t1	ADH	proteome_v1_exact	round1	full_length	GMO.00000855.v1.g078750.t1	117.7	9.5e-33	326							confirmed	confirmed	strong_only	False	True	True	True	True	True	complete	True	True	True	True	False	False	True
GMO.00002523.v1.g604250.t1	ADH	proteome_v1_exact	round1	full_length	GMO.00002523.v1.g604250.t1	117.6	1.1e-32	407							confirmed	confirmed	strong_only	False	True	True	True	True	True	complete	True	True	True	True	False	False	True
GMO.00002319.v1.g463250.t1	ADH	proteome_v1_exact	round1	full_length	GMO.00002319.v1.g463250.t1	115.6	4.3e-32	326							confirmed	confirmed	strong_only	False	True	True	True	True	True	complete	True	True	True	True	False	False	True
GMO.00001311.v1.g148430.t2	ADH	proteome_v1_exact	round1	full_length	GMO.00001311.v1.g148430.t2	104.3	1.2e-28	347							confirmed	confirmed	strong_only	False	True	True	True	True	True	complete	True	True	True	True	False	False	True
GMO.00002500.v1.g571420.t2	ADH	proteome_v1_exact	round1	full_length	GMO.00002500.v1.g571420.t2	104.3	1.2e-28	347							confirmed	confirmed	strong_only	False	True	True	True	True	True	complete	True	True	True	True	False	False	True
GMO.00002592.v1.g625510.t1	ADH	proteome_v1_exact	round1	full_length	GMO.00002592.v1.g625510.t1	100.9	1.3e-27	357							confirmed	confirmed	strong_only	False	True	True	True	True	True	complete	True	True	True	True	False	False	True
GMO.00002283.v1.g429570.t1	ADH	proteome_v1_exact	round1	full_length	GMO.00002283.v1.g429570.t1	100.1	2.3e-27	357							confirmed	confirmed	strong_only	False	True	True	True	True	True	complete	True	True	True	True	False	False	True
GMO.00000895.v1.g083680.t1	ADH	proteome_v1_exact	round1	full_length	GMO.00000895.v1.g083680.t1	99.2	4.4e-27	357							confirmed	confirmed	strong_only	False	True	True	True	True	True	complete	True	True	True	True	False	False	True
GMO.00000895.v1.g085880.t1	ADH	proteome_v1_exact	round1	full_length	GMO.00000895.v1.g085880.t1	99.1	4.6e-27	356							confirmed	confirmed	strong_only	False	True	True	True	True	True	complete	True	True	True	True	False	False	True
GMO.00002453.v1.g538270.t1	ADH	proteome_v1_exact	round1	full_length	GMO.00002453.v1.g538270.t1	98.8	5.6e-27	357							confirmed	confirmed	strong_only	False	True	True	True	True	True	complete	True	True	True	True	False	False	True
GMO.00001311.v1.g148440.t1	ADH	proteome_v1_exact	round1	full_length	GMO.00001311.v1.g148440.t1	98.5	8.3e-27	364							confirmed	confirmed	strong_only	False	True	True	True	True	True	complete	True	True	True	True	False	False	True
GMO.00002453.v1.g536070.t1	ADH	proteome_v1_exact	round1	full_length	GMO.00002453.v1.g536070.t1	98.5	7.3e-27	356							confirmed	confirmed	strong_only	False	True	True	True	True	True	complete	True	True	True	True	False	False	True
GMO.00002500.v1.g571440.t1	ADH	proteome_v1_exact	round1	full_length	GMO.00002500.v1.g571440.t1	98.5	8.3e-27	364							confirmed	confirmed	strong_only	False	True	True	True	True	True	complete	True	True	True	True	False	False	True
GMO.00002283.v1.g425750.t2	ADH	proteome_v1_exact	round1	full_length	GMO.00002283.v1.g425750.t2	96.2	3.6e-26	365							confirmed	confirmed	strong_only	False	True	True	True	True	True	complete	True	True	True	True	False	False	True
GMO.00002283.v1.g425720.t1	ADH	proteome_v1_exact	round1	full_length	GMO.00002283.v1.g425720.t1	95.6	5.8e-26	365							confirmed	confirmed	strong_only	False	True	True	True	True	True	complete	True	True	True	True	False	False	True
GMO.00001044.v1.g095260.t2	ADH	proteome_v1_exact	round1	full_length	GMO.00001044.v1.g095260.t2	95.3	6.9e-26	365							confirmed	confirmed	strong_only	False	True	True	True	True	True	complete	True	True	True	True	False	False	True
GMO.00001044.v1.g095320.t1	ADH	proteome_v1_exact	round1	full_length	GMO.00001044.v1.g095320.t1	95.3	7.0e-26	365							confirmed	confirmed	strong_only	False	True	True	True	True	True	complete	True	True	True	True	False	False	True
GMO.00002497.v1.g564110.t1	ADH	proteome_v1_exact	round1	full_length	GMO.00002497.v1.g564110.t1	95.1	9.8e-26	382							confirmed	confirmed	strong_only	False	True	True	True	True	True	complete	True	True	True	True	False	False	True
GMO.00002498.v1.g566020.t1	ADH	proteome_v1_exact	round1	full_length	GMO.00002498.v1.g566020.t1	95.0	1.0e-25	382							confirmed	confirmed	strong_only	False	True	True	True	True	True	complete	True	True	True	True	False	False	True
GMO.00001207.v1.g119650.t1	ADH	proteome_v1_exact	round1	full_length	GMO.00001207.v1.g119650.t1	94.0	1.8e-25	360							confirmed	confirmed	strong_only	False	True	True	True	True	True	complete	True	True	True	True	False	False	True
GMO.00002283.v1.g430470.t1	ADH	proteome_v1_exact	round1	full_length	GMO.00002283.v1.g430470.t1	94.0	1.8e-25	360							confirmed	confirmed	strong_only	False	True	True	True	True	True	complete	True	True	True	True	False	False	True
GMO.00002363.v1.g507560.t1	ADH	proteome_v1_exact	round1	full_length	GMO.00002363.v1.g507560.t1	94.0	2.1e-25	381							confirmed	confirmed	strong_only	False	True	True	True	True	True	complete	True	True	True	True	False	False	True
GMO.00000574.v1.g030570.t2	ADH	proteome_v1_exact	round1	full_length	GMO.00000574.v1.g030570.t2	93.9	2.2e-25	325							confirmed	confirmed	strong_only	False	True	True	True	True	True	complete	True	True	True	True	False	False	True
GMO.00001044.v1.g095250.t1	ADH	proteome_v1_exact	round1	full_length	GMO.00001044.v1.g095250.t1	93.6	2.5e-25	355							confirmed	confirmed	strong_only	False	True	True	True	True	True	complete	True	True	True	True	False	False	True
GMO.00001825.v1.g252830.t1	ADH	proteome_v1_exact	round1	full_length	GMO.00001825.v1.g252830.t1	93.4	3.3e-25	401							confirmed	confirmed	strong_only	False	True	True	True	True	True	complete	True	True	True	True	False	False	True
GMO.00001044.v1.g095310.t1	ADH	proteome_v1_exact	round1	full_length	GMO.00001044.v1.g095310.t1	92.9	4.0e-25	359							confirmed	confirmed	strong_only	False	True	True	True	True	True	complete	True	True	True	True	False	False	True
GMO.00002283.v1.g425730.t1	ADH	proteome_v1_exact	round1	full_length	GMO.00002283.v1.g425730.t1	92.9	4.0e-25	359							confirmed	confirmed	strong_only	False	True	True	True	True	True	complete	True	True	True	True	False	False	True
GMO.00002497.v1.g564520.t1	ADH	proteome_v1_exact	round1	full_length	GMO.00002497.v1.g564520.t1	89.8	4.1e-24	379							confirmed	confirmed	strong_only	False	True	True	True	True	True	complete	True	True	True	True	False	False	True
GMO.00002498.v1.g565590.t1	ADH	proteome_v1_exact	round1	full_length	GMO.00002498.v1.g565590.t1	89.8	4.1e-24	379							confirmed	confirmed	strong_only	False	True	True	True	True	True	complete	True	True	True	True	False	False	True
GMO.00002253.v1.g378530.t1	ADH	proteome_v1_exact	round1	full_length	GMO.00002253.v1.g378530.t1	89.1	7.0e-24	386							confirmed	confirmed	strong_only	False	True	True	True	True	True	complete	True	True	True	True	False	False	True
GMO.00002557.v1.g619440.t1	ADH	proteome_v1_exact	round1	full_length	GMO.00002557.v1.g619440.t1	89.0	6.4e-24	357							confirmed	confirmed	strong_only	False	True	True	True	True	True	complete	True	True	True	True	False	False	True
GMO.00002785.v1.g683860.t1	ADH	proteome_v1_exact	round1	full_length	GMO.00002785.v1.g683860.t1	89.0	6.4e-24	357							confirmed	confirmed	strong_only	False	True	True	True	True	True	complete	True	True	True	True	False	False	True
GMO.00001044.v1.g095330.t1	ADH	proteome_v1_exact	round1	full_length	GMO.00001044.v1.g095330.t1	87.9	1.4e-23	362							confirmed	confirmed	strong_only	False	True	True	True	True	True	complete	True	True	True	True	False	False	True
GMO.00002283.v1.g425640.t1	ADH	proteome_v1_exact	round1	full_length	GMO.00002283.v1.g425640.t1	87.9	1.4e-23	362							confirmed	confirmed	strong_only	False	True	True	True	True	True	complete	True	True	True	True	False	False	True
GMO.00000895.v1.g084520.t2	ADH	proteome_v1_exact	round1	full_length	GMO.00000895.v1.g084520.t2	87.8	1.7e-23	474							confirmed	confirmed	strong_only	False	True	True	True	True	True	complete	True	True	True	True	False	False	True
GMO.00002453.v1.g537460.t2	ADH	proteome_v1_exact	round1	full_length	GMO.00002453.v1.g537460.t2	87.6	1.9e-23	474							confirmed	confirmed	strong_only	False	True	True	True	True	True	complete	True	True	True	True	False	False	True
GMO.00001329.v1.g150790.t1	ADH	proteome_v1_exact	round1	full_length	GMO.00001329.v1.g150790.t1	85.9	5.8e-23	357							confirmed	confirmed	strong_only	False	True	True	True	True	True	complete	True	True	True	True	False	False	True
GMO.00001783.v1.g243640.t1	ADH	proteome_v1_exact	round1	full_length	GMO.00001783.v1.g243640.t1	83.4	3.6e-22	394							confirmed	confirmed	strong_only	False	True	True	True	True	True	complete	True	True	True	True	False	False	True
GMO.00002556.v1.g618990.t1	ADH	proteome_v1_exact	round1	full_length	GMO.00002556.v1.g618990.t1	83.4	3.5e-22	393							confirmed	confirmed	strong_only	False	True	True	True	True	True	complete	True	True	True	True	False	False	True
GMO.00000574.v1.g029430.t1	ADH	proteome_v1_exact	round1	full_length	GMO.00000574.v1.g029430.t1	78.9	9.9e-21	348							confirmed	confirmed	strong_only	False	True	True	True	True	True	complete	True	True	True	True	False	False	True
GMO.00001808.v1.g249020.t1	ADH	proteome_v1_exact	round1	full_length	GMO.00001808.v1.g249020.t1	78.9	9.9e-21	348							confirmed	confirmed	strong_only	False	True	True	True	True	True	complete	True	True	True	True	False	False	True
GMO.00001366.v1.g169500.t1	ADH	proteome_v1_exact	round1	full_length	GMO.00001366.v1.g169500.t1	78.4	1.4e-20	325							confirmed	confirmed	strong_only	False	True	True	True	True	True	complete	True	True	True	True	False	False	True
GMO.00000531.v1.g017320.t1	ADH	proteome_v1_exact	round1	full_length	GMO.00000531.v1.g017320.t1	78.3	1.5e-20	341							confirmed	confirmed	strong_only	False	True	True	True	True	True	complete	True	True	True	True	False	False	True
GMO.00001783.v1.g243630.t1	ADH	proteome_v1_exact	round1	full_length	GMO.00001783.v1.g243630.t1	76.3	5.7e-20	409							confirmed	confirmed	strong_only	False	True	True	True	True	True	complete	True	True	True	True	False	False	True
GMO.00002556.v1.g618980.t1	ADH	proteome_v1_exact	round1	full_length	GMO.00002556.v1.g618980.t1	73.9	3.2e-19	409							confirmed	confirmed	strong_only	False	True	True	True	True	True	complete	True	True	True	True	False	False	True
GMO.00001343.v1.g160560.t1	ADH	proteome_v1_exact	round1	full_length	GMO.00001343.v1.g160560.t1	68.8	1.3e-17	321							confirmed	confirmed	strong_only	False	True	True	True	True	True	complete	True	True	True	True	False	False	True
GMO.00001385.v1.g174970.t1	ADH	proteome_v1_exact	round1	full_length	GMO.00001385.v1.g174970.t1	68.5	1.5e-17	321							confirmed	confirmed	strong_only	False	True	True	True	True	True	complete	True	True	True	True	False	False	True
GMO.00002498.v1.g567040.t1	ADH	proteome_v1_exact	round1	full_length	GMO.00002498.v1.g567040.t1	66.6	6.1e-17	339							confirmed	confirmed	strong_only	False	True	True	True	True	True	complete	True	True	True	True	False	False	True
GMO.00001559.v1.g195870.t1	ADH	proteome_v1_exact	round1	full_length	GMO.00001559.v1.g195870.t1	66.4	7.0e-17	388							confirmed	confirmed	strong_only	False	True	True	True	True	True	complete	True	True	True	True	False	False	True
GMO.00002326.v1.g482160.t1	ADH	proteome_v1_exact	round1	full_length	GMO.00002326.v1.g482160.t1	66.3	7.3e-17	388							confirmed	confirmed	strong_only	False	True	True	True	True	True	complete	True	True	True	True	False	False	True
GMO.00002497.v1.g563110.t1	ADH	proteome_v1_exact	round1	full_length	GMO.00002497.v1.g563110.t1	63.3	6.4e-16	334							confirmed	confirmed	strong_only	False	True	True	True	True	True	complete	True	True	True	True	False	False	True
GMO.00002498.v1.g567020.t2	ADH	proteome_v1_exact	round1	full_length	GMO.00002498.v1.g567020.t2	63.3	6.4e-16	333							confirmed	confirmed	strong_only	False	True	True	True	True	True	complete	True	True	True	True	False	False	True
GMO.00002497.v1.g563080.t1	ADH	proteome_v1_exact	round1	full_length	GMO.00002497.v1.g563080.t1	61.0	3.4e-15	339							confirmed	confirmed	strong_only	False	True	True	True	True	True	complete	True	True	True	True	False	False	True
GMO.00001385.v1.g174950.t1	ADH	proteome_v1_exact	round1	full_length	GMO.00001385.v1.g174950.t1	59.1	1.3e-14	262							confirmed	confirmed	strong_only	False	True	True	True	True	True	complete	True	True	True	True	False	False	True
GMO.00002497.v1.g563100.t1	ADH	proteome_v1_exact	round1	full_length	GMO.00002497.v1.g563100.t1	57.0	6.1e-14	345							confirmed	confirmed	strong_only	False	True	True	True	True	True	complete	True	True	True	True	False	False	True
GMO.00002497.v1.g563120.t2	ADH	proteome_v1_exact	round1	full_length	GMO.00002497.v1.g563120.t2	55.7	1.5e-13	331							confirmed	confirmed	strong_only	False	True	True	True	True	True	complete	True	True	True	True	False	False	True
GMO.00002498.v1.g567010.t2	ADH	proteome_v1_exact	round1	full_length	GMO.00002498.v1.g567010.t2	55.7	1.5e-13	331							confirmed	confirmed	strong_only	False	True	True	True	True	True	complete	True	True	True	True	False	False	True
GMO.00002356.v1.g503070.t1	ADH	proteome_v1_exact	round1	full_length	GMO.00002356.v1.g503070.t1	55.5	1.7e-13	385							confirmed	confirmed	strong_only	False	True	True	True	True	True	complete	True	True	True	True	False	False	True
GMO.00002636.v1.g647740.t1	ADH	proteome_v1_exact	round1	full_length	GMO.00002636.v1.g647740.t1	54.9	2.7e-13	366							confirmed	confirmed	strong_only	False	True	True	True	True	True	complete	True	True	True	True	False	False	True
GMO.00001745.v1.g234870.t1	ADH	proteome_v1_exact	round1	full_length	GMO.00001745.v1.g234870.t1	53.2	8.8e-13	366							confirmed	confirmed	strong_only	False	True	True	True	True	True	complete	True	True	True	True	False	False	True
GMO.00002363.v1.g510460.t2	Alliinase	proteome_v1_exact	round1	full_length	GMO.00002363.v1.g510460.t2	508.2	3.3e-151	433							confirmed	confirmed	strong_only	False	True	True	True	True	True	complete	True	True	True	True	False	False	True
GMO.00001056.v1.g098240.t1	Alliinase	proteome_v1_exact	round1	full_length	GMO.00001056.v1.g098240.t1	503.7	7.8e-150	494							confirmed	confirmed	strong_only	False	True	True	True	True	True	complete	True	True	True	True	False	False	True
GMO.00001056.v1.g098250.t1	Alliinase	proteome_v1_exact	round1	full_length	GMO.00001056.v1.g098250.t1	501.4	4.0e-149	480							confirmed	confirmed	strong_only	False	True	True	True	True	True	complete	True	True	True	True	False	False	True
GMO.00002363.v1.g510450.t2	Alliinase	proteome_v1_exact	round1	full_length	GMO.00002363.v1.g510450.t2	500.3	8.4e-149	475							confirmed	confirmed	strong_only	False	True	True	True	True	True	complete	True	True	True	True	False	False	True
GMO.00002363.v1.g510470.t1	Alliinase	proteome_v1_exact	round1	full_length	GMO.00002363.v1.g510470.t1	485.4	2.9e-144	465							confirmed	confirmed	strong_only	False	True	True	True	True	True	complete	True	True	True	True	False	False	True
GMO.00000748.v1.g065690.t1	AOC	proteome_v1_exact	round2	full_length	GMO.00000748.v1.g065690.t1	321.6	3.5e-95	250							confirmed	confirmed	strong_plus_weaker	False	True	True	True	True	True	complete	True	True	True	True	False	False	True
GMO.00002452.v1.g534540.t1	AOC	proteome_v1_exact	round2	full_length	GMO.00002452.v1.g534540.t1	321.6	3.5e-95	250							confirmed	confirmed	strong_plus_weaker	False	True	True	True	True	True	complete	True	True	True	True	False	False	True
GMO.00000741.v1.g063280.t1	AOC	proteome_v1_exact	round2	full_length	GMO.00000741.v1.g063280.t1	317.0	8.7e-94	258							confirmed	confirmed	strong_plus_weaker	False	True	True	True	True	True	complete	True	True	True	True	False	False	True
GMO.00002272.v1.g401360.t1	AOC	proteome_v1_exact	round2	full_length	GMO.00002272.v1.g401360.t1	317.0	8.7e-94	258							confirmed	confirmed	strong_plus_weaker	False	True	True	True	True	True	complete	True	True	True	True	False	False	True
GMO.00000748.v1.g065700.t1	AOC	proteome_v1_exact	round2	full_length	GMO.00000748.v1.g065700.t1	310.8	7.2e-92	184							confirmed	confirmed	strong_only	False	True	True	True	True	True	complete	True	True	True	True	False	False	True
GMO.00002452.v1.g534530.t1	AOC	proteome_v1_exact	round2	full_length	GMO.00002452.v1.g534530.t1	310.8	7.2e-92	184							confirmed	confirmed	strong_only	False	True	True	True	True	True	complete	True	True	True	True	False	False	True
GMO.00002176.v1.g338720.t1	AOS_HPL	proteome_v1_exact	round2	full_length	GMO.00002176.v1.g338720.t1	794.3	1.5e-238	526							confirmed	confirmed	strong_only	False	True	True	True	True	True	complete	True	True	True	True	False	False	True
GMO.00002211.v1.g343080.t1	AOS_HPL	proteome_v1_exact	round2	full_length	GMO.00002211.v1.g343080.t1	794.3	1.5e-238	526							confirmed	confirmed	strong_only	False	True	True	True	True	True	complete	True	True	True	True	False	False	True
GMO.00002275.v1.g408390.t2	AOS_HPL	proteome_v1_exact	round2	full_length	GMO.00002275.v1.g408390.t2	672.4	9.7e-202	480							confirmed	confirmed	strong_only	False	True	True	True	True	True	complete	True	True	True	True	False	False	True
GMO.00002368.v1.g515840.t1	AOS_HPL	proteome_v1_exact	round2	full_length	GMO.00002368.v1.g515840.t1	567.1	1.0e-169	504							confirmed	confirmed	strong_only	False	True	True	True	True	True	complete	True	True	True	True	False	False	True
GMO.00001736.v1.g232740.t1	AOS_HPL	proteome_v1_exact	round2	full_length	GMO.00001736.v1.g232740.t1	565.9	2.5e-169	504							confirmed	confirmed	strong_only	False	True	True	True	True	True	complete	True	True	True	True	False	False	True
GMO.00002176.v1.g313970.t1	AOS_HPL	proteome_v1_exact	round2	full_length	GMO.00002176.v1.g313970.t1	559.6	2.0e-167	500							confirmed	confirmed	strong_only	False	True	True	True	True	True	complete	True	True	True	True	False	False	True
GMO.00002368.v1.g515760.t1	AOS_HPL	proteome_v1_exact	round2	full_length	GMO.00002368.v1.g515760.t1	551.9	4.2e-165	483							confirmed	confirmed	strong_only	False	True	True	True	True	True	complete	True	True	True	True	False	False	True
GMO.00001736.v1.g232730.t1	AOS_HPL	proteome_v1_exact	round2	full_length	GMO.00001736.v1.g232730.t1	551.5	5.7e-165	483							confirmed	confirmed	strong_only	False	True	True	True	True	True	complete	True	True	True	True	False	False	True
GMO.00001753.v1.g239020.t1	AOS_HPL	proteome_v1_exact	round2	full_length	GMO.00001753.v1.g239020.t1	551.5	5.8e-165	484							confirmed	confirmed	strong_only	False	True	True	True	True	True	complete	True	True	True	True	False	False	True
GMO.00002631.v1.g642910.t1	AOS_HPL	proteome_v1_exact	round2	full_length	GMO.00002631.v1.g642910.t1	548.6	4.2e-164	484							confirmed	confirmed	strong_only	False	True	True	True	True	True	complete	True	True	True	True	False	False	True
GMO.00000719.v1.g049070.t2	AOS_HPL	proteome_v1_exact	round2	full_length	GMO.00000719.v1.g049070.t2	439.0	5.2e-131	353							confirmed	confirmed	strong_only	False	True	True	True	True	True	complete	True	True	True	True	False	False	True
GMO.00001180.v1.g117620.t1	AOS_HPL	proteome_v1_exact	round2	full_length	GMO.00001180.v1.g117620.t1	398.7	1.0e-117	506							confirmed	confirmed	strong_only	False	True	True	True	True	True	complete	True	True	True	True	False	False	True
GMO.00002354.v1.g500220.t1	AOS_HPL	proteome_v1_exact	round2	full_length	GMO.00002354.v1.g500220.t1	398.7	1.0e-117	506							confirmed	confirmed	strong_only	False	True	True	True	True	True	complete	True	True	True	True	False	False	True
GMO.00002521.v1.g598140.t1	AOS_HPL	proteome_v1_exact	round2	full_length	GMO.00002521.v1.g598140.t1	375.0	1.6e-110	505							confirmed	confirmed	strong_only	False	True	True	True	True	True	complete	True	True	True	True	False	False	True
GMO.00001309.v1.g145030.t1	AOS_HPL	proteome_v1_exact	round2	full_length	GMO.00001309.v1.g145030.t1	374.4	2.3e-110	607							confirmed	confirmed	strong_only	False	True	True	True	True	True	complete	True	True	True	True	False	False	True
GMO.00001599.v1.g206990.t1	AOS_HPL	proteome_v1_exact	round2	full_length	GMO.00001599.v1.g206990.t1	374.4	2.3e-110	607							confirmed	confirmed	strong_only	False	True	True	True	True	True	complete	True	True	True	True	False	False	True
GMO.00001059.v1.g101010.t1	AOS_HPL	proteome_v1_exact	round2	full_length	GMO.00001059.v1.g101010.t1	374.2	2.7e-110	505							confirmed	confirmed	strong_only	False	True	True	True	True	True	complete	True	True	True	True	False	False	True
GMO.00001016.v1.g092530.t1	AOS_HPL	proteome_v1_exact	round2	full_length	GMO.00001016.v1.g092530.t1	373.1	6.0e-110	531							confirmed	confirmed	strong_only	False	True	True	True	True	True	complete	True	True	True	True	False	False	True
GMO.00000687.v1.g046570.t1	AOS_HPL	proteome_v1_exact	round2	full_length	GMO.00000687.v1.g046570.t1	372.7	8.1e-110	514							confirmed	confirmed	strong_only	False	True	True	True	True	True	complete	True	True	True	True	False	False	True
GMO.00002294.v1.g447570.t1	AOS_HPL	proteome_v1_exact	round2	full_length	GMO.00002294.v1.g447570.t1	372.7	8.1e-110	514							confirmed	confirmed	strong_only	False	True	True	True	True	True	complete	True	True	True	True	False	False	True
GMO.00002516.v1.g581330.t1	AOS_HPL	proteome_v1_exact	round2	full_length	GMO.00002516.v1.g581330.t1	372.6	8.4e-110	531							confirmed	confirmed	strong_only	False	True	True	True	True	True	complete	True	True	True	True	False	False	True
GMO.00002317.v1.g455750.t1	AOS_HPL	proteome_v1_exact	round2	full_length	GMO.00002317.v1.g455750.t1	370.7	3.1e-109	517							confirmed	confirmed	strong_only	False	True	True	True	True	True	complete	True	True	True	True	False	False	True
GMO.00000552.v1.g021570.t1	AOS_HPL	proteome_v1_exact	round2	full_length	GMO.00000552.v1.g021570.t1	368.3	1.7e-108	518							confirmed	confirmed	strong_only	False	True	True	True	True	True	complete	True	True	True	True	False	False	True
GMO.00002176.v1.g310450.t1	AOS_HPL	proteome_v1_exact	round2	full_length	GMO.00002176.v1.g310450.t1	365.9	8.9e-108	502							confirmed	confirmed	strong_only	False	True	True	True	True	True	complete	True	True	True	True	False	False	True
GMO.00002176.v1.g310430.t1	AOS_HPL	proteome_v1_exact	round2	full_length	GMO.00002176.v1.g310430.t1	364.8	2.0e-107	503							confirmed	confirmed	strong_only	False	True	True	True	True	True	complete	True	True	True	True	False	False	True
GMO.00002284.v1.g433830.t1	AOS_HPL	proteome_v1_exact	round2	full_length	GMO.00002284.v1.g433830.t1	364.7	2.1e-107	523							confirmed	confirmed	strong_only	False	True	True	True	True	True	complete	True	True	True	True	False	False	True
GMO.00000571.v1.g024880.t1	AOS_HPL	proteome_v1_exact	round2	full_length	GMO.00000571.v1.g024880.t1	364.3	2.7e-107	520							confirmed	confirmed	strong_only	False	True	True	True	True	True	complete	True	True	True	True	False	False	True
GMO.00002325.v1.g479040.t1	AOS_HPL	proteome_v1_exact	round2	full_length	GMO.00002325.v1.g479040.t1	363.5	4.9e-107	516							confirmed	confirmed	strong_only	False	True	True	True	True	True	complete	True	True	True	True	False	False	True
GMO.00002288.v1.g440220.t1	AOS_HPL	proteome_v1_exact	round2	full_length	GMO.00002288.v1.g440220.t1	363.1	6.5e-107	511							confirmed	confirmed	strong_only	False	True	True	True	True	True	complete	True	True	True	True	False	False	True
GMO.00000937.v1.g088370.t1	AOS_HPL	proteome_v1_exact	round2	full_length	GMO.00000937.v1.g088370.t1	362.2	1.2e-106	521							confirmed	confirmed	strong_only	False	True	True	True	True	True	complete	True	True	True	True	False	False	True
GMO.00002284.v1.g433880.t1	AOS_HPL	proteome_v1_exact	round2	full_length	GMO.00002284.v1.g433880.t1	362.2	1.2e-106	521							confirmed	confirmed	strong_only	False	True	True	True	True	True	complete	True	True	True	True	False	False	True
GMO.00002802.v1.g687960.t1	AOS_HPL	proteome_v1_exact	round2	full_length	GMO.00002802.v1.g687960.t1	362.1	1.3e-106	524							confirmed	confirmed	strong_only	False	True	True	True	True	True	complete	True	True	True	True	False	False	True
GMO.00002654.v1.g656020.t1	AOS_HPL	proteome_v1_exact	round2	full_length	GMO.00002654.v1.g656020.t1	361.7	1.7e-106	524							confirmed	confirmed	strong_only	False	True	True	True	True	True	complete	True	True	True	True	False	False	True
GMO.00001329.v1.g149450.t1	AOS_HPL	proteome_v1_exact	round2	full_length	GMO.00001329.v1.g149450.t1	358.5	1.6e-105	513							confirmed	confirmed	strong_only	False	True	True	True	True	True	complete	True	True	True	True	False	False	True
GMO.00000571.v1.g024870.t1	AOS_HPL	proteome_v1_exact	round2	full_length	GMO.00000571.v1.g024870.t1	358.3	1.8e-105	516							confirmed	confirmed	strong_only	False	True	True	True	True	True	complete	True	True	True	True	False	False	True
GMO.00002523.v1.g599610.t1	AOS_HPL	proteome_v1_exact	round2	full_length	GMO.00002523.v1.g599610.t1	357.2	3.8e-105	513							confirmed	confirmed	strong_only	False	True	True	True	True	True	complete	True	True	True	True	False	False	True
GMO.00002317.v1.g455070.t1	AOS_HPL	proteome_v1_exact	round2	full_length	GMO.00002317.v1.g455070.t1	356.9	4.8e-105	501							confirmed	confirmed	strong_only	False	True	True	True	True	True	complete	True	True	True	True	False	False	True
GMO.00001309.v1.g144990.t1	AOS_HPL	proteome_v1_exact	round2	full_length	GMO.00001309.v1.g144990.t1	355.5	1.3e-104	531							confirmed	confirmed	strong_only	False	True	True	True	True	True	complete	True	True	True	True	False	False	True
GMO.00000693.v1.g047300.t1	AOS_HPL	proteome_v1_exact	round2	full_length	GMO.00000693.v1.g047300.t1	354.8	2.2e-104	501							confirmed	confirmed	strong_only	False	True	True	True	True	True	complete	True	True	True	True	False	False	True
GMO.00001599.v1.g207010.t1	AOS_HPL	proteome_v1_exact	round2	full_length	GMO.00001599.v1.g207010.t1	354.8	2.0e-104	531							confirmed	confirmed	strong_only	False	True	True	True	True	True	complete	True	True	True	True	False	False	True
GMO.00001329.v1.g149470.t1	AOS_HPL	proteome_v1_exact	round2	full_length	GMO.00001329.v1.g149470.t1	354.1	3.4e-104	513							confirmed	confirmed	strong_only	False	True	True	True	True	True	complete	True	True	True	True	False	False	True
GMO.00002284.v1.g433870.t1	AOS_HPL	proteome_v1_exact	round2	full_length	GMO.00002284.v1.g433870.t1	353.9	3.9e-104	523							confirmed	confirmed	strong_only	False	True	True	True	True	True	complete	True	True	True	True	False	False	True
GMO.00002427.v1.g527130.t1	AOS_HPL	proteome_v1_exact	round2	full_length	GMO.00002427.v1.g527130.t1	353.2	6.3e-104	493							confirmed	confirmed	strong_only	False	True	True	True	True	True	complete	True	True	True	True	False	False	True
GMO.00000937.v1.g088360.t1	AOS_HPL	proteome_v1_exact	round2	full_length	GMO.00000937.v1.g088360.t1	352.9	8.1e-104	524							confirmed	confirmed	strong_only	False	True	True	True	True	True	complete	True	True	True	True	False	False	True
GMO.00002523.v1.g599630.t1	AOS_HPL	proteome_v1_exact	round2	full_length	GMO.00002523.v1.g599630.t1	352.2	1.3e-103	513							confirmed	confirmed	strong_only	False	True	True	True	True	True	complete	True	True	True	True	False	False	True
GMO.00001179.v1.g117230.t1	AOS_HPL	proteome_v1_exact	round2	full_length	GMO.00001179.v1.g117230.t1	352.0	1.5e-103	515							confirmed	confirmed	strong_only	False	True	True	True	True	True	complete	True	True	True	True	False	False	True
GMO.00002354.v1.g499720.t1	AOS_HPL	proteome_v1_exact	round2	full_length	GMO.00002354.v1.g499720.t1	352.0	1.5e-103	515							confirmed	confirmed	strong_only	False	True	True	True	True	True	complete	True	True	True	True	False	False	True
GMO.00002288.v1.g440350.t1	AOS_HPL	proteome_v1_exact	round2	full_length	GMO.00002288.v1.g440350.t1	351.3	2.5e-103	520							confirmed	confirmed	strong_only	False	True	True	True	True	True	complete	True	True	True	True	False	False	True
GMO.00001798.v1.g245360.t1	AOS_HPL	proteome_v1_exact	round2	full_length	GMO.00001798.v1.g245360.t1	351.2	2.6e-103	500							confirmed	confirmed	strong_only	False	True	True	True	True	True	complete	True	True	True	True	False	False	True
GMO.00002453.v1.g536150.t1	AOS_HPL	proteome_v1_exact	round2	full_length	GMO.00002453.v1.g536150.t1	350.1	5.5e-103	516							confirmed	confirmed	strong_only	False	True	True	True	True	True	complete	True	True	True	True	False	False	True
GMO.00001376.v1.g170210.t1	AOS_HPL	proteome_v1_exact	round2	full_length	GMO.00001376.v1.g170210.t1	348.2	2.2e-102	520							confirmed	confirmed	strong_only	False	True	True	True	True	True	complete	True	True	True	True	False	False	True
GMO.00001059.v1.g100980.t1	AOS_HPL	proteome_v1_exact	round2	full_length	GMO.00001059.v1.g100980.t1	347.9	2.6e-102	520							confirmed	confirmed	strong_only	False	True	True	True	True	True	complete	True	True	True	True	False	False	True
GMO.00001376.v1.g170190.t1	AOS_HPL	proteome_v1_exact	round2	full_length	GMO.00001376.v1.g170190.t1	347.6	3.3e-102	527							confirmed	confirmed	strong_only	False	True	True	True	True	True	complete	True	True	True	True	False	False	True
GMO.00001599.v1.g205770.t1	AOS_HPL	proteome_v1_exact	round2	full_length	GMO.00001599.v1.g205770.t1	346.9	5.3e-102	500							confirmed	confirmed	strong_only	False	True	True	True	True	True	complete	True	True	True	True	False	False	True
GMO.00002288.v1.g440310.t1	AOS_HPL	proteome_v1_exact	round2	full_length	GMO.00002288.v1.g440310.t1	346.9	5.2e-102	527							confirmed	confirmed	strong_only	False	True	True	True	True	True	complete	True	True	True	True	False	False	True
GMO.00002453.v1.g536160.t1	AOS_HPL	proteome_v1_exact	round2	full_length	GMO.00002453.v1.g536160.t1	346.9	5.2e-102	501							confirmed	confirmed	strong_only	False	True	True	True	True	True	complete	True	True	True	True	False	False	True
GMO.00000895.v1.g085780.t1	AOS_HPL	proteome_v1_exact	round2	full_length	GMO.00000895.v1.g085780.t1	346.4	7.5e-102	501							confirmed	confirmed	strong_only	False	True	True	True	True	True	complete	True	True	True	True	False	False	True
GMO.00002325.v1.g478160.t1	AOS_HPL	proteome_v1_exact	round2	full_length	GMO.00002325.v1.g478160.t1	344.6	2.6e-101	514							confirmed	confirmed	strong_only	False	True	True	True	True	True	complete	True	True	True	True	False	False	True
GMO.00002498.v1.g566900.t1	AOS_HPL	proteome_v1_exact	round2	full_length	GMO.00002498.v1.g566900.t1	343.2	7.0e-101	529							confirmed	confirmed	strong_only	False	True	True	True	True	True	complete	True	True	True	True	False	False	True
GMO.00002176.v1.g325930.t1	AOS_HPL	proteome_v1_exact	round2	full_length	GMO.00002176.v1.g325930.t1	342.6	1.1e-100	504							confirmed	confirmed	strong_only	False	True	True	True	True	True	complete	True	True	True	True	False	False	True
GMO.00001599.v1.g207020.t1	AOS_HPL	proteome_v1_exact	round2	full_length	GMO.00001599.v1.g207020.t1	342.1	1.5e-100	515							confirmed	confirmed	strong_only	False	True	True	True	True	True	complete	True	True	True	True	False	False	True
GMO.00002325.v1.g479740.t1	AOS_HPL	proteome_v1_exact	round2	full_length	GMO.00002325.v1.g479740.t1	342.1	1.5e-100	530							confirmed	confirmed	strong_only	False	True	True	True	True	True	complete	True	True	True	True	False	False	True
GMO.00002288.v1.g440230.t2	AOS_HPL	proteome_v1_exact	round2	full_length	GMO.00002288.v1.g440230.t2	342.0	1.6e-100	521							confirmed	confirmed	strong_only	False	True	True	True	True	True	complete	True	True	True	True	False	False	True
GMO.00002176.v1.g328170.t1	AOS_HPL	proteome_v1_exact	round2	full_length	GMO.00002176.v1.g328170.t1	341.6	2.1e-100	525							confirmed	confirmed	strong_only	False	True	True	True	True	True	complete	True	True	True	True	False	False	True
GMO.00001376.v1.g170100.t2	AOS_HPL	proteome_v1_exact	round2	full_length	GMO.00001376.v1.g170100.t2	341.5	2.3e-100	521							confirmed	confirmed	strong_only	False	True	True	True	True	True	complete	True	True	True	True	False	False	True
GMO.00000571.v1.g025730.t1	AOS_HPL	proteome_v1_exact	round2	full_length	GMO.00000571.v1.g025730.t1	341.3	2.6e-100	530							confirmed	confirmed	strong_only	False	True	True	True	True	True	complete	True	True	True	True	False	False	True
GMO.00002453.v1.g536140.t1	AOS_HPL	proteome_v1_exact	round2	full_length	GMO.00002453.v1.g536140.t1	341.3	2.6e-100	501							confirmed	confirmed	strong_only	False	True	True	True	True	True	complete	True	True	True	True	False	False	True
GMO.00000895.v1.g085800.t1	AOS_HPL	proteome_v1_exact	round2	full_length	GMO.00000895.v1.g085800.t1	340.7	4.1e-100	500							confirmed	confirmed	strong_only	False	True	True	True	True	True	complete	True	True	True	True	False	False	True
GMO.00001358.v1.g166420.t1	AOS_HPL	proteome_v1_exact	round2	full_length	GMO.00001358.v1.g166420.t1	340.3	5.4e-100	515							confirmed	confirmed	strong_only	False	True	True	True	True	True	complete	True	True	True	True	False	False	True
GMO.00002495.v1.g561710.t1	AOS_HPL	proteome_v1_exact	round2	full_length	GMO.00002495.v1.g561710.t1	340.3	5.4e-100	515							confirmed	confirmed	strong_only	False	True	True	True	True	True	complete	True	True	True	True	False	False	True
GMO.00002497.v1.g563230.t1	AOS_HPL	proteome_v1_exact	round2	full_length	GMO.00002497.v1.g563230.t1	340.1	6.0e-100	529							confirmed	confirmed	strong_only	False	True	True	True	True	True	complete	True	True	True	True	False	False	True
GMO.00002523.v1.g599950.t1	AOS_HPL	proteome_v1_exact	round2	full_length	GMO.00002523.v1.g599950.t1	340.1	5.9e-100	527							confirmed	confirmed	strong_only	False	True	True	True	True	True	complete	True	True	True	True	False	False	True
GMO.00001309.v1.g145060.t1	AOS_HPL	proteome_v1_exact	round2	full_length	GMO.00001309.v1.g145060.t1	339.5	9.5e-100	545							confirmed	confirmed	strong_only	False	True	True	True	True	True	complete	True	True	True	True	False	False	True
GMO.00001599.v1.g206960.t1	AOS_HPL	proteome_v1_exact	round2	full_length	GMO.00001599.v1.g206960.t1	339.5	9.5e-100	545							confirmed	confirmed	strong_only	False	True	True	True	True	True	complete	True	True	True	True	False	False	True
GMO.00001329.v1.g149830.t1	AOS_HPL	proteome_v1_exact	round2	full_length	GMO.00001329.v1.g149830.t1	338.7	1.6e-99	526							confirmed	confirmed	strong_only	False	True	True	True	True	True	complete	True	True	True	True	False	False	True
GMO.00001309.v1.g145110.t1	AOS_HPL	proteome_v1_exact	round2	full_length	GMO.00001309.v1.g145110.t1	337.4	4.1e-99	524							confirmed	confirmed	strong_only	False	True	True	True	True	True	complete	True	True	True	True	False	False	True
GMO.00001599.v1.g206900.t1	AOS_HPL	proteome_v1_exact	round2	full_length	GMO.00001599.v1.g206900.t1	337.4	4.1e-99	524							confirmed	confirmed	strong_only	False	True	True	True	True	True	complete	True	True	True	True	False	False	True
GMO.00001309.v1.g145020.t1	AOS_HPL	proteome_v1_exact	round2	full_length	GMO.00001309.v1.g145020.t1	337.2	4.5e-99	519							confirmed	confirmed	strong_only	False	True	True	True	True	True	complete	True	True	True	True	False	False	True
GMO.00001330.v1.g151740.t1	AOS_HPL	proteome_v1_exact	round2	full_length	GMO.00001330.v1.g151740.t1	336.4	8.0e-99	513							confirmed	confirmed	strong_only	False	True	True	True	True	True	complete	True	True	True	True	False	False	True
GMO.00002453.v1.g536130.t1	AOS_HPL	proteome_v1_exact	round2	full_length	GMO.00002453.v1.g536130.t1	336.3	8.6e-99	505							confirmed	confirmed	strong_only	False	True	True	True	True	True	complete	True	True	True	True	False	False	True
GMO.00000571.v1.g024850.t1	AOS_HPL	proteome_v1_exact	round2	full_length	GMO.00000571.v1.g024850.t1	336.1	9.7e-99	532							confirmed	confirmed	strong_only	False	True	True	True	True	True	complete	True	True	True	True	False	False	True
GMO.00002253.v1.g388170.t2	AOS_HPL	proteome_v1_exact	round2	full_length	GMO.00002253.v1.g388170.t2	335.3	1.7e-98	513							confirmed	confirmed	strong_only	False	True	True	True	True	True	complete	True	True	True	True	False	False	True
GMO.00001227.v1.g123240.t1	AOS_HPL	proteome_v1_exact	round2	full_length	GMO.00001227.v1.g123240.t1	334.6	2.8e-98	511							confirmed	confirmed	strong_only	False	True	True	True	True	True	complete	True	True	True	True	False	False	True
GMO.00002631.v1.g642250.t1	AOS_HPL	proteome_v1_exact	round2	full_length	GMO.00002631.v1.g642250.t1	334.4	3.2e-98	503							confirmed	confirmed	strong_only	False	True	True	True	True	True	complete	True	True	True	True	False	False	True
GMO.00002283.v1.g428060.t1	AOS_HPL	proteome_v1_exact	round2	full_length	GMO.00002283.v1.g428060.t1	333.9	4.7e-98	511							confirmed	confirmed	strong_only	False	True	True	True	True	True	complete	True	True	True	True	False	False	True
GMO.00002325.v1.g480560.t1	AOS_HPL	proteome_v1_exact	round2	full_length	GMO.00002325.v1.g480560.t1	333.7	5.3e-98	508							confirmed	confirmed	strong_only	False	True	True	True	True	True	complete	True	True	True	True	False	False	True
GMO.00000895.v1.g085810.t1	AOS_HPL	proteome_v1_exact	round2	full_length	GMO.00000895.v1.g085810.t1	333.5	6.0e-98	505							confirmed	confirmed	strong_only	False	True	True	True	True	True	complete	True	True	True	True	False	False	True
GMO.00001376.v1.g169980.t1	AOS_HPL	proteome_v1_exact	round2	full_length	GMO.00001376.v1.g169980.t1	333.3	7.2e-98	545							confirmed	confirmed	strong_only	False	True	True	True	True	True	complete	True	True	True	True	False	False	True
GMO.00001343.v1.g157540.t1	AOS_HPL	proteome_v1_exact	round2	full_length	GMO.00001343.v1.g157540.t1	333.1	8.2e-98	510							confirmed	confirmed	strong_only	False	True	True	True	True	True	complete	True	True	True	True	False	False	True
GMO.00002288.v1.g440250.t1	AOS_HPL	proteome_v1_exact	round2	full_length	GMO.00002288.v1.g440250.t1	332.9	9.0e-98	528							confirmed	confirmed	strong_only	False	True	True	True	True	True	complete	True	True	True	True	False	False	True
GMO.00001376.v1.g169970.t1	AOS_HPL	proteome_v1_exact	round2	full_length	GMO.00001376.v1.g169970.t1	332.5	1.2e-97	545							confirmed	confirmed	strong_only	False	True	True	True	True	True	complete	True	True	True	True	False	False	True
GMO.00001376.v1.g170120.t1	AOS_HPL	proteome_v1_exact	round2	full_length	GMO.00001376.v1.g170120.t1	332.5	1.2e-97	528							confirmed	confirmed	strong_only	False	True	True	True	True	True	complete	True	True	True	True	False	False	True
GMO.00001558.v1.g195700.t1	AOS_HPL	proteome_v1_exact	round2	full_length	GMO.00001558.v1.g195700.t1	332.4	1.3e-97	512							confirmed	confirmed	strong_only	False	True	True	True	True	True	complete	True	True	True	True	False	False	True
GMO.00002326.v1.g482730.t1	AOS_HPL	proteome_v1_exact	round2	full_length	GMO.00002326.v1.g482730.t1	332.4	1.3e-97	512							confirmed	confirmed	strong_only	False	True	True	True	True	True	complete	True	True	True	True	False	False	True
GMO.00001385.v1.g177690.t1	AOS_HPL	proteome_v1_exact	round2	full_length	GMO.00001385.v1.g177690.t1	332.1	1.6e-97	510							confirmed	confirmed	strong_only	False	True	True	True	True	True	complete	True	True	True	True	False	False	True
GMO.00000555.v1.g022830.t1	AOS_HPL	proteome_v1_exact	round2	full_length	GMO.00000555.v1.g022830.t1	331.7	2.2e-97	513							confirmed	confirmed	strong_only	False	True	True	True	True	True	complete	True	True	True	True	False	False	True
GMO.00000895.v1.g086230.t1	AOS_HPL	proteome_v1_exact	round2	full_length	GMO.00000895.v1.g086230.t1	331.4	2.6e-97	521							confirmed	confirmed	strong_only	False	True	True	True	True	True	complete	True	True	True	True	False	False	True
GMO.00002288.v1.g440120.t1	AOS_HPL	proteome_v1_exact	round2	full_length	GMO.00002288.v1.g440120.t1	331.4	2.7e-97	545							confirmed	confirmed	strong_only	False	True	True	True	True	True	complete	True	True	True	True	False	False	True
GMO.00000567.v1.g024750.t1	AOS_HPL	proteome_v1_exact	round2	full_length	GMO.00000567.v1.g024750.t1	331.1	3.3e-97	532							confirmed	confirmed	strong_only	False	True	True	True	True	True	complete	True	True	True	True	False	False	True
GMO.00002325.v1.g479000.t1	AOS_HPL	proteome_v1_exact	round2	full_length	GMO.00002325.v1.g479000.t1	331.1	3.3e-97	532							confirmed	confirmed	strong_only	False	True	True	True	True	True	complete	True	True	True	True	False	False	True
GMO.00002283.v1.g428050.t1	AOS_HPL	proteome_v1_exact	round2	full_length	GMO.00002283.v1.g428050.t1	330.7	4.4e-97	511							confirmed	confirmed	strong_only	False	True	True	True	True	True	complete	True	True	True	True	False	False	True
GMO.00000895.v1.g085770.t1	AOS_HPL	proteome_v1_exact	round2	full_length	GMO.00000895.v1.g085770.t1	330.4	5.2e-97	511							confirmed	confirmed	strong_only	False	True	True	True	True	True	complete	True	True	True	True	False	False	True
GMO.00000895.v1.g085760.t1	AOS_HPL	proteome_v1_exact	round2	full_length	GMO.00000895.v1.g085760.t1	330.3	5.7e-97	506							confirmed	confirmed	strong_only	False	True	True	True	True	True	complete	True	True	True	True	False	False	True
GMO.00001376.v1.g170010.t1	AOS_HPL	proteome_v1_exact	round2	full_length	GMO.00001376.v1.g170010.t1	330.1	6.4e-97	545							confirmed	confirmed	strong_only	False	True	True	True	True	True	complete	True	True	True	True	False	False	True
GMO.00000895.v1.g085730.t1	AOS_HPL	proteome_v1_exact	round2	full_length	GMO.00000895.v1.g085730.t1	330.0	7.1e-97	506							confirmed	confirmed	strong_only	False	True	True	True	True	True	complete	True	True	True	True	False	False	True
GMO.00002453.v1.g536180.t1	AOS_HPL	proteome_v1_exact	round2	full_length	GMO.00002453.v1.g536180.t1	329.1	1.3e-96	506							confirmed	confirmed	strong_only	False	True	True	True	True	True	complete	True	True	True	True	False	False	True
GMO.00001227.v1.g123760.t1	AOS_HPL	proteome_v1_exact	round2	full_length	GMO.00001227.v1.g123760.t1	328.6	1.9e-96	511							confirmed	confirmed	strong_only	False	True	True	True	True	True	complete	True	True	True	True	False	False	True
GMO.00000555.v1.g022790.t1	AOS_HPL	proteome_v1_exact	round2	full_length	GMO.00000555.v1.g022790.t1	328.3	2.3e-96	513							confirmed	confirmed	strong_only	False	True	True	True	True	True	complete	True	True	True	True	False	False	True
GMO.00002325.v1.g480490.t1	AOS_HPL	proteome_v1_exact	round2	full_length	GMO.00002325.v1.g480490.t1	328.2	2.4e-96	513							confirmed	confirmed	strong_only	False	True	True	True	True	True	complete	True	True	True	True	False	False	True
GMO.00002325.v1.g480530.t1	AOS_HPL	proteome_v1_exact	round2	full_length	GMO.00002325.v1.g480530.t1	328.2	2.4e-96	513							confirmed	confirmed	strong_only	False	True	True	True	True	True	complete	True	True	True	True	False	False	True
GMO.00000555.v1.g022740.t1	AOS_HPL	proteome_v1_exact	round2	full_length	GMO.00000555.v1.g022740.t1	327.8	3.3e-96	503							confirmed	confirmed	strong_only	False	True	True	True	True	True	complete	True	True	True	True	False	False	True
GMO.00002325.v1.g480550.t1	AOS_HPL	proteome_v1_exact	round2	full_length	GMO.00002325.v1.g480550.t1	327.7	3.6e-96	513							confirmed	confirmed	strong_only	False	True	True	True	True	True	complete	True	True	True	True	False	False	True
GMO.00000555.v1.g022770.t1	AOS_HPL	proteome_v1_exact	round2	full_length	GMO.00000555.v1.g022770.t1	327.4	4.2e-96	503							confirmed	confirmed	strong_only	False	True	True	True	True	True	complete	True	True	True	True	False	False	True
GMO.00002453.v1.g536190.t1	AOS_HPL	proteome_v1_exact	round2	full_length	GMO.00002453.v1.g536190.t1	326.5	8.2e-96	512							confirmed	confirmed	strong_only	False	True	True	True	True	True	complete	True	True	True	True	False	False	True
GMO.00000895.v1.g085750.t1	AOS_HPL	proteome_v1_exact	round2	full_length	GMO.00000895.v1.g085750.t1	326.0	1.2e-95	512							confirmed	confirmed	strong_only	False	True	True	True	True	True	complete	True	True	True	True	False	False	True
GMO.00002253.v1.g371350.t1	AOS_HPL	proteome_v1_exact	round2	full_length	GMO.00002253.v1.g371350.t1	325.6	1.5e-95	536							confirmed	confirmed	strong_only	False	True	True	True	True	True	complete	True	True	True	True	False	False	True
GMO.00002453.v1.g536210.t1	AOS_HPL	proteome_v1_exact	round2	full_length	GMO.00002453.v1.g536210.t1	325.4	1.7e-95	506							confirmed	confirmed	strong_only	False	True	True	True	True	True	complete	True	True	True	True	False	False	True
GMO.00000555.v1.g022800.t1	AOS_HPL	proteome_v1_exact	round2	full_length	GMO.00000555.v1.g022800.t1	325.3	1.9e-95	513							confirmed	confirmed	strong_only	False	True	True	True	True	True	complete	True	True	True	True	False	False	True
GMO.00002453.v1.g536170.t1	AOS_HPL	proteome_v1_exact	round2	full_length	GMO.00002453.v1.g536170.t1	324.4	3.5e-95	511							confirmed	confirmed	strong_only	False	True	True	True	True	True	complete	True	True	True	True	False	False	True
GMO.00000827.v1.g069840.t1	AOS_HPL	proteome_v1_exact	round2	full_length	GMO.00000827.v1.g069840.t1	323.8	5.4e-95	509							confirmed	confirmed	strong_only	False	True	True	True	True	True	complete	True	True	True	True	False	False	True
GMO.00002319.v1.g469790.t1	AOS_HPL	proteome_v1_exact	round2	full_length	GMO.00002319.v1.g469790.t1	323.8	5.4e-95	509							confirmed	confirmed	strong_only	False	True	True	True	True	True	complete	True	True	True	True	False	False	True
GMO.00002453.v1.g536220.t1	AOS_HPL	proteome_v1_exact	round2	full_length	GMO.00002453.v1.g536220.t1	323.1	8.6e-95	512							confirmed	confirmed	strong_only	False	True	True	True	True	True	complete	True	True	True	True	False	False	True
GMO.00000895.v1.g085720.t1	AOS_HPL	proteome_v1_exact	round2	full_length	GMO.00000895.v1.g085720.t1	322.6	1.2e-94	512							confirmed	confirmed	strong_only	False	True	True	True	True	True	complete	True	True	True	True	False	False	True
GMO.00002453.v1.g535730.t1	AOS_HPL	proteome_v1_exact	round2	full_length	GMO.00002453.v1.g535730.t1	322.5	1.4e-94	527							confirmed	confirmed	strong_only	False	True	True	True	True	True	complete	True	True	True	True	False	False	True
GMO.00000895.v1.g086220.t1	AOS_HPL	proteome_v1_exact	round2	full_length	GMO.00000895.v1.g086220.t1	321.8	2.2e-94	527							confirmed	confirmed	strong_only	False	True	True	True	True	True	complete	True	True	True	True	False	False	True
GMO.00002288.v1.g440320.t1	AOS_HPL	proteome_v1_exact	round2	full_length	GMO.00002288.v1.g440320.t1	321.0	3.7e-94	522							confirmed	confirmed	strong_only	False	True	True	True	True	True	complete	True	True	True	True	False	False	True
GMO.00001376.v1.g170200.t1	AOS_HPL	proteome_v1_exact	round2	full_length	GMO.00001376.v1.g170200.t1	319.8	8.7e-94	523							confirmed	confirmed	strong_only	False	True	True	True	True	True	complete	True	True	True	True	False	False	True
GMO.00002315.v1.g452130.t1	AOS_HPL	proteome_v1_exact	round2	full_length	GMO.00002315.v1.g452130.t1	315.0	2.4e-92	521							confirmed	confirmed	strong_only	False	True	True	True	True	True	complete	True	True	True	True	False	False	True
GMO.00002697.v1.g661790.t1	AOS_HPL	proteome_v1_exact	round2	full_length	GMO.00002697.v1.g661790.t1	315.0	2.4e-92	521							confirmed	confirmed	strong_only	False	True	True	True	True	True	complete	True	True	True	True	False	False	True
GMO.00001525.v1.g191900.t1	AOS_HPL	proteome_v1_exact	round2	full_length	GMO.00001525.v1.g191900.t1	314.9	2.7e-92	546							confirmed	confirmed	strong_only	False	True	True	True	True	True	complete	True	True	True	True	False	False	True
GMO.00001315.v1.g149120.t1	AOS_HPL	proteome_v1_exact	round2	full_length	GMO.00001315.v1.g149120.t1	314.1	4.8e-92	510							confirmed	confirmed	strong_only	False	True	True	True	True	True	complete	True	True	True	True	False	False	True
GMO.00002325.v1.g480450.t1	AOS_HPL	proteome_v1_exact	round2	full_length	GMO.00002325.v1.g480450.t1	314.1	4.8e-92	510							confirmed	confirmed	strong_only	False	True	True	True	True	True	complete	True	True	True	True	False	False	True
GMO.00000895.v1.g085710.t1	AOS_HPL	proteome_v1_exact	round2	full_length	GMO.00000895.v1.g085710.t1	313.2	8.7e-92	523							confirmed	confirmed	strong_only	False	True	True	True	True	True	complete	True	True	True	True	False	False	True
GMO.00000555.v1.g022820.t1	AOS_HPL	proteome_v1_exact	round2	full_length	GMO.00000555.v1.g022820.t1	312.9	1.1e-91	511							confirmed	confirmed	strong_only	False	True	True	True	True	True	complete	True	True	True	True	False	False	True
GMO.00002325.v1.g480500.t1	AOS_HPL	proteome_v1_exact	round2	full_length	GMO.00002325.v1.g480500.t1	312.7	1.2e-91	511							confirmed	confirmed	strong_only	False	True	True	True	True	True	complete	True	True	True	True	False	False	True
GMO.00002356.v1.g502710.t1	AOS_HPL	proteome_v1_exact	round2	full_length	GMO.00002356.v1.g502710.t1	312.7	1.2e-91	542							confirmed	confirmed	strong_only	False	True	True	True	True	True	complete	True	True	True	True	False	False	True
GMO.00002325.v1.g480570.t1	AOS_HPL	proteome_v1_exact	round2	full_length	GMO.00002325.v1.g480570.t1	311.9	2.2e-91	511							confirmed	confirmed	strong_only	False	True	True	True	True	True	complete	True	True	True	True	False	False	True
GMO.00002518.v1.g587870.t1	AOS_HPL	proteome_v1_exact	round2	full_length	GMO.00002518.v1.g587870.t1	311.7	2.6e-91	516							confirmed	confirmed	strong_only	False	True	True	True	True	True	complete	True	True	True	True	False	False	True
GMO.00002728.v1.g672360.t1	AOS_HPL	proteome_v1_exact	round2	full_length	GMO.00002728.v1.g672360.t1	311.1	3.8e-91	534							confirmed	confirmed	strong_only	False	True	True	True	True	True	complete	True	True	True	True	False	False	True
GMO.00001595.v1.g201920.t1	AOS_HPL	proteome_v1_exact	round2	full_length	GMO.00001595.v1.g201920.t1	310.3	6.7e-91	534							confirmed	confirmed	strong_only	False	True	True	True	True	True	complete	True	True	True	True	False	False	True
GMO.00002453.v1.g536240.t1	AOS_HPL	proteome_v1_exact	round2	full_length	GMO.00002453.v1.g536240.t1	308.5	2.3e-90	523							confirmed	confirmed	strong_only	False	True	True	True	True	True	complete	True	True	True	True	False	False	True
GMO.00002768.v1.g679550.t1	AOS_HPL	proteome_v1_exact	round2	full_length	GMO.00002768.v1.g679550.t1	308.5	2.4e-90	503							confirmed	confirmed	strong_only	False	True	True	True	True	True	complete	True	True	True	True	False	False	True
GMO.00001773.v1.g241060.t1	AOS_HPL	proteome_v1_exact	round2	full_length	GMO.00001773.v1.g241060.t1	306.6	8.5e-90	526							confirmed	confirmed	strong_only	False	True	True	True	True	True	complete	True	True	True	True	False	False	True
GMO.00000555.v1.g022860.t1	AOS_HPL	proteome_v1_exact	round2	full_length	GMO.00000555.v1.g022860.t1	305.0	2.6e-89	510							confirmed	confirmed	strong_only	False	True	True	True	True	True	complete	True	True	True	True	False	False	True
GMO.00002325.v1.g480460.t1	AOS_HPL	proteome_v1_exact	round2	full_length	GMO.00002325.v1.g480460.t1	305.0	2.6e-89	510							confirmed	confirmed	strong_only	False	True	True	True	True	True	complete	True	True	True	True	False	False	True
GMO.00002253.v1.g388160.t1	AOS_HPL	proteome_v1_exact	round2	full_length	GMO.00002253.v1.g388160.t1	304.2	4.6e-89	506							confirmed	confirmed	strong_only	False	True	True	True	True	True	complete	True	True	True	True	False	False	True
GMO.00002518.v1.g587860.t1	AOS_HPL	proteome_v1_exact	round2	full_length	GMO.00002518.v1.g587860.t1	303.9	5.8e-89	533							confirmed	confirmed	strong_only	False	True	True	True	True	True	complete	True	True	True	True	False	False	True
GMO.00001014.v1.g091340.t1	AOS_HPL	proteome_v1_exact	round2	full_length	GMO.00001014.v1.g091340.t1	303.7	6.8e-89	535							confirmed	confirmed	strong_only	False	True	True	True	True	True	complete	True	True	True	True	False	False	True
GMO.00001014.v1.g091350.t2	AOS_HPL	proteome_v1_exact	round2	full_length	GMO.00001014.v1.g091350.t2	303.3	8.8e-89	451							confirmed	confirmed	strong_only	False	True	True	True	True	True	complete	True	True	True	True	False	False	True
GMO.00001343.v1.g161760.t1	AOS_HPL	proteome_v1_exact	round2	full_length	GMO.00001343.v1.g161760.t1	297.2	6.1e-87	509							confirmed	confirmed	strong_only	False	True	True	True	True	True	complete	True	True	True	True	False	False	True
GMO.00002645.v1.g652180.t1	AOS_HPL	proteome_v1_exact	round2	full_length	GMO.00002645.v1.g652180.t1	296.6	9.7e-87	609							confirmed	confirmed	strong_only	False	True	True	True	True	True	complete	True	True	True	True	False	False	True
GMO.00001111.v1.g110750.t2	AOS_HPL	proteome_v1_exact	round2	full_length	GMO.00001111.v1.g110750.t2	296.1	1.3e-86	507							confirmed	confirmed	strong_only	False	True	True	True	True	True	complete	True	True	True	True	False	False	True
GMO.00002601.v1.g630240.t1	AOS_HPL	proteome_v1_exact	round2	full_length	GMO.00002601.v1.g630240.t1	295.9	1.6e-86	609							confirmed	confirmed	strong_only	False	True	True	True	True	True	complete	True	True	True	True	False	False	True
GMO.00001385.v1.g173490.t2	AOS_HPL	proteome_v1_exact	round2	full_length	GMO.00001385.v1.g173490.t2	294.1	5.6e-86	509							confirmed	confirmed	strong_only	False	True	True	True	True	True	complete	True	True	True	True	False	False	True
GMO.00000684.v1.g046560.t1	AOS_HPL	proteome_v1_exact	round2	full_length	GMO.00000684.v1.g046560.t1	292.6	1.5e-85	361							confirmed	confirmed	strong_only	False	True	True	True	True	True	complete	True	True	True	True	False	False	True
GMO.00002294.v1.g447480.t1	AOS_HPL	proteome_v1_exact	round2	full_length	GMO.00002294.v1.g447480.t1	292.6	1.5e-85	361							confirmed	confirmed	strong_only	False	True	True	True	True	True	complete	True	True	True	True	False	False	True
GMO.00002452.v1.g534740.t1	AOS_HPL	proteome_v1_exact	round2	full_length	GMO.00002452.v1.g534740.t1	292.4	1.8e-85	514							confirmed	confirmed	strong_only	False	True	True	True	True	True	complete	True	True	True	True	False	False	True
GMO.00000748.v1.g065510.t1	AOS_HPL	proteome_v1_exact	round2	full_length	GMO.00000748.v1.g065510.t1	290.0	9.4e-85	514							confirmed	confirmed	strong_only	False	True	True	True	True	True	complete	True	True	True	True	False	False	True
GMO.00002283.v1.g429740.t1	AOS_HPL	proteome_v1_exact	round2	full_length	GMO.00002283.v1.g429740.t1	289.8	1.1e-84	541							confirmed	confirmed	strong_only	False	True	True	True	True	True	complete	True	True	True	True	False	False	True
GMO.00002589.v1.g625320.t1	AOS_HPL	proteome_v1_exact	round2	full_length	GMO.00002589.v1.g625320.t1	289.8	1.1e-84	541							confirmed	confirmed	strong_only	False	True	True	True	True	True	complete	True	True	True	True	False	False	True
GMO.00000684.v1.g046500.t1	AOS_HPL	proteome_v1_exact	round2	full_length	GMO.00000684.v1.g046500.t1	288.6	2.5e-84	361							confirmed	confirmed	strong_only	False	True	True	True	True	True	complete	True	True	True	True	False	False	True
GMO.00002294.v1.g447430.t1	AOS_HPL	proteome_v1_exact	round2	full_length	GMO.00002294.v1.g447430.t1	288.6	2.5e-84	361							confirmed	confirmed	strong_only	False	True	True	True	True	True	complete	True	True	True	True	False	False	True
GMO.00002216.v1.g353960.t1	AOS_HPL	proteome_v1_exact	round2	full_length	GMO.00002216.v1.g353960.t1	287.1	7.1e-84	511							confirmed	confirmed	strong_only	False	True	True	True	True	True	complete	True	True	True	True	False	False	True
GMO.00002364.v1.g514290.t3	AOS_HPL	proteome_v1_exact	round2	full_length	GMO.00002364.v1.g514290.t3	286.1	1.4e-83	519							confirmed	confirmed	strong_only	False	True	True	True	True	True	complete	True	True	True	True	False	False	True
GMO.00002802.v1.g688190.t1	AOS_HPL	proteome_v1_exact	round2	full_length	GMO.00002802.v1.g688190.t1	286.1	1.4e-83	523							confirmed	confirmed	strong_only	False	True	True	True	True	True	complete	True	True	True	True	False	False	True
GMO.00002654.v1.g655770.t1	AOS_HPL	proteome_v1_exact	round2	full_length	GMO.00002654.v1.g655770.t1	284.5	4.3e-83	523							confirmed	confirmed	strong_only	False	True	True	True	True	True	complete	True	True	True	True	False	False	True
GMO.00000837.v1.g071980.t1	AOS_HPL	proteome_v1_exact	round2	full_length	GMO.00000837.v1.g071980.t1	284.2	5.7e-83	551							confirmed	confirmed	strong_only	False	True	True	True	True	True	complete	True	True	True	True	False	False	True
GMO.00002319.v1.g458010.t1	AOS_HPL	proteome_v1_exact	round2	full_length	GMO.00002319.v1.g458010.t1	284.2	5.7e-83	551							confirmed	confirmed	strong_only	False	True	True	True	True	True	complete	True	True	True	True	False	False	True
GMO.00001343.v1.g161770.t2	AOS_HPL	proteome_v1_exact	round2	full_length	GMO.00001343.v1.g161770.t2	283.4	9.7e-83	506							confirmed	confirmed	strong_only	False	True	True	True	True	True	complete	True	True	True	True	False	False	True
GMO.00001385.v1.g173480.t2	AOS_HPL	proteome_v1_exact	round2	full_length	GMO.00001385.v1.g173480.t2	283.3	1.0e-82	505							confirmed	confirmed	strong_only	False	True	True	True	True	True	complete	True	True	True	True	False	False	True
GMO.00000395.v1.g009900.t1	AOS_HPL	proteome_v1_exact	round2	full_length	GMO.00000395.v1.g009900.t1	283.0	1.2e-82	509							confirmed	confirmed	strong_only	False	True	True	True	True	True	complete	True	True	True	True	False	False	True
GMO.00002253.v1.g370380.t1	AOS_HPL	proteome_v1_exact	round2	full_length	GMO.00002253.v1.g370380.t1	283.0	1.2e-82	509							confirmed	confirmed	strong_only	False	True	True	True	True	True	complete	True	True	True	True	False	False	True
GMO.00002497.v1.g563220.t2	AOS_HPL	proteome_v1_exact	round2	full_length	GMO.00002497.v1.g563220.t2	282.6	1.6e-82	455							confirmed	confirmed	strong_only	False	True	True	True	True	True	complete	True	True	True	True	False	False	True
GMO.00002288.v1.g440240.t1	AOS_HPL	proteome_v1_exact	round2	full_length	GMO.00002288.v1.g440240.t1	282.5	1.7e-82	427							confirmed	confirmed	strong_only	False	True	True	True	True	True	complete	True	True	True	True	False	False	True
GMO.00002498.v1.g566910.t2	AOS_HPL	proteome_v1_exact	round2	full_length	GMO.00002498.v1.g566910.t2	281.9	2.8e-82	455							confirmed	confirmed	strong_only	False	True	True	True	True	True	complete	True	True	True	True	False	False	True
GMO.00001266.v1.g138010.t1	AOS_HPL	proteome_v1_exact	round2	full_length	GMO.00001266.v1.g138010.t1	280.1	9.4e-82	567							confirmed	confirmed	strong_only	False	True	True	True	True	True	complete	True	True	True	True	False	False	True
GMO.00002294.v1.g448420.t1	AOS_HPL	proteome_v1_exact	round2	full_length	GMO.00002294.v1.g448420.t1	280.1	9.5e-82	567							confirmed	confirmed	strong_only	False	True	True	True	True	True	complete	True	True	True	True	False	False	True
GMO.00001745.v1.g234860.t1	AOS_HPL	proteome_v1_exact	round2	full_length	GMO.00001745.v1.g234860.t1	279.8	1.1e-81	519							confirmed	confirmed	strong_only	False	True	True	True	True	True	complete	True	True	True	True	False	False	True
GMO.00001690.v1.g223060.t1	AOS_HPL	proteome_v1_exact	round2	full_length	GMO.00001690.v1.g223060.t1	279.5	1.5e-81	556							confirmed	confirmed	strong_only	False	True	True	True	True	True	complete	True	True	True	True	False	False	True
GMO.00002465.v1.g547360.t1	AOS_HPL	proteome_v1_exact	round2	full_length	GMO.00002465.v1.g547360.t1	279.5	1.5e-81	556							confirmed	confirmed	strong_only	False	True	True	True	True	True	complete	True	True	True	True	False	False	True
GMO.00000558.v1.g024250.t2	AOS_HPL	proteome_v1_exact	round2	full_length	GMO.00000558.v1.g024250.t2	277.9	4.5e-81	464							confirmed	confirmed	strong_only	False	True	True	True	True	True	complete	True	True	True	True	False	False	True
GMO.00002319.v1.g462560.t1	AOS_HPL	proteome_v1_exact	round2	full_length	GMO.00002319.v1.g462560.t1	276.7	1.0e-80	528							confirmed	confirmed	strong_only	False	True	True	True	True	True	complete	True	True	True	True	False	False	True
GMO.00000855.v1.g077950.t1	AOS_HPL	proteome_v1_exact	round2	full_length	GMO.00000855.v1.g077950.t1	276.4	1.2e-80	529							confirmed	confirmed	strong_only	False	True	True	True	True	True	complete	True	True	True	True	False	False	True
GMO.00002354.v1.g500740.t2	AOS_HPL	proteome_v1_exact	round2	full_length	GMO.00002354.v1.g500740.t2	275.8	2.0e-80	513							confirmed	confirmed	strong_only	False	True	True	True	True	True	complete	True	True	True	True	False	False	True
GMO.00002325.v1.g478320.t2	AOS_HPL	proteome_v1_exact	round2	full_length	GMO.00002325.v1.g478320.t2	275.6	2.1e-80	450							confirmed	confirmed	strong_only	False	True	True	True	True	True	complete	True	True	True	True	False	False	True
GMO.00000855.v1.g077940.t1	AOS_HPL	proteome_v1_exact	round2	full_length	GMO.00000855.v1.g077940.t1	275.2	3.0e-80	526							confirmed	confirmed	strong_only	False	True	True	True	True	True	complete	True	True	True	True	False	False	True
GMO.00002636.v1.g647730.t2	AOS_HPL	proteome_v1_exact	round2	full_length	GMO.00002636.v1.g647730.t2	274.9	3.5e-80	427							confirmed	confirmed	strong_only	False	True	True	True	True	True	complete	True	True	True	True	False	False	True
GMO.00001385.v1.g173500.t2	AOS_HPL	proteome_v1_exact	round2	full_length	GMO.00001385.v1.g173500.t2	274.7	4.3e-80	508							confirmed	confirmed	strong_only	False	True	True	True	True	True	complete	True	True	True	True	False	False	True
GMO.00001183.v1.g117980.t2	AOS_HPL	proteome_v1_exact	round2	full_length	GMO.00001183.v1.g117980.t2	274.4	5.1e-80	513							confirmed	confirmed	strong_only	False	True	True	True	True	True	complete	True	True	True	True	False	False	True
GMO.00001343.v1.g161740.t2	AOS_HPL	proteome_v1_exact	round2	full_length	GMO.00001343.v1.g161740.t2	273.8	7.7e-80	508							confirmed	confirmed	strong_only	False	True	True	True	True	True	complete	True	True	True	True	False	False	True
GMO.00002276.v1.g411740.t1	AOS_HPL	proteome_v1_exact	round2	full_length	GMO.00002276.v1.g411740.t1	273.7	8.4e-80	582							confirmed	confirmed	strong_only	False	True	True	True	True	True	complete	True	True	True	True	False	False	True
GMO.00002556.v1.g618810.t1	AOS_HPL	proteome_v1_exact	round2	full_length	GMO.00002556.v1.g618810.t1	272.9	1.5e-79	542							confirmed	confirmed	strong_only	False	True	True	True	True	True	complete	True	True	True	True	False	False	True
GMO.00002176.v1.g318380.t2	AOS_HPL	proteome_v1_exact	round2	full_length	GMO.00002176.v1.g318380.t2	270.8	6.2e-79	508							confirmed	confirmed	strong_only	False	True	True	True	True	True	complete	True	True	True	True	False	False	True
GMO.00002275.v1.g406490.t1	AOS_HPL	proteome_v1_exact	round2	full_length	GMO.00002275.v1.g406490.t1	270.7	6.9e-79	585							confirmed	confirmed	strong_only	False	True	True	True	True	True	complete	True	True	True	True	False	False	True
GMO.00002700.v1.g662400.t1	AOS_HPL	proteome_v1_exact	round2	full_length	GMO.00002700.v1.g662400.t1	270.5	8.1e-79	535							confirmed	confirmed	strong_only	False	True	True	True	True	True	complete	True	True	True	True	False	False	True
GMO.00002312.v1.g451540.t1	AOS_HPL	proteome_v1_exact	round2	full_length	GMO.00002312.v1.g451540.t1	270.2	9.7e-79	535							confirmed	confirmed	strong_only	False	True	True	True	True	True	complete	True	True	True	True	False	False	True
GMO.00000895.v1.g085790.t2	AOS_HPL	proteome_v1_exact	round2	full_length	GMO.00000895.v1.g085790.t2	269.3	1.9e-78	406							confirmed	confirmed	strong_only	False	True	True	True	True	True	complete	True	True	True	True	False	False	True
GMO.00001247.v1.g133700.t1	AOS_HPL	proteome_v1_exact	round2	full_length	GMO.00001247.v1.g133700.t1	268.8	2.6e-78	516							confirmed	confirmed	strong_only	False	True	True	True	True	True	complete	True	True	True	True	False	False	True
GMO.00002468.v1.g549140.t1	AOS_HPL	proteome_v1_exact	round2	full_length	GMO.00002468.v1.g549140.t1	268.8	2.6e-78	516							confirmed	confirmed	strong_only	False	True	True	True	True	True	complete	True	True	True	True	False	False	True
GMO.00000855.v1.g077930.t1	AOS_HPL	proteome_v1_exact	round2	full_length	GMO.00000855.v1.g077930.t1	268.7	2.7e-78	526							confirmed	confirmed	strong_only	False	True	True	True	True	True	complete	True	True	True	True	False	False	True
GMO.00001695.v1.g225560.t2	AOS_HPL	proteome_v1_exact	round2	full_length	GMO.00001695.v1.g225560.t2	268.6	3.0e-78	518							confirmed	confirmed	strong_only	False	True	True	True	True	True	complete	True	True	True	True	False	False	True
GMO.00002319.v1.g462530.t1	AOS_HPL	proteome_v1_exact	round2	full_length	GMO.00002319.v1.g462530.t1	268.3	3.7e-78	526							confirmed	confirmed	strong_only	False	True	True	True	True	True	complete	True	True	True	True	False	False	True
GMO.00001111.v1.g114800.t1	AOS_HPL	proteome_v1_exact	round2	full_length	GMO.00001111.v1.g114800.t1	268.0	4.6e-78	521							confirmed	confirmed	strong_only	False	True	True	True	True	True	complete	True	True	True	True	False	False	True
GMO.00001695.v1.g225550.t1	AOS_HPL	proteome_v1_exact	round2	full_length	GMO.00001695.v1.g225550.t1	267.4	6.7e-78	519							confirmed	confirmed	strong_only	False	True	True	True	True	True	complete	True	True	True	True	False	False	True
GMO.00000095.v1.g000830.t1	AOS_HPL	proteome_v1_exact	round2	full_length	GMO.00000095.v1.g000830.t1	267.2	7.7e-78	476							confirmed	confirmed	strong_only	False	True	True	True	True	True	complete	True	True	True	True	False	False	True
GMO.00002176.v1.g318430.t1	AOS_HPL	proteome_v1_exact	round2	full_length	GMO.00002176.v1.g318430.t1	267.2	7.7e-78	476							confirmed	confirmed	strong_only	False	True	True	True	True	True	complete	True	True	True	True	False	False	True
GMO.00002500.v1.g573140.t1	AOS_HPL	proteome_v1_exact	round2	full_length	GMO.00002500.v1.g573140.t1	266.8	1.0e-77	544							confirmed	confirmed	strong_only	False	True	True	True	True	True	complete	True	True	True	True	False	False	True
GMO.00002556.v1.g618500.t2	AOS_HPL	proteome_v1_exact	round2	full_length	GMO.00002556.v1.g618500.t2	266.4	1.4e-77	520							confirmed	confirmed	strong_only	False	True	True	True	True	True	complete	True	True	True	True	False	False	True
GMO.00001808.v1.g249080.t2	AOS_HPL	proteome_v1_exact	round2	full_length	GMO.00001808.v1.g249080.t2	265.6	2.4e-77	504							confirmed	confirmed	strong_only	False	True	True	True	True	True	complete	True	True	True	True	False	False	True
GMO.00001599.v1.g207000.t2	AOS_HPL	proteome_v1_exact	round2	full_length	GMO.00001599.v1.g207000.t2	265.5	2.6e-77	374							confirmed	confirmed	strong_only	False	True	True	True	True	True	complete	True	True	True	True	False	False	True
GMO.00002312.v1.g451550.t1	AOS_HPL	proteome_v1_exact	round2	full_length	GMO.00002312.v1.g451550.t1	265.4	2.7e-77	535							confirmed	confirmed	strong_only	False	True	True	True	True	True	complete	True	True	True	True	False	False	True
GMO.00002700.v1.g662350.t1	AOS_HPL	proteome_v1_exact	round2	full_length	GMO.00002700.v1.g662350.t1	265.4	2.7e-77	535							confirmed	confirmed	strong_only	False	True	True	True	True	True	complete	True	True	True	True	False	False	True
GMO.00001309.v1.g145170.t1	AOS_HPL	proteome_v1_exact	round2	full_length	GMO.00001309.v1.g145170.t1	261.6	4.0e-76	319							confirmed	confirmed	strong_only	False	True	True	True	True	True	complete	True	True	True	True	False	False	True
GMO.00002523.v1.g604530.t1	AOS_HPL	proteome_v1_exact	round2	full_length	GMO.00002523.v1.g604530.t1	261.3	4.9e-76	464							confirmed	confirmed	strong_only	False	True	True	True	True	True	complete	True	True	True	True	False	False	True
GMO.00002805.v1.g688290.t1	AOS_HPL	proteome_v1_exact	round2	full_length	GMO.00002805.v1.g688290.t1	261.3	4.9e-76	464							confirmed	confirmed	strong_only	False	True	True	True	True	True	complete	True	True	True	True	False	False	True
GMO.00000847.v1.g076180.t1	AOS_HPL	proteome_v1_exact	round2	full_length	GMO.00000847.v1.g076180.t1	260.6	7.6e-76	510							confirmed	confirmed	strong_only	False	True	True	True	True	True	complete	True	True	True	True	False	False	True
GMO.00002319.v1.g459170.t1	AOS_HPL	proteome_v1_exact	round2	full_length	GMO.00002319.v1.g459170.t1	259.8	1.4e-75	510							confirmed	confirmed	strong_only	False	True	True	True	True	True	complete	True	True	True	True	False	False	True
GMO.00002319.v1.g459180.t1	AOS_HPL	proteome_v1_exact	round2	full_length	GMO.00002319.v1.g459180.t1	258.5	3.4e-75	510							confirmed	confirmed	strong_only	False	True	True	True	True	True	complete	True	True	True	True	False	False	True
GMO.00002556.v1.g618490.t2	AOS_HPL	proteome_v1_exact	round2	full_length	GMO.00002556.v1.g618490.t2	257.1	9.4e-75	518							confirmed	confirmed	strong_only	False	True	True	True	True	True	complete	True	True	True	True	False	False	True
GMO.00001343.v1.g163340.t2	AOS_HPL	proteome_v1_exact	round2	full_length	GMO.00001343.v1.g163340.t2	255.5	2.9e-74	495							confirmed	confirmed	strong_only	False	True	True	True	True	True	complete	True	True	True	True	False	False	True
GMO.00001385.v1.g171860.t2	AOS_HPL	proteome_v1_exact	round2	full_length	GMO.00001385.v1.g171860.t2	255.5	2.9e-74	495							confirmed	confirmed	strong_only	False	True	True	True	True	True	complete	True	True	True	True	False	False	True
GMO.00002363.v1.g506270.t1	AOS_HPL	proteome_v1_exact	round2	full_length	GMO.00002363.v1.g506270.t1	255.4	2.9e-74	526							confirmed	confirmed	strong_only	False	True	True	True	True	True	complete	True	True	True	True	False	False	True
GMO.00000847.v1.g076170.t1	AOS_HPL	proteome_v1_exact	round2	full_length	GMO.00000847.v1.g076170.t1	253.9	8.3e-74	510							confirmed	confirmed	strong_only	False	True	True	True	True	True	complete	True	True	True	True	False	False	True
GMO.00001278.v1.g140690.t1	AOS_HPL	proteome_v1_exact	round2	full_length	GMO.00001278.v1.g140690.t1	253.7	9.5e-74	541							confirmed	confirmed	strong_only	False	True	True	True	True	True	complete	True	True	True	True	False	False	True
GMO.00002494.v1.g559460.t1	AOS_HPL	proteome_v1_exact	round2	full_length	GMO.00002494.v1.g559460.t1	253.7	9.5e-74	541							confirmed	confirmed	strong_only	False	True	True	True	True	True	complete	True	True	True	True	False	False	True
GMO.00000693.v1.g047280.t1	AOS_HPL	proteome_v1_exact	round2	full_length	GMO.00000693.v1.g047280.t1	252.8	1.8e-73	477							confirmed	confirmed	strong_only	False	True	True	True	True	True	complete	True	True	True	True	False	False	True
GMO.00002317.v1.g455050.t1	AOS_HPL	proteome_v1_exact	round2	full_length	GMO.00002317.v1.g455050.t1	252.2	2.8e-73	477							confirmed	confirmed	strong_only	False	True	True	True	True	True	complete	True	True	True	True	False	False	True
GMO.00001330.v1.g153530.t1	AOS_HPL	proteome_v1_exact	round2	full_length	GMO.00001330.v1.g153530.t1	252.1	3.1e-73	439							confirmed	confirmed	strong_only	False	True	True	True	True	True	complete	True	True	True	True	False	False	True
GMO.00002453.v1.g537630.t2	AOS_HPL	proteome_v1_exact	round2	full_length	GMO.00002453.v1.g537630.t2	251.8	3.8e-73	444							confirmed	confirmed	strong_only	False	True	True	True	True	True	complete	True	True	True	True	False	False	True
GMO.00000574.v1.g029490.t2	AOS_HPL	proteome_v1_exact	round2	full_length	GMO.00000574.v1.g029490.t2	250.3	1.0e-72	433							confirmed	confirmed	strong_only	False	True	True	True	True	True	complete	True	True	True	True	False	False	True
GMO.00002325.v1.g480350.t1	AOS_HPL	proteome_v1_exact	round2	full_length	GMO.00002325.v1.g480350.t1	249.7	1.6e-72	525							confirmed	confirmed	strong_only	False	True	True	True	True	True	complete	True	True	True	True	False	False	True
GMO.00002319.v1.g473260.t4	AOS_HPL	proteome_v1_exact	round2	full_length	GMO.00002319.v1.g473260.t4	249.5	1.8e-72	548							confirmed	confirmed	strong_only	False	True	True	True	True	True	complete	True	True	True	True	False	False	True
GMO.00000895.v1.g084320.t2	AOS_HPL	proteome_v1_exact	round2	full_length	GMO.00000895.v1.g084320.t2	248.9	2.8e-72	444							confirmed	confirmed	strong_only	False	True	True	True	True	True	complete	True	True	True	True	False	False	True
GMO.00002253.v1.g369750.t1	AOS_HPL	proteome_v1_exact	round2	full_length	GMO.00002253.v1.g369750.t1	248.7	3.1e-72	505							confirmed	confirmed	strong_only	False	True	True	True	True	True	complete	True	True	True	True	False	False	True
GMO.00001343.v1.g163350.t2	AOS_HPL	proteome_v1_exact	round2	full_length	GMO.00001343.v1.g163350.t2	248.6	3.5e-72	457							confirmed	confirmed	strong_only	False	True	True	True	True	True	complete	True	True	True	True	False	False	True
GMO.00000847.v1.g076200.t1	AOS_HPL	proteome_v1_exact	round2	full_length	GMO.00000847.v1.g076200.t1	248.2	4.5e-72	501							confirmed	confirmed	strong_only	False	True	True	True	True	True	complete	True	True	True	True	False	False	True
GMO.00002319.v1.g459150.t1	AOS_HPL	proteome_v1_exact	round2	full_length	GMO.00002319.v1.g459150.t1	248.2	4.5e-72	501							confirmed	confirmed	strong_only	False	True	True	True	True	True	complete	True	True	True	True	False	False	True
GMO.00000872.v1.g080170.t2	AOS_HPL	proteome_v1_exact	round2	full_length	GMO.00000872.v1.g080170.t2	247.2	8.8e-72	545							confirmed	confirmed	strong_only	False	True	True	True	True	True	complete	True	True	True	True	False	False	True
GMO.00002319.v1.g459160.t1	AOS_HPL	proteome_v1_exact	round2	full_length	GMO.00002319.v1.g459160.t1	245.3	3.6e-71	503							confirmed	confirmed	strong_only	False	True	True	True	True	True	complete	True	True	True	True	False	False	True
GMO.00001056.v1.g099770.t1	AOS_HPL	proteome_v1_exact	round2	full_length	GMO.00001056.v1.g099770.t1	244.6	5.6e-71	483							confirmed	confirmed	strong_only	False	True	True	True	True	True	complete	True	True	True	True	False	False	True
GMO.00002363.v1.g508920.t1	AOS_HPL	proteome_v1_exact	round2	full_length	GMO.00002363.v1.g508920.t1	243.4	1.3e-70	483							confirmed	confirmed	strong_only	False	True	True	True	True	True	complete	True	True	True	True	False	False	True
GMO.00000847.v1.g076190.t1	AOS_HPL	proteome_v1_exact	round2	full_length	GMO.00000847.v1.g076190.t1	243.3	1.4e-70	503							confirmed	confirmed	strong_only	False	True	True	True	True	True	complete	True	True	True	True	False	False	True
GMO.00001343.v1.g160020.t2	AOS_HPL	proteome_v1_exact	round2	full_length	GMO.00001343.v1.g160020.t2	241.7	4.2e-70	512							confirmed	confirmed	strong_only	False	True	True	True	True	True	complete	True	True	True	True	False	False	True
GMO.00001385.v1.g175310.t2	AOS_HPL	proteome_v1_exact	round2	full_length	GMO.00001385.v1.g175310.t2	241.7	4.2e-70	512							confirmed	confirmed	strong_only	False	True	True	True	True	True	complete	True	True	True	True	False	False	True
GMO.00002770.v1.g681890.t2	AOS_HPL	proteome_v1_exact	round2	full_length	GMO.00002770.v1.g681890.t2	241.1	6.5e-70	332							confirmed	confirmed	strong_only	False	True	True	True	True	True	complete	True	True	True	True	False	False	True
GMO.00002612.v1.g635740.t1	AOS_HPL	proteome_v1_exact	round2	full_length	GMO.00002612.v1.g635740.t1	236.9	1.2e-68	517							confirmed	confirmed	strong_only	False	True	True	True	True	True	complete	True	True	True	True	False	False	True
GMO.00000602.v1.g037050.t2	AOS_HPL	proteome_v1_exact	round2	full_length	GMO.00000602.v1.g037050.t2	236.3	1.9e-68	475							confirmed	confirmed	strong_only	False	True	True	True	True	True	complete	True	True	True	True	False	False	True
GMO.00002354.v1.g495850.t2	AOS_HPL	proteome_v1_exact	round2	full_length	GMO.00002354.v1.g495850.t2	236.3	1.9e-68	475							confirmed	confirmed	strong_only	False	True	True	True	True	True	complete	True	True	True	True	False	False	True
GMO.00002601.v1.g631280.t1	AOS_HPL	proteome_v1_exact	round2	full_length	GMO.00002601.v1.g631280.t1	234.7	5.5e-68	518							confirmed	confirmed	strong_only	False	True	True	True	True	True	complete	True	True	True	True	False	False	True
GMO.00001595.v1.g202620.t2	AOS_HPL	proteome_v1_exact	round2	full_length	GMO.00001595.v1.g202620.t2	234.1	8.7e-68	353							confirmed	confirmed	strong_only	False	True	True	True	True	True	complete	True	True	True	True	False	False	True
GMO.00002284.v1.g432820.t2	AOS_HPL	proteome_v1_exact	round2	full_length	GMO.00002284.v1.g432820.t2	232.7	2.3e-67	428							confirmed	confirmed	strong_only	False	True	True	True	True	True	complete	True	True	True	True	False	False	True
GMO.00002486.v1.g552560.t2	AOS_HPL	proteome_v1_exact	round2	full_length	GMO.00002486.v1.g552560.t2	232.6	2.5e-67	428							confirmed	confirmed	strong_only	False	True	True	True	True	True	complete	True	True	True	True	False	False	True
GMO.00002253.v1.g390980.t1	AOS_HPL	proteome_v1_exact	round2	full_length	GMO.00002253.v1.g390980.t1	232.0	3.8e-67	491							confirmed	confirmed	strong_only	False	True	True	True	True	True	complete	True	True	True	True	False	False	True
GMO.00000616.v1.g037230.t1	AOS_HPL	proteome_v1_exact	round2	full_length	GMO.00000616.v1.g037230.t1	229.9	1.6e-66	521							confirmed	confirmed	strong_only	False	True	True	True	True	True	complete	True	True	True	True	False	False	True
GMO.00002354.v1.g497510.t1	AOS_HPL	proteome_v1_exact	round2	full_length	GMO.00002354.v1.g497510.t1	229.9	1.6e-66	521							confirmed	confirmed	strong_only	False	True	True	True	True	True	complete	True	True	True	True	False	False	True
GMO.00001343.v1.g157710.t1	AOS_HPL	proteome_v1_exact	round2	full_length	GMO.00001343.v1.g157710.t1	228.9	3.1e-66	530							confirmed	confirmed	strong_only	False	True	True	True	True	True	complete	True	True	True	True	False	False	True
GMO.00001385.v1.g177530.t1	AOS_HPL	proteome_v1_exact	round2	full_length	GMO.00001385.v1.g177530.t1	228.9	3.1e-66	530							confirmed	confirmed	strong_only	False	True	True	True	True	True	complete	True	True	True	True	False	False	True
GMO.00000855.v1.g077960.t1	AOS_HPL	proteome_v1_exact	round2	full_length	GMO.00000855.v1.g077960.t1	228.3	5.1e-66	358							confirmed	confirmed	strong_only	False	True	True	True	True	True	complete	True	True	True	True	False	False	True
GMO.00002319.v1.g462570.t1	AOS_HPL	proteome_v1_exact	round2	full_length	GMO.00002319.v1.g462570.t1	224.6	6.6e-65	358							confirmed	confirmed	strong_only	False	True	True	True	True	True	complete	True	True	True	True	False	False	True
GMO.00002276.v1.g412500.t1	AOS_HPL	proteome_v1_exact	round2	full_length	GMO.00002276.v1.g412500.t1	222.1	3.8e-64	477							confirmed	confirmed	strong_only	False	True	True	True	True	True	complete	True	True	True	True	False	False	True
GMO.00002254.v1.g391910.t4	AOS_HPL	proteome_v1_exact	round2	full_length	GMO.00002254.v1.g391910.t4	221.4	6.1e-64	389							confirmed	confirmed	strong_only	False	True	True	True	True	True	complete	True	True	True	True	False	False	True
GMO.00002275.v1.g405750.t1	AOS_HPL	proteome_v1_exact	round2	full_length	GMO.00002275.v1.g405750.t1	221.4	6.1e-64	477							confirmed	confirmed	strong_only	False	True	True	True	True	True	complete	True	True	True	True	False	False	True
GMO.00000840.v1.g073960.t1	AOS_HPL	proteome_v1_exact	round2	full_length	GMO.00000840.v1.g073960.t1	221.3	6.4e-64	563							confirmed	confirmed	strong_only	False	True	True	True	True	True	complete	True	True	True	True	False	False	True
GMO.00002319.v1.g460840.t1	AOS_HPL	proteome_v1_exact	round2	full_length	GMO.00002319.v1.g460840.t1	221.3	6.4e-64	563							confirmed	confirmed	strong_only	False	True	True	True	True	True	complete	True	True	True	True	False	False	True
GMO.00002176.v1.g311220.t1	AOS_HPL	proteome_v1_exact	round2	full_length	GMO.00002176.v1.g311220.t1	220.9	8.9e-64	530							confirmed	confirmed	strong_only	False	True	True	True	True	True	complete	True	True	True	True	False	False	True
GMO.00002176.v1.g314120.t1	AOS_HPL	proteome_v1_exact	round2	full_length	GMO.00002176.v1.g314120.t1	220.2	1.4e-63	512							confirmed	confirmed	strong_only	False	True	True	True	True	True	complete	True	True	True	True	False	False	True
GMO.00002319.v1.g462550.t1	AOS_HPL	proteome_v1_exact	round2	full_length	GMO.00002319.v1.g462550.t1	220.0	1.6e-63	317							confirmed	confirmed	strong_only	False	True	True	True	True	True	complete	True	True	True	True	False	False	True
GMO.00002522.v1.g598960.t1	AOS_HPL	proteome_v1_exact	round2	full_length	GMO.00002522.v1.g598960.t1	218.7	4.1e-63	529							confirmed	confirmed	strong_only	False	True	True	True	True	True	complete	True	True	True	True	False	False	True
GMO.00001697.v1.g226020.t1	AOS_HPL	proteome_v1_exact	round2	full_length	GMO.00001697.v1.g226020.t1	218.2	5.6e-63	529							confirmed	confirmed	strong_only	False	True	True	True	True	True	complete	True	True	True	True	False	False	True
GMO.00002553.v1.g615210.t2	AOS_HPL	proteome_v1_exact	round2	full_length	GMO.00002553.v1.g615210.t2	217.8	7.3e-63	466							confirmed	confirmed	strong_only	False	True	True	True	True	True	complete	True	True	True	True	False	False	True
GMO.00001655.v1.g216700.t1	AOS_HPL	proteome_v1_exact	round2	full_length	GMO.00001655.v1.g216700.t1	217.5	9.4e-63	479							confirmed	confirmed	strong_only	False	True	True	True	True	True	complete	True	True	True	True	False	False	True
GMO.00002767.v1.g679420.t1	AOS_HPL	proteome_v1_exact	round2	full_length	GMO.00002767.v1.g679420.t1	217.5	9.4e-63	479							confirmed	confirmed	strong_only	False	True	True	True	True	True	complete	True	True	True	True	False	False	True
GMO.00000720.v1.g052970.t1	AOS_HPL	proteome_v1_exact	round2	full_length	GMO.00000720.v1.g052970.t1	215.0	5.2e-62	554							confirmed	confirmed	strong_only	False	True	True	True	True	True	complete	True	True	True	True	False	False	True
GMO.00002288.v1.g438700.t1	AOS_HPL	proteome_v1_exact	round2	full_length	GMO.00002288.v1.g438700.t1	214.0	1.1e-61	511							confirmed	confirmed	strong_only	False	True	True	True	True	True	complete	True	True	True	True	False	False	True
GMO.00001085.v1.g104380.t1	AOS_HPL	proteome_v1_exact	round2	full_length	GMO.00001085.v1.g104380.t1	213.0	2.2e-61	555							confirmed	confirmed	strong_only	False	True	True	True	True	True	complete	True	True	True	True	False	False	True
GMO.00001385.v1.g175330.t1	AOS_HPL	proteome_v1_exact	round2	full_length	GMO.00001385.v1.g175330.t1	211.1	8.4e-61	482							confirmed	confirmed	strong_only	False	True	True	True	True	True	complete	True	True	True	True	False	False	True
GMO.00001343.v1.g159310.t1	AOS_HPL	proteome_v1_exact	round2	full_length	GMO.00001343.v1.g159310.t1	209.7	2.1e-60	507							confirmed	confirmed	strong_only	False	True	True	True	True	True	complete	True	True	True	True	False	False	True
GMO.00000940.v1.g089160.t1	AOS_HPL	proteome_v1_exact	round2	full_length	GMO.00000940.v1.g089160.t1	209.4	2.8e-60	487							confirmed	confirmed	strong_only	False	True	True	True	True	True	complete	True	True	True	True	False	False	True
GMO.00002325.v1.g476450.t1	AOS_HPL	proteome_v1_exact	round2	full_length	GMO.00002325.v1.g476450.t1	209.4	2.8e-60	487							confirmed	confirmed	strong_only	False	True	True	True	True	True	complete	True	True	True	True	False	False	True
GMO.00000883.v1.g082090.t1	AOS_HPL	proteome_v1_exact	round2	full_length	GMO.00000883.v1.g082090.t1	209.2	3.0e-60	485							confirmed	confirmed	strong_only	False	True	True	True	True	True	complete	True	True	True	True	False	False	True
GMO.00002319.v1.g461900.t1	AOS_HPL	proteome_v1_exact	round2	full_length	GMO.00002319.v1.g461900.t1	209.2	3.0e-60	485							confirmed	confirmed	strong_only	False	True	True	True	True	True	complete	True	True	True	True	False	False	True
GMO.00002621.v1.g640040.t1	AOS_HPL	proteome_v1_exact	round2	full_length	GMO.00002621.v1.g640040.t1	208.5	5.1e-60	472							confirmed	confirmed	strong_only	False	True	True	True	True	True	complete	True	True	True	True	False	False	True
GMO.00001343.v1.g160000.t1	AOS_HPL	proteome_v1_exact	round2	full_length	GMO.00001343.v1.g160000.t1	207.8	7.9e-60	482							confirmed	confirmed	strong_only	False	True	True	True	True	True	complete	True	True	True	True	False	False	True
GMO.00001385.v1.g176010.t1	AOS_HPL	proteome_v1_exact	round2	full_length	GMO.00001385.v1.g176010.t1	207.6	9.4e-60	506							confirmed	confirmed	strong_only	False	True	True	True	True	True	complete	True	True	True	True	False	False	True
GMO.00002338.v1.g492990.t1	AOS_HPL	proteome_v1_exact	round2	full_length	GMO.00002338.v1.g492990.t1	206.1	2.7e-59	473							confirmed	confirmed	strong_only	False	True	True	True	True	True	complete	True	True	True	True	False	False	True
GMO.00001346.v1.g164340.t1	AOS_HPL	proteome_v1_exact	round2	full_length	GMO.00001346.v1.g164340.t1	205.9	3.1e-59	495							confirmed	confirmed	strong_only	False	True	True	True	True	True	complete	True	True	True	True	False	False	True
GMO.00002495.v1.g560520.t1	AOS_HPL	proteome_v1_exact	round2	full_length	GMO.00002495.v1.g560520.t1	205.9	3.1e-59	495							confirmed	confirmed	strong_only	False	True	True	True	True	True	complete	True	True	True	True	False	False	True
GMO.00000574.v1.g035090.t1	AOS_HPL	proteome_v1_exact	round2	full_length	GMO.00000574.v1.g035090.t1	205.1	5.5e-59	490							confirmed	confirmed	strong_only	False	True	True	True	True	True	complete	True	True	True	True	False	False	True
GMO.00002523.v1.g599970.t1	AOS_HPL	proteome_v1_exact	round2	full_length	GMO.00002523.v1.g599970.t1	204.2	1.0e-58	207							confirmed	confirmed	strong_only	False	True	True	True	True	True	complete	True	True	True	True	False	False	True
GMO.00002725.v1.g671090.t1	AOS_HPL	proteome_v1_exact	round2	full_length	GMO.00002725.v1.g671090.t1	204.1	1.1e-58	490							confirmed	confirmed	strong_only	False	True	True	True	True	True	complete	True	True	True	True	False	False	True
GMO.00002338.v1.g493120.t1	AOS_HPL	proteome_v1_exact	round2	full_length	GMO.00002338.v1.g493120.t1	202.9	2.5e-58	473							confirmed	confirmed	strong_only	False	True	True	True	True	True	complete	True	True	True	True	False	False	True
GMO.00002621.v1.g640200.t1	AOS_HPL	proteome_v1_exact	round2	full_length	GMO.00002621.v1.g640200.t1	202.8	2.7e-58	473							confirmed	confirmed	strong_only	False	True	True	True	True	True	complete	True	True	True	True	False	False	True
GMO.00002749.v1.g677230.t1	AOS_HPL	proteome_v1_exact	round2	full_length	GMO.00002749.v1.g677230.t1	201.9	5.2e-58	512							confirmed	confirmed	strong_only	False	True	True	True	True	True	complete	True	True	True	True	False	False	True
GMO.00002787.v1.g684330.t1	AOS_HPL	proteome_v1_exact	round2	full_length	GMO.00002787.v1.g684330.t1	201.9	4.9e-58	492							confirmed	confirmed	strong_only	False	True	True	True	True	True	complete	True	True	True	True	False	False	True
GMO.00002747.v1.g676540.t1	AOS_HPL	proteome_v1_exact	round2	full_length	GMO.00002747.v1.g676540.t1	201.8	5.3e-58	512							confirmed	confirmed	strong_only	False	True	True	True	True	True	complete	True	True	True	True	False	False	True
GMO.00002218.v1.g365720.t1	AOS_HPL	proteome_v1_exact	round2	full_length	GMO.00002218.v1.g365720.t1	201.4	7.0e-58	492							confirmed	confirmed	strong_only	False	True	True	True	True	True	complete	True	True	True	True	False	False	True
GMO.00002523.v1.g603780.t1	AOS_HPL	proteome_v1_exact	round2	full_length	GMO.00002523.v1.g603780.t1	198.9	4.2e-57	499							confirmed	confirmed	strong_only	False	True	True	True	True	True	complete	True	True	True	True	False	False	True
GMO.00002336.v1.g489480.t1	AOS_HPL	proteome_v1_exact	round2	full_length	GMO.00002336.v1.g489480.t1	198.6	5.2e-57	482							confirmed	confirmed	strong_only	False	True	True	True	True	True	complete	True	True	True	True	False	False	True
GMO.00001385.v1.g176020.t1	AOS_HPL	proteome_v1_exact	round2	full_length	GMO.00001385.v1.g176020.t1	197.6	9.9e-57	499							confirmed	confirmed	strong_only	False	True	True	True	True	True	complete	True	True	True	True	False	False	True
GMO.00001016.v1.g092380.t2	AOS_HPL	proteome_v1_exact	round2	full_length	GMO.00001016.v1.g092380.t2	197.3	1.2e-56	469							confirmed	confirmed	strong_only	False	True	True	True	True	True	complete	True	True	True	True	False	False	True
GMO.00002319.v1.g461880.t1	AOS_HPL	proteome_v1_exact	round2	full_length	GMO.00002319.v1.g461880.t1	195.9	3.4e-56	484							confirmed	confirmed	strong_only	False	True	True	True	True	True	complete	True	True	True	True	False	False	True
GMO.00002516.v1.g581170.t2	AOS_HPL	proteome_v1_exact	round2	full_length	GMO.00002516.v1.g581170.t2	195.2	5.4e-56	469							confirmed	confirmed	strong_only	False	True	True	True	True	True	complete	True	True	True	True	False	False	True
GMO.00001385.v1.g176420.t3	AOS_HPL	proteome_v1_exact	round2	full_length	GMO.00001385.v1.g176420.t3	194.8	7.2e-56	476							confirmed	confirmed	strong_only	False	True	True	True	True	True	complete	True	True	True	True	False	False	True
GMO.00001343.v1.g158870.t3	AOS_HPL	proteome_v1_exact	round2	full_length	GMO.00001343.v1.g158870.t3	194.7	7.5e-56	475							confirmed	confirmed	strong_only	False	True	True	True	True	True	complete	True	True	True	True	False	False	True
GMO.00000748.v1.g066580.t1	AOS_HPL	proteome_v1_exact	round2	full_length	GMO.00000748.v1.g066580.t1	192.6	3.4e-55	465							confirmed	confirmed	strong_only	False	True	True	True	True	True	complete	True	True	True	True	False	False	True
GMO.00001343.v1.g155450.t1	AOS_HPL	proteome_v1_exact	round2	full_length	GMO.00001343.v1.g155450.t1	192.6	3.4e-55	465							confirmed	confirmed	strong_only	False	True	True	True	True	True	complete	True	True	True	True	False	False	True
GMO.00001343.v1.g159290.t2	AOS_HPL	proteome_v1_exact	round2	full_length	GMO.00001343.v1.g159290.t2	192.2	4.3e-55	468							confirmed	confirmed	strong_only	False	True	True	True	True	True	complete	True	True	True	True	False	False	True
GMO.00001385.v1.g176060.t2	AOS_HPL	proteome_v1_exact	round2	full_length	GMO.00001385.v1.g176060.t2	191.9	5.6e-55	468							confirmed	confirmed	strong_only	False	True	True	True	True	True	complete	True	True	True	True	False	False	True
GMO.00001343.v1.g159260.t2	AOS_HPL	proteome_v1_exact	round2	full_length	GMO.00001343.v1.g159260.t2	191.1	9.3e-55	468							confirmed	confirmed	strong_only	False	True	True	True	True	True	complete	True	True	True	True	False	False	True
GMO.00000883.v1.g082080.t1	AOS_HPL	proteome_v1_exact	round2	full_length	GMO.00000883.v1.g082080.t1	189.0	4.2e-54	453							confirmed	confirmed	strong_only	False	True	True	True	True	True	complete	True	True	True	True	False	False	True
GMO.00001811.v1.g249300.t1	AOS_HPL	proteome_v1_exact	round2	full_length	GMO.00001811.v1.g249300.t1	184.6	8.9e-53	476							confirmed	confirmed	strong_only	False	True	True	True	True	True	complete	True	True	True	True	False	False	True
GMO.00002459.v1.g541580.t1	AOS_HPL	proteome_v1_exact	round2	full_length	GMO.00002459.v1.g541580.t1	184.1	1.3e-52	476							confirmed	confirmed	strong_only	False	True	True	True	True	True	complete	True	True	True	True	False	False	True
GMO.00002495.v1.g561420.t2	AOS_HPL	proteome_v1_exact	round2	full_length	GMO.00002495.v1.g561420.t2	180.3	1.7e-51	503							confirmed	confirmed	strong_only	False	True	True	True	True	True	complete	True	True	True	True	False	False	True
GMO.00001343.v1.g159280.t2	AOS_HPL	proteome_v1_exact	round2	full_length	GMO.00001343.v1.g159280.t2	179.9	2.4e-51	475							confirmed	confirmed	strong_only	False	True	True	True	True	True	complete	True	True	True	True	False	False	True
GMO.00002319.v1.g465520.t1	AOS_HPL	proteome_v1_exact	round2	full_length	GMO.00002319.v1.g465520.t1	177.8	1.0e-50	490							confirmed	confirmed	strong_only	False	True	True	True	True	True	complete	True	True	True	True	False	False	True
GMO.00002433.v1.g532290.t2	AOS_HPL	proteome_v1_exact	round2	full_length	GMO.00002433.v1.g532290.t2	177.0	1.7e-50	484							confirmed	confirmed	strong_only	False	True	True	True	True	True	complete	True	True	True	True	False	False	True
GMO.00002459.v1.g541590.t1	AOS_HPL	proteome_v1_exact	round2	full_length	GMO.00002459.v1.g541590.t1	175.9	3.8e-50	476							confirmed	confirmed	strong_only	False	True	True	True	True	True	complete	True	True	True	True	False	False	True
GMO.00001811.v1.g249290.t1	AOS_HPL	proteome_v1_exact	round2	full_length	GMO.00001811.v1.g249290.t1	175.5	5.1e-50	476							confirmed	confirmed	strong_only	False	True	True	True	True	True	complete	True	True	True	True	False	False	True
GMO.00001385.v1.g176030.t2	AOS_HPL	proteome_v1_exact	round2	full_length	GMO.00001385.v1.g176030.t2	174.6	9.4e-50	476							confirmed	confirmed	strong_only	False	True	True	True	True	True	complete	True	True	True	True	False	False	True
GMO.00002176.v1.g311190.t1	AOS_HPL	proteome_v1_exact	round2	full_length	GMO.00002176.v1.g311190.t1	174.3	1.2e-49	298							confirmed	confirmed	strong_only	False	True	True	True	True	True	complete	True	True	True	True	False	False	True
GMO.00001346.v1.g165240.t2	AOS_HPL	proteome_v1_exact	round2	full_length	GMO.00001346.v1.g165240.t2	173.7	1.8e-49	430							confirmed	confirmed	strong_only	False	True	True	True	True	True	complete	True	True	True	True	False	False	True
GMO.00001343.v1.g159300.t2	AOS_HPL	proteome_v1_exact	round2	full_length	GMO.00001343.v1.g159300.t2	170.6	1.6e-48	516							confirmed	confirmed	strong_only	False	True	True	True	True	True	complete	True	True	True	True	False	False	True
GMO.00001573.v1.g199780.t1	AOS_HPL	proteome_v1_exact	round2	full_length	GMO.00001573.v1.g199780.t1	169.9	2.6e-48	499							confirmed	confirmed	strong_only	False	True	True	True	True	True	complete	True	True	True	True	False	False	True
GMO.00000537.v1.g020360.t1	AOS_HPL	proteome_v1_exact	round2	full_length	GMO.00000537.v1.g020360.t1	169.3	3.8e-48	405							confirmed	confirmed	strong_only	False	True	True	True	True	True	complete	True	True	True	True	False	False	True
GMO.00002275.v1.g404120.t1	AOS_HPL	proteome_v1_exact	round2	full_length	GMO.00002275.v1.g404120.t1	167.9	1.1e-47	405							confirmed	confirmed	strong_only	False	True	True	True	True	True	complete	True	True	True	True	False	False	True
GMO.00002523.v1.g599520.t1	AOS_HPL	proteome_v1_exact	round2	full_length	GMO.00002523.v1.g599520.t1	166.3	3.2e-47	259							confirmed	confirmed	strong_only	False	True	True	True	True	True	complete	True	True	True	True	False	False	True
GMO.00001385.v1.g171850.t1	AOS_HPL	proteome_v1_exact	round2	full_length	GMO.00001385.v1.g171850.t1	164.9	8.2e-47	399							confirmed	confirmed	strong_only	False	True	True	True	True	True	complete	True	True	True	True	False	False	True
GMO.00000095.v1.g000850.t1	AOS_HPL	proteome_v1_exact	round2	full_length	GMO.00000095.v1.g000850.t1	156.5	3.1e-44	196							confirmed	confirmed	strong_only	False	True	True	True	True	True	complete	True	True	True	True	False	False	True
GMO.00002176.v1.g318410.t1	AOS_HPL	proteome_v1_exact	round2	full_length	GMO.00002176.v1.g318410.t1	156.5	3.1e-44	196							confirmed	confirmed	strong_only	False	True	True	True	True	True	complete	True	True	True	True	False	False	True
GMO.00002336.v1.g487390.t1	AOS_HPL	proteome_v1_exact	round2	full_length	GMO.00002336.v1.g487390.t1	152.9	3.7e-43	466							confirmed	confirmed	strong_only	False	True	True	True	True	True	complete	True	True	True	True	False	False	True
GMO.00001380.v1.g171440.t1	AOS_HPL	proteome_v1_exact	round2	full_length	GMO.00001380.v1.g171440.t1	145.5	6.2e-41	227							confirmed	confirmed	strong_only	False	True	True	True	True	True	complete	True	True	True	True	False	False	True
GMO.00002271.v1.g399410.t1	AOS_HPL	proteome_v1_exact	round2	full_length	GMO.00002271.v1.g399410.t1	136.9	2.6e-38	312							confirmed	confirmed	strong_only	False	True	True	True	True	True	complete	True	True	True	True	False	False	True
GMO.00002176.v1.g318390.t1	AOS_HPL	proteome_v1_exact	round2	full_length	GMO.00002176.v1.g318390.t1	123.9	2.4e-34	159							confirmed	confirmed	strong_only	False	True	True	True	True	True	complete	True	True	True	True	False	False	True
GMO.00001376.v1.g170110.t1	AOS_HPL	proteome_v1_exact	round2	full_length	GMO.00001376.v1.g170110.t1	114.9	1.3e-31	306							confirmed	confirmed	strong_only	False	True	True	True	True	True	complete	True	True	True	True	False	False	True
GMO.00002176.v1.g310420.t1	AOS_HPL	proteome_v1_exact	round2	full_length	GMO.00002176.v1.g310420.t1	113.0	4.5e-31	342							confirmed	confirmed	strong_only	False	True	True	True	True	True	complete	True	True	True	True	False	False	True
GMO.00002255.v1.g391920.t1	AOS_HPL	proteome_v1_exact	round2	full_length	GMO.00002255.v1.g391920.t1	112.5	6.7e-31	404							confirmed	confirmed	strong_only	False	True	True	True	True	True	complete	True	True	True	True	False	False	True
GMO.00001376.v1.g169990.t1	AOS_HPL	proteome_v1_exact	round2	full_length	GMO.00001376.v1.g169990.t1	107.0	3.1e-29	305							confirmed	confirmed	strong_only	False	True	True	True	True	True	complete	True	True	True	True	False	False	True
GMO.00002288.v1.g440130.t1	AOS_HPL	proteome_v1_exact	round2	full_length	GMO.00002288.v1.g440130.t1	104.6	1.6e-28	305							confirmed	confirmed	strong_only	False	True	True	True	True	True	complete	True	True	True	True	False	False	True
GMO.00001329.v1.g149380.t1	AOS_HPL	proteome_v1_exact	round2	full_length	GMO.00001329.v1.g149380.t1	100.5	2.9e-27	213							confirmed	confirmed	strong_only	False	True	True	True	True	True	complete	True	True	True	True	False	False	True
GMO.00002523.v1.g599540.t1	AOS_HPL	proteome_v1_exact	round2	full_length	GMO.00002523.v1.g599540.t1	100.5	2.9e-27	213							confirmed	confirmed	strong_only	False	True	True	True	True	True	complete	True	True	True	True	False	False	True
GMO.00001527.v1.g193280.t1	AOS_HPL	proteome_v1_exact	round2	full_length	GMO.00001527.v1.g193280.t1	97.4	2.5e-26	307							confirmed	confirmed	strong_only	False	True	True	True	True	True	complete	True	True	True	True	False	False	True
GMO.00002275.v1.g403670.t1	AOS_HPL	proteome_v1_exact	round2	full_length	GMO.00002275.v1.g403670.t1	94.7	1.6e-25	149							partial	partial	strong_only	False	True	True	True	True	True	complete	True	True	True	True	False	False	True
GMO.00000095.v1.g000840.t1	AOS_HPL	proteome_v1_exact	round2	full_length	GMO.00000095.v1.g000840.t1	91.5	1.6e-24	329							confirmed	confirmed	strong_only	False	True	True	True	True	True	complete	True	True	True	True	False	False	True
GMO.00002176.v1.g318420.t1	AOS_HPL	proteome_v1_exact	round2	full_length	GMO.00002176.v1.g318420.t1	91.5	1.6e-24	329							confirmed	confirmed	strong_only	False	True	True	True	True	True	complete	True	True	True	True	False	False	True
GMO.00001508.v1.g187910.t1	AOS_HPL	proteome_v1_exact	round2	full_length	GMO.00001508.v1.g187910.t1	87.9	2.0e-23	385							confirmed	confirmed	strong_only	False	True	True	True	True	True	complete	True	True	True	True	False	False	True
GMO.00001706.v1.g226830.t1	AOS_HPL	proteome_v1_exact	round2	full_length	GMO.00001706.v1.g226830.t1	84.5	2.1e-22	323							confirmed	confirmed	strong_only	False	True	True	True	True	True	complete	True	True	True	True	False	False	True
GMO.00002325.v1.g480590.t1	AOS_HPL	proteome_v1_exact	round2	full_length	GMO.00002325.v1.g480590.t1	80.8	2.8e-21	192							confirmed	confirmed	strong_only	False	True	True	True	True	True	complete	True	True	True	True	False	False	True
GMO.00001837.v1.g256280.t1	AOS_HPL	proteome_v1_exact	round2	full_length	GMO.00001837.v1.g256280.t1	77.8	2.2e-20	232							confirmed	confirmed	strong_only	False	True	True	True	True	True	complete	True	True	True	True	False	False	True
GMO.00001329.v1.g149410.t1	AOS_HPL	proteome_v1_exact	round2	full_length	GMO.00001329.v1.g149410.t1	68.9	1.1e-17	175							confirmed	confirmed	strong_only	False	True	True	True	True	True	complete	True	True	True	True	False	False	True
GMO.00002523.v1.g599570.t1	AOS_HPL	proteome_v1_exact	round2	full_length	GMO.00002523.v1.g599570.t1	68.9	1.1e-17	175							confirmed	confirmed	strong_only	False	True	True	True	True	True	complete	True	True	True	True	False	False	True
GMO.00000552.v1.g021550.t2	AOS_HPL	proteome_v1_exact	round2	full_length	GMO.00000552.v1.g021550.t2	66.8	4.8e-17	276							confirmed	confirmed	strong_only	False	True	True	True	True	True	complete	True	True	True	True	False	False	True
GMO.00002363.v1.g506290.t1	AOS_HPL	proteome_v1_exact	round2	full_length	GMO.00002363.v1.g506290.t1	64.4	2.6e-16	92							confirmed	confirmed	strong_only	False	True	True	True	True	True	complete	True	True	True	True	False	False	True
GMO.00001329.v1.g149370.t1	AOS_HPL	proteome_v1_exact	round2	full_length	GMO.00001329.v1.g149370.t1	63.3	5.7e-16	175							confirmed	confirmed	strong_only	False	True	True	True	True	True	complete	True	True	True	True	False	False	True
GMO.00000684.v1.g046510.t1	AOS_HPL	proteome_v1_exact	round2	full_length	GMO.00000684.v1.g046510.t1	63.2	6.1e-16	161							confirmed	confirmed	strong_only	False	True	True	True	True	True	complete	True	True	True	True	False	False	True
GMO.00002294.v1.g447450.t1	AOS_HPL	proteome_v1_exact	round2	full_length	GMO.00002294.v1.g447450.t1	63.2	6.1e-16	161							confirmed	confirmed	strong_only	False	True	True	True	True	True	complete	True	True	True	True	False	False	True
GMO.00002494.v1.g559400.t2	AOS_HPL	proteome_v1_exact	round2	full_length	GMO.00002494.v1.g559400.t2	62.7	8.3e-16	116							confirmed	confirmed	strong_only	False	True	True	True	True	True	complete	True	True	True	True	False	False	True
GMO.00002523.v1.g599530.t1	AOS_HPL	proteome_v1_exact	round2	full_length	GMO.00002523.v1.g599530.t1	61.5	1.9e-15	175							confirmed	confirmed	strong_only	False	True	True	True	True	True	complete	True	True	True	True	False	False	True
GMO.00002176.v1.g340570.t1	AOS_HPL	proteome_v1_exact	round2	full_length	GMO.00002176.v1.g340570.t1	61.3	2.3e-15	91							partial	partial	strong_only	False	True	True	True	True	True	complete	True	True	True	True	False	False	True
GMO.00002325.v1.g479010.t1	AOS_HPL	proteome_v1_exact	round2	full_length	GMO.00002325.v1.g479010.t1	50.2	5.2e-12	114							confirmed	confirmed	strong_only	False	True	True	True	True	True	complete	True	True	True	True	False	False	True
GMO.00000743.v1.g064290.t1	CBL	proteome_v1_exact	round2	full_length	GMO.00000743.v1.g064290.t1	745.7	4.0e-224	468	CBL|CGS|CSCBL_like|MGL_artocarpus|MGL_cannabis|MGL_durio	plp_pf01053	phylogeny_nearest_reference	resolved	A0A7J6FLL3	CBL	confirmed	confirmed	strong_plus_weaker	False	True	True	True	True	True	complete	True	True	True	True	False	False	True
GMO.00002271.v1.g399560.t1	CBL	proteome_v1_exact	round2	full_length	GMO.00002271.v1.g399560.t1	748.5	5.6e-225	468	CBL|CGS|CSCBL_like|MGL_artocarpus|MGL_cannabis|MGL_durio	plp_pf01053	phylogeny_nearest_reference	resolved	A0A7J6FLL3	CBL	confirmed	confirmed	strong_plus_weaker	False	True	True	True	True	True	complete	True	True	True	True	False	False	True
GMO.00001343.v1.g162120.t1	CGS	proteome_v1_exact	round2	full_length	GMO.00001343.v1.g162120.t1	901.3	5.6e-271	542	CBL|CGS|CSCBL_like|MGL_artocarpus|MGL_cannabis|MGL_durio	plp_pf01053	phylogeny_nearest_reference	resolved	A0A803QMI1	CGS	confirmed	confirmed	strong_only	False	True	True	True	True	True	complete	True	True	True	True	False	False	True
GMO.00001385.v1.g173130.t1	CGS	proteome_v1_exact	round2	full_length	GMO.00001385.v1.g173130.t1	901.3	5.6e-271	542	CBL|CGS|CSCBL_like|MGL_artocarpus|MGL_cannabis|MGL_durio	plp_pf01053	phylogeny_nearest_reference	resolved	A0A803QMI1	CGS	confirmed	confirmed	strong_only	False	True	True	True	True	True	complete	True	True	True	True	False	False	True
GMO.00001085.v1.g107400.t2	FMO	proteome_v1_exact	round2	full_length	GMO.00001085.v1.g107400.t2	598.7	2.6e-179	462							confirmed	confirmed	strong_only	False	True	True	True	True	True	complete	True	True	True	True	False	False	True
GMO.00000720.v1.g055740.t2	FMO	proteome_v1_exact	round2	full_length	GMO.00000720.v1.g055740.t2	596.9	9.7e-179	462							confirmed	confirmed	strong_only	False	True	True	True	True	True	complete	True	True	True	True	False	False	True
GMO.00001309.v1.g144570.t1	FMO	proteome_v1_exact	round2	full_length	GMO.00001309.v1.g144570.t1	531.2	7.8e-159	470							confirmed	confirmed	strong_only	False	True	True	True	True	True	complete	True	True	True	True	False	False	True
GMO.00002553.v1.g611910.t1	FMO	proteome_v1_exact	round2	full_length	GMO.00002553.v1.g611910.t1	531.1	8.9e-159	468							confirmed	confirmed	strong_only	False	True	True	True	True	True	complete	True	True	True	True	False	False	True
GMO.00002516.v1.g583210.t1	FMO	proteome_v1_exact	round2	full_length	GMO.00002516.v1.g583210.t1	459.9	3.3e-137	435							confirmed	confirmed	strong_only	False	True	True	True	True	True	complete	True	True	True	True	False	False	True
GMO.00000644.v1.g043570.t1	FMO	proteome_v1_exact	round2	full_length	GMO.00000644.v1.g043570.t1	406.5	5.4e-121	479							confirmed	confirmed	strong_only	False	True	True	True	True	True	complete	True	True	True	True	False	False	True
GMO.00002294.v1.g446750.t1	FMO	proteome_v1_exact	round2	full_length	GMO.00002294.v1.g446750.t1	406.5	5.4e-121	479							confirmed	confirmed	strong_only	False	True	True	True	True	True	complete	True	True	True	True	False	False	True
GMO.00001016.v1.g094210.t1	FMO	proteome_v1_exact	round2	full_length	GMO.00001016.v1.g094210.t1	189.7	3.0e-55	187							confirmed	confirmed	strong_only	False	True	True	True	True	True	complete	True	True	True	True	False	False	True
GMO.00001811.v1.g249310.t1	FMO	proteome_v1_exact	round2	full_length	GMO.00001811.v1.g249310.t1	159.3	3.7e-45	517							confirmed	confirmed	strong_only	False	True	True	True	True	True	complete	True	True	True	True	False	False	True
GMO.00002459.v1.g541570.t1	FMO	proteome_v1_exact	round2	full_length	GMO.00002459.v1.g541570.t1	159.3	3.7e-45	515							confirmed	confirmed	strong_only	False	True	True	True	True	True	complete	True	True	True	True	False	False	True
GMO.00002427.v1.g529310.t1	FMO	proteome_v1_exact	round2	full_length	GMO.00002427.v1.g529310.t1	148.2	8.8e-42	520							confirmed	confirmed	strong_only	False	True	True	True	True	True	complete	True	True	True	True	False	False	True
GMO.00002459.v1.g541560.t1	FMO	proteome_v1_exact	round2	full_length	GMO.00002459.v1.g541560.t1	141.8	7.2e-40	517							confirmed	confirmed	strong_only	False	True	True	True	True	True	complete	True	True	True	True	False	False	True
GMO.00002511.v1.g578870.t1	FMO	proteome_v1_exact	round2	full_length	GMO.00002511.v1.g578870.t1	141.2	1.1e-39	457							confirmed	confirmed	strong_only	False	True	True	True	True	True	complete	True	True	True	True	False	False	True
GMO.00001811.v1.g249320.t1	FMO	proteome_v1_exact	round2	full_length	GMO.00001811.v1.g249320.t1	141.1	1.2e-39	517							confirmed	confirmed	strong_only	False	True	True	True	True	True	complete	True	True	True	True	False	False	True
GMO.00000174.v1.g002340.t2	FMO	proteome_v1_exact	round2	full_length	GMO.00000174.v1.g002340.t2	120.8	1.8e-33	430							confirmed	confirmed	strong_only	False	True	True	True	True	True	complete	True	True	True	True	False	False	True
GMO.00002176.v1.g338000.t2	FMO	proteome_v1_exact	round2	full_length	GMO.00002176.v1.g338000.t2	118.5	8.8e-33	430							confirmed	confirmed	strong_only	False	True	True	True	True	True	complete	True	True	True	True	False	False	True
GMO.00002364.v1.g513200.t1	FMO	proteome_v1_exact	round2	full_length	GMO.00002364.v1.g513200.t1	118.2	1.1e-32	537							confirmed	confirmed	strong_only	False	True	True	True	True	True	complete	True	True	True	True	False	False	True
GMO.00002253.v1.g378900.t1	FMO	proteome_v1_exact	round2	full_length	GMO.00002253.v1.g378900.t1	114.6	1.3e-31	516							confirmed	confirmed	strong_only	False	True	True	True	True	True	complete	True	True	True	True	False	False	True
GMO.00002497.v1.g564380.t1	FMO	proteome_v1_exact	round2	full_length	GMO.00002497.v1.g564380.t1	105.0	1.0e-28	426							confirmed	confirmed	strong_only	False	True	True	True	True	True	complete	True	True	True	True	False	False	True
GMO.00002498.v1.g565740.t1	FMO	proteome_v1_exact	round2	full_length	GMO.00002498.v1.g565740.t1	105.0	1.0e-28	426							confirmed	confirmed	strong_only	False	True	True	True	True	True	complete	True	True	True	True	False	False	True
GMO.00002656.v1.g656780.t1	FMO	proteome_v1_exact	round2	full_length	GMO.00002656.v1.g656780.t1	104.3	1.7e-28	525							confirmed	confirmed	strong_only	False	True	True	True	True	True	complete	True	True	True	True	False	False	True
GMO.00001649.v1.g216600.t1	FMO	proteome_v1_exact	round2	full_length	GMO.00001649.v1.g216600.t1	103.6	2.8e-28	525							confirmed	confirmed	strong_only	False	True	True	True	True	True	complete	True	True	True	True	False	False	True
GMO.00000992.v1.g090290.t1	FMO	proteome_v1_exact	round2	full_length	GMO.00000992.v1.g090290.t1	98.9	7.3e-27	398							confirmed	confirmed	strong_only	False	True	True	True	True	True	complete	True	True	True	True	False	False	True
GMO.00002283.v1.g431800.t1	FMO	proteome_v1_exact	round2	full_length	GMO.00002283.v1.g431800.t1	98.9	7.3e-27	398							confirmed	confirmed	strong_only	False	True	True	True	True	True	complete	True	True	True	True	False	False	True
GMO.00000332.v1.g008310.t1	FMO	proteome_v1_exact	round2	full_length	GMO.00000332.v1.g008310.t1	95.9	6.0e-26	418							confirmed	confirmed	strong_only	False	True	True	True	True	True	complete	True	True	True	True	False	False	True
GMO.00002251.v1.g368480.t1	FMO	proteome_v1_exact	round2	full_length	GMO.00002251.v1.g368480.t1	95.4	8.6e-26	418							confirmed	confirmed	strong_only	False	True	True	True	True	True	complete	True	True	True	True	False	False	True
GMO.00000332.v1.g008280.t1	FMO	proteome_v1_exact	round2	full_length	GMO.00000332.v1.g008280.t1	91.8	1.0e-24	426							confirmed	confirmed	strong_only	False	True	True	True	True	True	complete	True	True	True	True	False	False	True
GMO.00002251.v1.g368460.t1	FMO	proteome_v1_exact	round2	full_length	GMO.00002251.v1.g368460.t1	91.8	1.0e-24	426							confirmed	confirmed	strong_only	False	True	True	True	True	True	complete	True	True	True	True	False	False	True
GMO.00001607.v1.g210610.t1	FMO	proteome_v1_exact	round2	full_length	GMO.00001607.v1.g210610.t1	91.4	1.4e-24	488							confirmed	confirmed	strong_only	False	True	True	True	True	True	complete	True	True	True	True	False	False	True
GMO.00000574.v1.g032780.t1	FMO	proteome_v1_exact	round2	full_length	GMO.00000574.v1.g032780.t1	91.0	1.8e-24	489							confirmed	confirmed	strong_only	False	True	True	True	True	True	complete	True	True	True	True	False	False	True
GMO.00002453.v1.g540400.t1	FMO	proteome_v1_exact	round2	full_length	GMO.00002453.v1.g540400.t1	84.3	2.0e-22	400							confirmed	confirmed	strong_only	False	True	True	True	True	True	complete	True	True	True	True	False	False	True
GMO.00002499.v1.g568070.t1	FMO	proteome_v1_exact	round2	full_length	GMO.00002499.v1.g568070.t1	83.4	3.6e-22	387							confirmed	confirmed	strong_only	False	True	True	True	True	True	complete	True	True	True	True	False	False	True
GMO.00000732.v1.g060860.t1	FMO	proteome_v1_exact	round2	full_length	GMO.00000732.v1.g060860.t1	82.9	5.2e-22	387							confirmed	confirmed	strong_only	False	True	True	True	True	True	complete	True	True	True	True	False	False	True
GMO.00002582.v1.g623990.t1	FMO	proteome_v1_exact	round2	full_length	GMO.00002582.v1.g623990.t1	82.1	9.5e-22	402							confirmed	confirmed	strong_only	False	True	True	True	True	True	complete	True	True	True	True	False	False	True
GMO.00002459.v1.g541550.t2	FMO	proteome_v1_exact	round2	full_length	GMO.00002459.v1.g541550.t2	80.6	2.6e-21	382							confirmed	confirmed	strong_only	False	True	True	True	True	True	complete	True	True	True	True	False	False	True
GMO.00000308.v1.g006490.t1	FMO	proteome_v1_exact	round2	full_length	GMO.00000308.v1.g006490.t1	73.2	4.5e-19	396							confirmed	confirmed	strong_only	False	True	True	True	True	True	complete	True	True	True	True	False	False	True
GMO.00002218.v1.g364020.t1	FMO	proteome_v1_exact	round2	full_length	GMO.00002218.v1.g364020.t1	73.1	5.0e-19	396							confirmed	confirmed	strong_only	False	True	True	True	True	True	complete	True	True	True	True	False	False	True
GMO.00001811.v1.g249330.t2	FMO	proteome_v1_exact	round2	full_length	GMO.00001811.v1.g249330.t2	66.1	6.7e-17	355							confirmed	confirmed	strong_only	False	True	True	True	True	True	complete	True	True	True	True	False	False	True
GMO.00001649.v1.g216590.t1	FMO	proteome_v1_exact	round2	full_length	GMO.00001649.v1.g216590.t1	51.5	1.7e-12	378							confirmed	confirmed	strong_only	False	True	True	True	True	True	complete	True	True	True	True	False	False	True
GMO.00002656.v1.g656790.t1	FMO	proteome_v1_exact	round2	full_length	GMO.00002656.v1.g656790.t1	51.5	1.7e-12	378							confirmed	confirmed	strong_only	False	True	True	True	True	True	complete	True	True	True	True	False	False	True
GMO.00002705.v1.g665510.t1	GGT	proteome_v1_exact	round1	full_length	GMO.00002705.v1.g665510.t1	583.2	1.6e-173	629							confirmed	confirmed	strong_only	False	True	True	True	True	True	complete	True	True	True	True	False	False	True
GMO.00002711.v1.g667700.t1	GGT	proteome_v1_exact	round1	full_length	GMO.00002711.v1.g667700.t1	582.9	1.9e-173	629							confirmed	confirmed	strong_only	False	True	True	True	True	True	complete	True	True	True	True	False	False	True
GMO.00001202.v1.g119250.t1	GGT	proteome_v1_exact	round1	full_length	GMO.00001202.v1.g119250.t1	571.7	4.6e-170	586							confirmed	confirmed	strong_only	False	True	True	True	True	True	complete	True	True	True	True	False	False	True
GMO.00002283.v1.g429350.t1	GGT	proteome_v1_exact	round1	full_length	GMO.00002283.v1.g429350.t1	571.7	4.6e-170	586							confirmed	confirmed	strong_only	False	True	True	True	True	True	complete	True	True	True	True	False	False	True
GMO.00001200.v1.g119160.t1	GGT	proteome_v1_exact	round1	full_length	GMO.00001200.v1.g119160.t1	300.1	9.5e-88	310							confirmed	confirmed	strong_only	False	True	True	True	True	True	complete	True	True	True	True	False	False	True
GMO.00000720.v1.g052440.t2	GSH1	proteome_v1_exact	round2	full_length	GMO.00000720.v1.g052440.t2	974.1	4.7e-293	526							confirmed	confirmed	strong_only	False	True	True	True	True	True	complete	True	True	True	True	False	False	True
GMO.00002767.v1.g678100.t2	GSH1	proteome_v1_exact	round2	full_length	GMO.00002767.v1.g678100.t2	973.6	6.5e-293	526							confirmed	confirmed	strong_only	False	True	True	True	True	True	complete	True	True	True	True	False	False	True
GMO.00002216.v1.g346800.t2	GSH2	proteome_v1_exact	round2	full_length	GMO.00002216.v1.g346800.t2	839.7	2.1e-252	553							absent	absent	single_sequence	True	False	False	True	False	True	complete	True	True	True	True	False	False	True
GMO.00001014.v1.g090870.t1	GST	proteome_v1_exact	round1	full_length	GMO.00001014.v1.g090870.t1	80.8	2.1e-21	217							confirmed	confirmed	strong_only	False	True	True	True	True	True	complete	True	True	True	True	False	False	True
GMO.00002518.v1.g587580.t1	GST	proteome_v1_exact	round1	full_length	GMO.00002518.v1.g587580.t1	80.8	2.1e-21	217							confirmed	confirmed	strong_only	False	True	True	True	True	True	complete	True	True	True	True	False	False	True
GMO.00002317.v1.g453350.t1	GST	proteome_v1_exact	round1	full_length	GMO.00002317.v1.g453350.t1	80.1	3.6e-21	220							confirmed	confirmed	strong_only	False	True	True	True	True	True	complete	True	True	True	True	False	False	True
GMO.00002695.v1.g660500.t1	GST	proteome_v1_exact	round1	full_length	GMO.00002695.v1.g660500.t1	80.1	3.6e-21	220							confirmed	confirmed	strong_only	False	True	True	True	True	True	complete	True	True	True	True	False	False	True
GMO.00002695.v1.g660490.t1	GST	proteome_v1_exact	round1	full_length	GMO.00002695.v1.g660490.t1	79.3	6.2e-21	220							confirmed	confirmed	strong_only	False	True	True	True	True	True	complete	True	True	True	True	False	False	True
GMO.00002317.v1.g453360.t1	GST	proteome_v1_exact	round1	full_length	GMO.00002317.v1.g453360.t1	78.3	1.3e-20	220							confirmed	confirmed	strong_only	False	True	True	True	True	True	complete	True	True	True	True	False	False	True
GMO.00001014.v1.g090820.t1	GST	proteome_v1_exact	round1	full_length	GMO.00001014.v1.g090820.t1	76.6	4.5e-20	217							confirmed	confirmed	strong_only	False	True	True	True	True	True	complete	True	True	True	True	False	False	True
GMO.00002518.v1.g587540.t1	GST	proteome_v1_exact	round1	full_length	GMO.00002518.v1.g587540.t1	76.6	4.5e-20	217							confirmed	confirmed	strong_only	False	True	True	True	True	True	complete	True	True	True	True	False	False	True
GMO.00000743.v1.g064240.t1	GST	proteome_v1_exact	round1	full_length	GMO.00000743.v1.g064240.t1	75.6	8.6e-20	152							confirmed	confirmed	strong_only	False	True	True	True	True	True	complete	True	True	True	True	False	False	True
GMO.00002271.v1.g399660.t1	GST	proteome_v1_exact	round1	full_length	GMO.00002271.v1.g399660.t1	75.6	8.6e-20	152							confirmed	confirmed	strong_only	False	True	True	True	True	True	complete	True	True	True	True	False	False	True
GMO.00002319.v1.g469450.t1	GST	proteome_v1_exact	round1	full_length	GMO.00002319.v1.g469450.t1	75.3	1.1e-19	223							confirmed	confirmed	strong_only	False	True	True	True	True	True	complete	True	True	True	True	False	False	True
GMO.00000827.v1.g069540.t1	GST	proteome_v1_exact	round1	full_length	GMO.00000827.v1.g069540.t1	74.6	1.8e-19	226							confirmed	confirmed	strong_only	False	True	True	True	True	True	complete	True	True	True	True	False	False	True
GMO.00000827.v1.g069550.t1	GST	proteome_v1_exact	round1	full_length	GMO.00000827.v1.g069550.t1	74.6	1.8e-19	223							confirmed	confirmed	strong_only	False	True	True	True	True	True	complete	True	True	True	True	False	False	True
GMO.00002319.v1.g469440.t1	GST	proteome_v1_exact	round1	full_length	GMO.00002319.v1.g469440.t1	74.4	2.0e-19	226							confirmed	confirmed	strong_only	False	True	True	True	True	True	complete	True	True	True	True	False	False	True
GMO.00002518.v1.g587570.t1	GST	proteome_v1_exact	round1	full_length	GMO.00002518.v1.g587570.t1	74.1	2.7e-19	216							confirmed	confirmed	strong_only	False	True	True	True	True	True	complete	True	True	True	True	False	False	True
GMO.00000174.v1.g002300.t1	GST	proteome_v1_exact	round1	full_length	GMO.00000174.v1.g002300.t1	73.8	3.2e-19	223							confirmed	confirmed	strong_only	False	True	True	True	True	True	complete	True	True	True	True	False	False	True
GMO.00002176.v1.g338040.t1	GST	proteome_v1_exact	round1	full_length	GMO.00002176.v1.g338040.t1	73.8	3.2e-19	223							confirmed	confirmed	strong_only	False	True	True	True	True	True	complete	True	True	True	True	False	False	True
GMO.00002518.v1.g587550.t1	GST	proteome_v1_exact	round1	full_length	GMO.00002518.v1.g587550.t1	73.8	3.3e-19	217							confirmed	confirmed	strong_only	False	True	True	True	True	True	complete	True	True	True	True	False	False	True
GMO.00001014.v1.g090830.t1	GST	proteome_v1_exact	round1	full_length	GMO.00001014.v1.g090830.t1	73.5	4.2e-19	217							confirmed	confirmed	strong_only	False	True	True	True	True	True	complete	True	True	True	True	False	False	True
GMO.00002176.v1.g338030.t1	GST	proteome_v1_exact	round1	full_length	GMO.00002176.v1.g338030.t1	73.4	4.4e-19	229							confirmed	confirmed	strong_only	False	True	True	True	True	True	complete	True	True	True	True	False	False	True
GMO.00002176.v1.g338060.t1	GST	proteome_v1_exact	round1	full_length	GMO.00002176.v1.g338060.t1	73.4	4.3e-19	234							confirmed	confirmed	strong_only	False	True	True	True	True	True	complete	True	True	True	True	False	False	True
GMO.00000174.v1.g002310.t1	GST	proteome_v1_exact	round1	full_length	GMO.00000174.v1.g002310.t1	73.3	4.7e-19	229							confirmed	confirmed	strong_only	False	True	True	True	True	True	complete	True	True	True	True	False	False	True
GMO.00002518.v1.g587600.t1	GST	proteome_v1_exact	round1	full_length	GMO.00002518.v1.g587600.t1	73.1	5.6e-19	217							confirmed	confirmed	strong_only	False	True	True	True	True	True	complete	True	True	True	True	False	False	True
GMO.00001014.v1.g090860.t1	GST	proteome_v1_exact	round1	full_length	GMO.00001014.v1.g090860.t1	73.0	5.7e-19	217							confirmed	confirmed	strong_only	False	True	True	True	True	True	complete	True	True	True	True	False	False	True
GMO.00002497.v1.g564340.t1	GST	proteome_v1_exact	round1	full_length	GMO.00002497.v1.g564340.t1	73.0	5.8e-19	225							confirmed	confirmed	strong_only	False	True	True	True	True	True	complete	True	True	True	True	False	False	True
GMO.00002498.v1.g565780.t1	GST	proteome_v1_exact	round1	full_length	GMO.00002498.v1.g565780.t1	73.0	5.8e-19	225							confirmed	confirmed	strong_only	False	True	True	True	True	True	complete	True	True	True	True	False	False	True
GMO.00002518.v1.g587560.t1	GST	proteome_v1_exact	round1	full_length	GMO.00002518.v1.g587560.t1	72.3	9.3e-19	218							confirmed	confirmed	strong_only	False	True	True	True	True	True	complete	True	True	True	True	False	False	True
GMO.00002497.v1.g564350.t1	GST	proteome_v1_exact	round1	full_length	GMO.00002497.v1.g564350.t1	72.2	1.1e-18	224							confirmed	confirmed	strong_only	False	True	True	True	True	True	complete	True	True	True	True	False	False	True
GMO.00002498.v1.g565770.t1	GST	proteome_v1_exact	round1	full_length	GMO.00002498.v1.g565770.t1	72.2	1.1e-18	224							confirmed	confirmed	strong_only	False	True	True	True	True	True	complete	True	True	True	True	False	False	True
GMO.00002695.v1.g660470.t1	GST	proteome_v1_exact	round1	full_length	GMO.00002695.v1.g660470.t1	72.1	1.1e-18	128							confirmed	confirmed	strong_only	False	True	True	True	True	True	complete	True	True	True	True	False	False	True
GMO.00000174.v1.g002280.t1	GST	proteome_v1_exact	round1	full_length	GMO.00000174.v1.g002280.t1	71.8	1.3e-18	234							confirmed	confirmed	strong_only	False	True	True	True	True	True	complete	True	True	True	True	False	False	True
GMO.00002453.v1.g539930.t1	GST	proteome_v1_exact	round1	full_length	GMO.00002453.v1.g539930.t1	71.1	2.2e-18	233							confirmed	confirmed	strong_only	False	True	True	True	True	True	complete	True	True	True	True	False	False	True
GMO.00002317.v1.g453370.t1	GST	proteome_v1_exact	round1	full_length	GMO.00002317.v1.g453370.t1	70.9	2.6e-18	193							confirmed	confirmed	strong_only	False	True	True	True	True	True	complete	True	True	True	True	False	False	True
GMO.00002453.v1.g539950.t1	GST	proteome_v1_exact	round1	full_length	GMO.00002453.v1.g539950.t1	70.9	2.6e-18	218							confirmed	confirmed	strong_only	False	True	True	True	True	True	complete	True	True	True	True	False	False	True
GMO.00002582.v1.g624500.t1	GST	proteome_v1_exact	round1	full_length	GMO.00002582.v1.g624500.t1	70.9	2.6e-18	218							confirmed	confirmed	strong_only	False	True	True	True	True	True	complete	True	True	True	True	False	False	True
GMO.00000827.v1.g069560.t1	GST	proteome_v1_exact	round1	full_length	GMO.00000827.v1.g069560.t1	70.8	2.9e-18	223							confirmed	confirmed	strong_only	False	True	True	True	True	True	complete	True	True	True	True	False	False	True
GMO.00002453.v1.g539910.t1	GST	proteome_v1_exact	round1	full_length	GMO.00002453.v1.g539910.t1	70.8	2.7e-18	215							confirmed	confirmed	strong_only	False	True	True	True	True	True	complete	True	True	True	True	False	False	True
GMO.00002582.v1.g624530.t1	GST	proteome_v1_exact	round1	full_length	GMO.00002582.v1.g624530.t1	70.8	2.7e-18	215							confirmed	confirmed	strong_only	False	True	True	True	True	True	complete	True	True	True	True	False	False	True
GMO.00001014.v1.g090940.t1	GST	proteome_v1_exact	round1	full_length	GMO.00001014.v1.g090940.t1	70.3	3.9e-18	217							confirmed	confirmed	strong_only	False	True	True	True	True	True	complete	True	True	True	True	False	False	True
GMO.00001014.v1.g090810.t1	GST	proteome_v1_exact	round1	full_length	GMO.00001014.v1.g090810.t1	70.0	5.0e-18	217							confirmed	confirmed	strong_only	False	True	True	True	True	True	complete	True	True	True	True	False	False	True
GMO.00002518.v1.g587530.t1	GST	proteome_v1_exact	round1	full_length	GMO.00002518.v1.g587530.t1	70.0	5.0e-18	217							confirmed	confirmed	strong_only	False	True	True	True	True	True	complete	True	True	True	True	False	False	True
GMO.00002453.v1.g539940.t1	GST	proteome_v1_exact	round1	full_length	GMO.00002453.v1.g539940.t1	69.9	5.3e-18	222							confirmed	confirmed	strong_only	False	True	True	True	True	True	complete	True	True	True	True	False	False	True
GMO.00002650.v1.g653390.t1	GST	proteome_v1_exact	round1	full_length	GMO.00002650.v1.g653390.t1	69.9	5.5e-18	85							confirmed	confirmed	strong_only	False	True	True	True	True	True	complete	True	True	True	True	False	False	True
GMO.00002319.v1.g469460.t1	GST	proteome_v1_exact	round1	full_length	GMO.00002319.v1.g469460.t1	69.5	7.1e-18	223							confirmed	confirmed	strong_only	False	True	True	True	True	True	complete	True	True	True	True	False	False	True
GMO.00002453.v1.g539920.t1	GST	proteome_v1_exact	round1	full_length	GMO.00002453.v1.g539920.t1	69.0	1.0e-17	216							confirmed	confirmed	strong_only	False	True	True	True	True	True	complete	True	True	True	True	False	False	True
GMO.00002582.v1.g624520.t1	GST	proteome_v1_exact	round1	full_length	GMO.00002582.v1.g624520.t1	69.0	1.0e-17	216							confirmed	confirmed	strong_only	False	True	True	True	True	True	complete	True	True	True	True	False	False	True
GMO.00000937.v1.g087890.t1	GST	proteome_v1_exact	round1	full_length	GMO.00000937.v1.g087890.t1	68.6	1.4e-17	226							confirmed	confirmed	strong_only	False	True	True	True	True	True	complete	True	True	True	True	False	False	True
GMO.00002284.v1.g433120.t2	GST	proteome_v1_exact	round1	full_length	GMO.00002284.v1.g433120.t2	67.9	2.3e-17	226							confirmed	confirmed	strong_only	False	True	True	True	True	True	complete	True	True	True	True	False	False	True
GMO.00000937.v1.g087860.t1	GST	proteome_v1_exact	round1	full_length	GMO.00000937.v1.g087860.t1	67.7	2.7e-17	226							confirmed	confirmed	strong_only	False	True	True	True	True	True	complete	True	True	True	True	False	False	True
GMO.00002284.v1.g433160.t1	GST	proteome_v1_exact	round1	full_length	GMO.00002284.v1.g433160.t1	67.7	2.7e-17	226							confirmed	confirmed	strong_only	False	True	True	True	True	True	complete	True	True	True	True	False	False	True
GMO.00002582.v1.g624560.t1	GST	proteome_v1_exact	round1	full_length	GMO.00002582.v1.g624560.t1	67.7	2.7e-17	218							confirmed	confirmed	strong_only	False	True	True	True	True	True	complete	True	True	True	True	False	False	True
GMO.00002453.v1.g539890.t1	GST	proteome_v1_exact	round1	full_length	GMO.00002453.v1.g539890.t1	67.6	2.8e-17	218							confirmed	confirmed	strong_only	False	True	True	True	True	True	complete	True	True	True	True	False	False	True
GMO.00002453.v1.g539900.t1	GST	proteome_v1_exact	round1	full_length	GMO.00002453.v1.g539900.t1	67.0	4.4e-17	214							confirmed	confirmed	strong_only	False	True	True	True	True	True	complete	True	True	True	True	False	False	True
GMO.00000719.v1.g050990.t1	GST	proteome_v1_exact	round1	full_length	GMO.00000719.v1.g050990.t1	66.9	4.7e-17	215							confirmed	confirmed	strong_only	False	True	True	True	True	True	complete	True	True	True	True	False	False	True
GMO.00002582.v1.g624550.t1	GST	proteome_v1_exact	round1	full_length	GMO.00002582.v1.g624550.t1	66.9	4.6e-17	214							confirmed	confirmed	strong_only	False	True	True	True	True	True	complete	True	True	True	True	False	False	True
GMO.00002276.v1.g411030.t1	GST	proteome_v1_exact	round1	full_length	GMO.00002276.v1.g411030.t1	66.6	5.6e-17	215							confirmed	confirmed	strong_only	False	True	True	True	True	True	complete	True	True	True	True	False	False	True
GMO.00000697.v1.g048120.t1	GST	proteome_v1_exact	round1	full_length	GMO.00000697.v1.g048120.t1	66.2	7.9e-17	231							confirmed	confirmed	strong_only	False	True	True	True	True	True	complete	True	True	True	True	False	False	True
GMO.00002291.v1.g445250.t1	GST	proteome_v1_exact	round1	full_length	GMO.00002291.v1.g445250.t1	66.2	7.9e-17	231							confirmed	confirmed	strong_only	False	True	True	True	True	True	complete	True	True	True	True	False	False	True
GMO.00002317.v1.g453380.t1	GST	proteome_v1_exact	round1	full_length	GMO.00002317.v1.g453380.t1	65.8	1.0e-16	225							confirmed	confirmed	strong_only	False	True	True	True	True	True	complete	True	True	True	True	False	False	True
GMO.00001050.v1.g096440.t1	GST	proteome_v1_exact	round1	full_length	GMO.00001050.v1.g096440.t1	65.1	1.7e-16	225							confirmed	confirmed	strong_only	False	True	True	True	True	True	complete	True	True	True	True	False	False	True
GMO.00001180.v1.g117650.t1	GST	proteome_v1_exact	round1	full_length	GMO.00001180.v1.g117650.t1	64.8	2.1e-16	219							confirmed	confirmed	strong_only	False	True	True	True	True	True	complete	True	True	True	True	False	False	True
GMO.00002253.v1.g378300.t1	GST	proteome_v1_exact	round1	full_length	GMO.00002253.v1.g378300.t1	64.8	2.1e-16	223							confirmed	confirmed	strong_only	False	True	True	True	True	True	complete	True	True	True	True	False	False	True
GMO.00002354.v1.g500180.t1	GST	proteome_v1_exact	round1	full_length	GMO.00002354.v1.g500180.t1	64.8	2.1e-16	219							confirmed	confirmed	strong_only	False	True	True	True	True	True	complete	True	True	True	True	False	False	True
GMO.00002603.v1.g632760.t1	GST	proteome_v1_exact	round1	full_length	GMO.00002603.v1.g632760.t1	64.5	2.5e-16	230							confirmed	confirmed	strong_only	False	True	True	True	True	True	complete	True	True	True	True	False	False	True
GMO.00002534.v1.g606830.t1	GST	proteome_v1_exact	round1	full_length	GMO.00002534.v1.g606830.t1	64.4	2.8e-16	231							confirmed	confirmed	strong_only	False	True	True	True	True	True	complete	True	True	True	True	False	False	True
GMO.00002568.v1.g622150.t1	GST	proteome_v1_exact	round1	full_length	GMO.00002568.v1.g622150.t1	64.4	2.7e-16	231							confirmed	confirmed	strong_only	False	True	True	True	True	True	complete	True	True	True	True	False	False	True
GMO.00002523.v1.g603160.t1	GST	proteome_v1_exact	round1	full_length	GMO.00002523.v1.g603160.t1	64.3	2.9e-16	225							confirmed	confirmed	strong_only	False	True	True	True	True	True	complete	True	True	True	True	False	False	True
GMO.00002523.v1.g603170.t1	GST	proteome_v1_exact	round1	full_length	GMO.00002523.v1.g603170.t1	64.3	3.0e-16	225							confirmed	confirmed	strong_only	False	True	True	True	True	True	complete	True	True	True	True	False	False	True
GMO.00000720.v1.g052220.t1	GST	proteome_v1_exact	round1	full_length	GMO.00000720.v1.g052220.t1	64.1	3.5e-16	238							partial	partial	strong_only	False	True	True	True	True	True	complete	True	True	True	True	False	False	True
GMO.00002767.v1.g678310.t1	GST	proteome_v1_exact	round1	full_length	GMO.00002767.v1.g678310.t1	64.0	3.7e-16	238							partial	partial	strong_only	False	True	True	True	True	True	complete	True	True	True	True	False	False	True
GMO.00002176.v1.g338050.t1	GST	proteome_v1_exact	round1	full_length	GMO.00002176.v1.g338050.t1	63.7	4.8e-16	224							confirmed	confirmed	strong_only	False	True	True	True	True	True	complete	True	True	True	True	False	False	True
GMO.00002291.v1.g445260.t1	GST	proteome_v1_exact	round1	full_length	GMO.00002291.v1.g445260.t1	63.7	4.6e-16	232							confirmed	confirmed	strong_only	False	True	True	True	True	True	complete	True	True	True	True	False	False	True
GMO.00002695.v1.g660460.t1	GST	proteome_v1_exact	round1	full_length	GMO.00002695.v1.g660460.t1	63.1	7.1e-16	224							confirmed	confirmed	strong_only	False	True	True	True	True	True	complete	True	True	True	True	False	False	True
GMO.00000174.v1.g002290.t1	GST	proteome_v1_exact	round1	full_length	GMO.00000174.v1.g002290.t1	62.0	1.6e-15	224							confirmed	confirmed	strong_only	False	True	True	True	True	True	complete	True	True	True	True	False	False	True
GMO.00000697.v1.g048130.t1	GST	proteome_v1_exact	round1	full_length	GMO.00000697.v1.g048130.t1	61.4	2.4e-15	232							confirmed	confirmed	strong_only	False	True	True	True	True	True	complete	True	True	True	True	False	False	True
GMO.00001050.v1.g096430.t1	GST	proteome_v1_exact	round1	full_length	GMO.00001050.v1.g096430.t1	61.0	3.3e-15	225							confirmed	confirmed	strong_only	False	True	True	True	True	True	complete	True	True	True	True	False	False	True
GMO.00001573.v1.g199890.t1	GST	proteome_v1_exact	round1	full_length	GMO.00001573.v1.g199890.t1	60.6	4.2e-15	228							confirmed	confirmed	strong_only	False	True	True	True	True	True	complete	True	True	True	True	False	False	True
GMO.00002336.v1.g487520.t1	GST	proteome_v1_exact	round1	full_length	GMO.00002336.v1.g487520.t1	60.6	4.2e-15	228							confirmed	confirmed	strong_only	False	True	True	True	True	True	complete	True	True	True	True	False	False	True
GMO.00001490.v1.g184070.t1	GST	proteome_v1_exact	round1	full_length	GMO.00001490.v1.g184070.t1	57.7	3.4e-14	230							confirmed	confirmed	strong_only	False	True	True	True	True	True	complete	True	True	True	True	False	False	True
GMO.00002253.v1.g372260.t1	GST	proteome_v1_exact	round1	full_length	GMO.00002253.v1.g372260.t1	56.9	6.1e-14	418							confirmed	confirmed	strong_only	False	True	True	True	True	True	complete	True	True	True	True	False	False	True
GMO.00001513.v1.g191250.t1	GST	proteome_v1_exact	round1	full_length	GMO.00001513.v1.g191250.t1	56.8	6.7e-14	419							confirmed	confirmed	strong_only	False	True	True	True	True	True	complete	True	True	True	True	False	False	True
GMO.00002326.v1.g482460.t1	GST	proteome_v1_exact	round1	full_length	GMO.00002326.v1.g482460.t1	56.8	6.8e-14	230							confirmed	confirmed	strong_only	False	True	True	True	True	True	complete	True	True	True	True	False	False	True
GMO.00002356.v1.g506090.t1	GST	proteome_v1_exact	round1	full_length	GMO.00002356.v1.g506090.t1	56.8	6.7e-14	419							confirmed	confirmed	strong_only	False	True	True	True	True	True	complete	True	True	True	True	False	False	True
GMO.00002317.v1.g452520.t1	LF_synthase	proteome_v1_exact	round1	full_length	GMO.00002317.v1.g452520.t1	73.0	8.8e-19	186							confirmed	confirmed	strong_only	False	True	True	True	True	True	complete	True	True	True	True	False	False	True
GMO.00002695.v1.g661350.t1	LF_synthase	proteome_v1_exact	round1	full_length	GMO.00002695.v1.g661350.t1	73.0	8.8e-19	186							confirmed	confirmed	strong_only	False	True	True	True	True	True	complete	True	True	True	True	False	False	True
GMO.00001607.v1.g209960.t1	LF_synthase	proteome_v1_exact	round1	full_length	GMO.00001607.v1.g209960.t1	70.7	4.3e-18	170							confirmed	confirmed	strong_only	False	True	True	True	True	True	complete	True	True	True	True	False	False	True
GMO.00001111.v1.g112310.t1	LF_synthase	proteome_v1_exact	round1	full_length	GMO.00001111.v1.g112310.t1	69.8	8.3e-18	193							confirmed	confirmed	strong_only	False	True	True	True	True	True	complete	True	True	True	True	False	False	True
GMO.00000574.v1.g031970.t1	LF_synthase	proteome_v1_exact	round1	full_length	GMO.00000574.v1.g031970.t1	69.2	1.2e-17	170							confirmed	confirmed	strong_only	False	True	True	True	True	True	complete	True	True	True	True	False	False	True
GMO.00000574.v1.g027720.t1	LF_synthase	proteome_v1_exact	round1	full_length	GMO.00000574.v1.g027720.t1	67.9	3.2e-17	205							confirmed	confirmed	strong_only	False	True	True	True	True	True	complete	True	True	True	True	False	False	True
GMO.00002345.v1.g494660.t1	LF_synthase	proteome_v1_exact	round1	full_length	GMO.00002345.v1.g494660.t1	67.9	3.2e-17	205							confirmed	confirmed	strong_only	False	True	True	True	True	True	complete	True	True	True	True	False	False	True
GMO.00002253.v1.g383580.t1	LF_synthase	proteome_v1_exact	round1	full_length	GMO.00002253.v1.g383580.t1	62.8	1.2e-15	173							confirmed	confirmed	strong_only	False	True	True	True	True	True	complete	True	True	True	True	False	False	True
GMO.00002216.v1.g345800.t1	LOX	proteome_v1_exact	round1	full_length	GMO.00002216.v1.g345800.t1	1075.9	0.0e+00	861							confirmed	confirmed	strong_only	False	True	True	True	True	True	complete	True	True	True	True	False	False	True
GMO.00001513.v1.g189860.t1	LOX	proteome_v1_exact	round1	full_length	GMO.00001513.v1.g189860.t1	1069.4	0.0e+00	917							confirmed	confirmed	strong_only	False	True	True	True	True	True	complete	True	True	True	True	False	False	True
GMO.00002356.v1.g504640.t1	LOX	proteome_v1_exact	round1	full_length	GMO.00002356.v1.g504640.t1	1069.0	0.0e+00	917							confirmed	confirmed	strong_only	False	True	True	True	True	True	complete	True	True	True	True	False	False	True
GMO.00002216.v1.g345670.t1	LOX	proteome_v1_exact	round1	full_length	GMO.00002216.v1.g345670.t1	1059.5	1.7e-317	956							confirmed	confirmed	strong_only	False	True	True	True	True	True	complete	True	True	True	True	False	False	True
GMO.00002216.v1.g345790.t1	LOX	proteome_v1_exact	round1	full_length	GMO.00002216.v1.g345790.t1	1058.1	4.8e-317	872							confirmed	confirmed	strong_only	False	True	True	True	True	True	complete	True	True	True	True	False	False	True
GMO.00001513.v1.g189850.t1	LOX	proteome_v1_exact	round1	full_length	GMO.00001513.v1.g189850.t1	1057.9	5.0e-317	907							confirmed	confirmed	strong_only	False	True	True	True	True	True	complete	True	True	True	True	False	False	True
GMO.00002356.v1.g504630.t1	LOX	proteome_v1_exact	round1	full_length	GMO.00002356.v1.g504630.t1	1057.9	5.0e-317	909							confirmed	confirmed	strong_only	False	True	True	True	True	True	complete	True	True	True	True	False	False	True
GMO.00002216.v1.g345780.t1	LOX	proteome_v1_exact	round1	full_length	GMO.00002216.v1.g345780.t1	1054.2	6.7e-316	803							confirmed	confirmed	strong_only	False	True	True	True	True	True	complete	True	True	True	True	False	False	True
GMO.00001513.v1.g189840.t1	LOX	proteome_v1_exact	round1	full_length	GMO.00001513.v1.g189840.t1	1052.8	1.8e-315	931							confirmed	confirmed	strong_only	False	True	True	True	True	True	complete	True	True	True	True	False	False	True
GMO.00001016.v1.g092500.t1	LOX	proteome_v1_exact	round1	full_length	GMO.00001016.v1.g092500.t1	1052.4	2.5e-315	860							confirmed	confirmed	strong_only	False	True	True	True	True	True	complete	True	True	True	True	False	False	True
GMO.00002516.v1.g581300.t1	LOX	proteome_v1_exact	round1	full_length	GMO.00002516.v1.g581300.t1	1051.9	3.5e-315	860							confirmed	confirmed	strong_only	False	True	True	True	True	True	complete	True	True	True	True	False	False	True
GMO.00002356.v1.g504770.t1	LOX	proteome_v1_exact	round1	full_length	GMO.00002356.v1.g504770.t1	1051.5	4.6e-315	923							confirmed	confirmed	strong_only	False	True	True	True	True	True	complete	True	True	True	True	False	False	True
GMO.00001513.v1.g189890.t1	LOX	proteome_v1_exact	round1	full_length	GMO.00001513.v1.g189890.t1	1051.0	6.2e-315	923							confirmed	confirmed	strong_only	False	True	True	True	True	True	complete	True	True	True	True	False	False	True
GMO.00000571.v1.g025000.t1	LOX	proteome_v1_exact	round1	full_length	GMO.00000571.v1.g025000.t1	1046.0	2.1e-313	936							confirmed	confirmed	strong_only	False	True	True	True	True	True	complete	True	True	True	True	False	False	True
GMO.00002325.v1.g479150.t1	LOX	proteome_v1_exact	round1	full_length	GMO.00002325.v1.g479150.t1	1046.0	2.1e-313	936							confirmed	confirmed	strong_only	False	True	True	True	True	True	complete	True	True	True	True	False	False	True
GMO.00002176.v1.g331990.t1	LOX	proteome_v1_exact	round1	full_length	GMO.00002176.v1.g331990.t1	1044.0	8.2e-313	873							confirmed	confirmed	strong_only	False	True	True	True	True	True	complete	True	True	True	True	False	False	True
GMO.00002216.v1.g345680.t1	LOX	proteome_v1_exact	round1	full_length	GMO.00002216.v1.g345680.t1	1041.4	5.1e-312	849							confirmed	confirmed	strong_only	False	True	True	True	True	True	complete	True	True	True	True	False	False	True
GMO.00002319.v1.g466540.t1	LOX	proteome_v1_exact	round1	full_length	GMO.00002319.v1.g466540.t1	1039.4	2.1e-311	932							confirmed	confirmed	strong_only	False	True	True	True	True	True	complete	True	True	True	True	False	False	True
GMO.00002415.v1.g519410.t1	LOX	proteome_v1_exact	round1	full_length	GMO.00002415.v1.g519410.t1	1039.4	2.1e-311	932							confirmed	confirmed	strong_only	False	True	True	True	True	True	complete	True	True	True	True	False	False	True
GMO.00002216.v1.g362160.t1	LOX	proteome_v1_exact	round1	full_length	GMO.00002216.v1.g362160.t1	1035.9	2.4e-310	876							confirmed	confirmed	strong_only	False	True	True	True	True	True	complete	True	True	True	True	False	False	True
GMO.00002176.v1.g311800.t1	LOX	proteome_v1_exact	round1	full_length	GMO.00002176.v1.g311800.t1	1035.6	3.0e-310	869							confirmed	confirmed	strong_only	False	True	True	True	True	True	complete	True	True	True	True	False	False	True
GMO.00002226.v1.g367190.t1	LOX	proteome_v1_exact	round1	full_length	GMO.00002226.v1.g367190.t1	1035.5	3.2e-310	876							confirmed	confirmed	strong_only	False	True	True	True	True	True	complete	True	True	True	True	False	False	True
GMO.00001513.v1.g189910.t1	LOX	proteome_v1_exact	round1	full_length	GMO.00001513.v1.g189910.t1	1034.6	6.1e-310	929							confirmed	confirmed	strong_only	False	True	True	True	True	True	complete	True	True	True	True	False	False	True
GMO.00002356.v1.g504750.t1	LOX	proteome_v1_exact	round1	full_length	GMO.00002356.v1.g504750.t1	1029.5	2.1e-308	929							confirmed	confirmed	strong_only	False	True	True	True	True	True	complete	True	True	True	True	False	False	True
GMO.00001513.v1.g189920.t1	LOX	proteome_v1_exact	round1	full_length	GMO.00001513.v1.g189920.t1	1003.4	1.7e-300	927							confirmed	confirmed	strong_only	False	True	True	True	True	True	complete	True	True	True	True	False	False	True
GMO.00002356.v1.g504740.t1	LOX	proteome_v1_exact	round1	full_length	GMO.00002356.v1.g504740.t1	1001.3	7.1e-300	929							confirmed	confirmed	strong_only	False	True	True	True	True	True	complete	True	True	True	True	False	False	True
GMO.00001513.v1.g189930.t1	LOX	proteome_v1_exact	round1	full_length	GMO.00001513.v1.g189930.t1	993.9	1.2e-297	929							confirmed	confirmed	strong_only	False	True	True	True	True	True	complete	True	True	True	True	False	False	True
GMO.00002356.v1.g504730.t1	LOX	proteome_v1_exact	round1	full_length	GMO.00002356.v1.g504730.t1	993.1	2.2e-297	927							confirmed	confirmed	strong_only	False	True	True	True	True	True	complete	True	True	True	True	False	False	True
GMO.00002218.v1.g365940.t1	LOX	proteome_v1_exact	round1	full_length	GMO.00002218.v1.g365940.t1	799.4	8.9e-239	841							confirmed	confirmed	strong_only	False	True	True	True	True	True	complete	True	True	True	True	False	False	True
GMO.00002356.v1.g504590.t1	LOX	proteome_v1_exact	round1	full_length	GMO.00002356.v1.g504590.t1	118.8	8.0e-33	337							partial	partial	strong_only	False	True	True	True	True	True	complete	True	True	True	True	False	False	True
GMO.00001695.v1.g225230.t1	MGL	proteome_v1_exact	round2	full_length	GMO.00001695.v1.g225230.t1	285.6	1.3e-83	448	CBL|CGS|CSCBL_like|MGL_artocarpus|MGL_cannabis|MGL_durio	plp_pf01053	phylogeny_nearest_reference	resolved	A0A803PP87	MGL	confirmed	confirmed	strong_plus_weaker	False	True	True	True	True	True		True	True	True	True	False	False	True
GMO.00002556.v1.g618800.t1	MGL	proteome_v1_exact	round2	full_length	GMO.00002556.v1.g618800.t1	285.6	1.3e-83	448	CBL|CGS|CSCBL_like|MGL_artocarpus|MGL_cannabis|MGL_durio	plp_pf01053	phylogeny_nearest_reference	resolved	A0A803PP87	MGL	confirmed	confirmed	strong_plus_weaker	False	True	True	True	True	True		True	True	True	True	False	False	True
GMO.00002319.v1.g469810.t1	Myrosinase	proteome_v1_exact	round1	full_length	GMO.00002319.v1.g469810.t1	990.0	3.6e-297	1057							confirmed	confirmed	strong_only	False	True	True	True	True	True	complete	True	True	True	True	False	False	True
GMO.00001343.v1.g163370.t1	Myrosinase	proteome_v1_exact	round1	full_length	GMO.00001343.v1.g163370.t1	571.0	4.5e-170	495							confirmed	confirmed	strong_only	False	True	True	True	True	True	complete	True	True	True	True	False	False	True
GMO.00001385.v1.g171830.t1	Myrosinase	proteome_v1_exact	round1	full_length	GMO.00001385.v1.g171830.t1	571.0	4.5e-170	495							confirmed	confirmed	strong_only	False	True	True	True	True	True	complete	True	True	True	True	False	False	True
GMO.00002275.v1.g403640.t1	Myrosinase	proteome_v1_exact	round1	full_length	GMO.00002275.v1.g403640.t1	555.1	3.1e-165	500							confirmed	confirmed	strong_only	False	True	True	True	True	True	complete	True	True	True	True	False	False	True
GMO.00000537.v1.g020960.t1	Myrosinase	proteome_v1_exact	round1	full_length	GMO.00000537.v1.g020960.t1	552.4	2.0e-164	500							confirmed	confirmed	strong_only	False	True	True	True	True	True	complete	True	True	True	True	False	False	True
GMO.00002356.v1.g504710.t2	Myrosinase	proteome_v1_exact	round1	full_length	GMO.00002356.v1.g504710.t2	541.8	3.3e-161	484							confirmed	confirmed	strong_only	False	True	True	True	True	True	complete	True	True	True	True	False	False	True
GMO.00001513.v1.g189950.t1	Myrosinase	proteome_v1_exact	round1	full_length	GMO.00001513.v1.g189950.t1	541.2	5.0e-161	528							confirmed	confirmed	strong_only	False	True	True	True	True	True	complete	True	True	True	True	False	False	True
GMO.00001050.v1.g096410.t2	Myrosinase	proteome_v1_exact	round1	full_length	GMO.00001050.v1.g096410.t2	534.4	6.0e-159	507							confirmed	confirmed	strong_only	False	True	True	True	True	True	complete	True	True	True	True	False	False	True
GMO.00002523.v1.g603190.t1	Myrosinase	proteome_v1_exact	round1	full_length	GMO.00002523.v1.g603190.t1	533.8	8.7e-159	517							confirmed	confirmed	strong_only	False	True	True	True	True	True	complete	True	True	True	True	False	False	True
GMO.00001856.v1.g257650.t1	Myrosinase	proteome_v1_exact	round1	full_length	GMO.00001856.v1.g257650.t1	526.9	1.1e-156	509							confirmed	confirmed	strong_only	False	True	True	True	True	True	complete	True	True	True	True	False	False	True
GMO.00002277.v1.g422660.t1	Myrosinase	proteome_v1_exact	round1	full_length	GMO.00002277.v1.g422660.t1	525.8	2.3e-156	509							confirmed	confirmed	strong_only	False	True	True	True	True	True	complete	True	True	True	True	False	False	True
GMO.00001050.v1.g096390.t2	Myrosinase	proteome_v1_exact	round1	full_length	GMO.00001050.v1.g096390.t2	525.7	2.6e-156	511							confirmed	confirmed	strong_only	False	True	True	True	True	True	complete	True	True	True	True	False	False	True
GMO.00002523.v1.g603210.t2	Myrosinase	proteome_v1_exact	round1	full_length	GMO.00002523.v1.g603210.t2	524.7	5.3e-156	511							confirmed	confirmed	strong_only	False	True	True	True	True	True	complete	True	True	True	True	False	False	True
GMO.00000827.v1.g069880.t1	Myrosinase	proteome_v1_exact	round1	full_length	GMO.00000827.v1.g069880.t1	524.4	6.2e-156	497							confirmed	confirmed	strong_only	False	True	True	True	True	True	complete	True	True	True	True	False	False	True
GMO.00002523.v1.g603200.t2	Myrosinase	proteome_v1_exact	round1	full_length	GMO.00002523.v1.g603200.t2	523.6	1.1e-155	499							confirmed	confirmed	strong_only	False	True	True	True	True	True	complete	True	True	True	True	False	False	True
GMO.00001050.v1.g096400.t2	Myrosinase	proteome_v1_exact	round1	full_length	GMO.00001050.v1.g096400.t2	523.5	1.1e-155	499							confirmed	confirmed	strong_only	False	True	True	True	True	True	complete	True	True	True	True	False	False	True
GMO.00002356.v1.g504720.t3	Myrosinase	proteome_v1_exact	round1	full_length	GMO.00002356.v1.g504720.t3	521.9	3.6e-155	524							confirmed	confirmed	strong_only	False	True	True	True	True	True	complete	True	True	True	True	False	False	True
GMO.00001513.v1.g189940.t1	Myrosinase	proteome_v1_exact	round1	full_length	GMO.00001513.v1.g189940.t1	521.7	4.1e-155	528							confirmed	confirmed	strong_only	False	True	True	True	True	True	complete	True	True	True	True	False	False	True
GMO.00000827.v1.g069860.t2	Myrosinase	proteome_v1_exact	round1	full_length	GMO.00000827.v1.g069860.t2	521.5	4.8e-155	510							confirmed	confirmed	strong_only	False	True	True	True	True	True	complete	True	True	True	True	False	False	True
GMO.00002277.v1.g413260.t1	Myrosinase	proteome_v1_exact	round1	full_length	GMO.00002277.v1.g413260.t1	518.0	5.4e-154	508							confirmed	confirmed	strong_only	False	True	True	True	True	True	complete	True	True	True	True	False	False	True
GMO.00002176.v1.g312690.t1	Myrosinase	proteome_v1_exact	round1	full_length	GMO.00002176.v1.g312690.t1	513.1	1.7e-152	517							confirmed	confirmed	strong_only	False	True	True	True	True	True	complete	True	True	True	True	False	False	True
GMO.00001527.v1.g192460.t1	Myrosinase	proteome_v1_exact	round1	full_length	GMO.00001527.v1.g192460.t1	512.5	2.6e-152	509							confirmed	confirmed	strong_only	False	True	True	True	True	True	complete	True	True	True	True	False	False	True
GMO.00002277.v1.g413310.t1	Myrosinase	proteome_v1_exact	round1	full_length	GMO.00002277.v1.g413310.t1	512.3	3.0e-152	509							confirmed	confirmed	strong_only	False	True	True	True	True	True	complete	True	True	True	True	False	False	True
GMO.00001527.v1.g192620.t1	Myrosinase	proteome_v1_exact	round1	full_length	GMO.00001527.v1.g192620.t1	511.7	4.5e-152	508							confirmed	confirmed	strong_only	False	True	True	True	True	True	complete	True	True	True	True	False	False	True
GMO.00001050.v1.g096380.t1	Myrosinase	proteome_v1_exact	round1	full_length	GMO.00001050.v1.g096380.t1	502.5	2.7e-149	481							confirmed	confirmed	strong_only	False	True	True	True	True	True	complete	True	True	True	True	False	False	True
GMO.00002523.v1.g603220.t1	Myrosinase	proteome_v1_exact	round1	full_length	GMO.00002523.v1.g603220.t1	502.4	3.1e-149	481							confirmed	confirmed	strong_only	False	True	True	True	True	True	complete	True	True	True	True	False	False	True
GMO.00001378.v1.g171120.t2	Myrosinase	proteome_v1_exact	round1	full_length	GMO.00001378.v1.g171120.t2	495.9	2.8e-147	512							confirmed	confirmed	strong_only	False	True	True	True	True	True	complete	True	True	True	True	False	False	True
GMO.00002288.v1.g439230.t1	Myrosinase	proteome_v1_exact	round1	full_length	GMO.00002288.v1.g439230.t1	495.3	4.2e-147	519							confirmed	confirmed	strong_only	False	True	True	True	True	True	complete	True	True	True	True	False	False	True
GMO.00001378.v1.g171180.t1	Myrosinase	proteome_v1_exact	round1	full_length	GMO.00001378.v1.g171180.t1	492.5	2.9e-146	548							confirmed	confirmed	strong_only	False	True	True	True	True	True	complete	True	True	True	True	False	False	True
GMO.00002288.v1.g439150.t1	Myrosinase	proteome_v1_exact	round1	full_length	GMO.00002288.v1.g439150.t1	492.3	3.5e-146	548							confirmed	confirmed	strong_only	False	True	True	True	True	True	complete	True	True	True	True	False	False	True
GMO.00000845.v1.g075370.t2	Myrosinase	proteome_v1_exact	round1	full_length	GMO.00000845.v1.g075370.t2	487.6	9.5e-145	521							confirmed	confirmed	strong_only	False	True	True	True	True	True	complete	True	True	True	True	False	False	True
GMO.00002319.v1.g458380.t3	Myrosinase	proteome_v1_exact	round1	full_length	GMO.00002319.v1.g458380.t3	487.6	9.5e-145	521							confirmed	confirmed	strong_only	False	True	True	True	True	True	complete	True	True	True	True	False	False	True
GMO.00001378.v1.g171130.t1	Myrosinase	proteome_v1_exact	round1	full_length	GMO.00001378.v1.g171130.t1	486.3	2.3e-144	564							confirmed	confirmed	strong_only	False	True	True	True	True	True	complete	True	True	True	True	False	False	True
GMO.00002288.v1.g439220.t1	Myrosinase	proteome_v1_exact	round1	full_length	GMO.00002288.v1.g439220.t1	484.5	8.2e-144	564							confirmed	confirmed	strong_only	False	True	True	True	True	True	complete	True	True	True	True	False	False	True
GMO.00000937.v1.g087670.t1	Myrosinase	proteome_v1_exact	round1	full_length	GMO.00000937.v1.g087670.t1	288.4	2.5e-84	254							confirmed	confirmed	strong_only	False	True	True	True	True	True	complete	True	True	True	True	False	False	True
GMO.00002275.v1.g403610.t1	Myrosinase	proteome_v1_exact	round1	full_length	GMO.00002275.v1.g403610.t1	217.8	6.4e-63	237							confirmed	confirmed	strong_only	False	True	True	True	True	True	complete	True	True	True	True	False	False	True
GMO.00000937.v1.g087690.t1	Myrosinase	proteome_v1_exact	round1	full_length	GMO.00000937.v1.g087690.t1	213.8	1.0e-61	269							confirmed	confirmed	strong_only	False	True	True	True	True	True	complete	True	True	True	True	False	False	True
GMO.00002284.v1.g432940.t2	Myrosinase	proteome_v1_exact	round1	full_length	GMO.00002284.v1.g432940.t2	213.8	1.0e-61	269							confirmed	confirmed	strong_only	False	True	True	True	True	True	complete	True	True	True	True	False	False	True
GMO.00002284.v1.g432920.t1	Myrosinase	proteome_v1_exact	round1	full_length	GMO.00002284.v1.g432920.t1	196.5	1.9e-56	163							confirmed	confirmed	strong_only	False	True	True	True	True	True	complete	True	True	True	True	False	False	True
GMO.00000172.v1.g002150.t1	Myrosinase	proteome_v1_exact	round1	full_length	GMO.00000172.v1.g002150.t1	182.2	3.9e-52	664							confirmed	confirmed	strong_only	False	True	True	True	True	True	complete	True	True	True	True	False	False	True
GMO.00000176.v1.g002350.t1	Myrosinase	proteome_v1_exact	round1	full_length	GMO.00000176.v1.g002350.t1	182.2	3.9e-52	664							confirmed	confirmed	strong_only	False	True	True	True	True	True	complete	True	True	True	True	False	False	True
GMO.00002176.v1.g336480.t1	Myrosinase	proteome_v1_exact	round1	full_length	GMO.00002176.v1.g336480.t1	182.2	3.9e-52	664							confirmed	confirmed	strong_only	False	True	True	True	True	True	complete	True	True	True	True	False	False	True
GMO.00002356.v1.g504650.t1	Myrosinase	proteome_v1_exact	round1	full_length	GMO.00002356.v1.g504650.t1	136.9	2.2e-38	136							confirmed	confirmed	strong_only	False	True	True	True	True	True	complete	True	True	True	True	False	False	True
GMO.00002284.v1.g432890.t1	Myrosinase	proteome_v1_exact	round1	full_length	GMO.00002284.v1.g432890.t1	65.2	1.2e-16	104							partial	partial	strong_only	False	True	True	True	True	True	complete	True	True	True	True	False	False	True
GMO.00000872.v1.g079810.t1	OASTL	proteome_v1_exact	round2	full_length	GMO.00000872.v1.g079810.t1	623.8	2.9e-187	385							confirmed	confirmed	strong_only	False	True	True	True	True	True	complete	True	True	True	True	False	False	True
GMO.00002319.v1.g473590.t1	OASTL	proteome_v1_exact	round2	full_length	GMO.00002319.v1.g473590.t1	623.1	4.7e-187	385							confirmed	confirmed	strong_only	False	True	True	True	True	True	complete	True	True	True	True	False	False	True
GMO.00002216.v1.g357410.t1	OASTL	proteome_v1_exact	round2	full_length	GMO.00002216.v1.g357410.t1	528.5	2.6e-158	326							confirmed	confirmed	strong_only	False	True	True	True	True	True	complete	True	True	True	True	False	False	True
GMO.00002216.v1.g357860.t1	OASTL	proteome_v1_exact	round2	full_length	GMO.00002216.v1.g357860.t1	511.3	4.3e-153	327							confirmed	confirmed	strong_only	False	True	True	True	True	True	complete	True	True	True	True	False	False	True
GMO.00002216.v1.g357420.t1	OASTL	proteome_v1_exact	round2	full_length	GMO.00002216.v1.g357420.t1	510.1	1.0e-152	324							confirmed	confirmed	strong_only	False	True	True	True	True	True	complete	True	True	True	True	False	False	True
GMO.00002216.v1.g357480.t1	OASTL	proteome_v1_exact	round2	full_length	GMO.00002216.v1.g357480.t1	503.5	1.0e-150	324							confirmed	confirmed	strong_only	False	True	True	True	True	True	complete	True	True	True	True	False	False	True
GMO.00002216.v1.g357430.t1	OASTL	proteome_v1_exact	round2	full_length	GMO.00002216.v1.g357430.t1	496.4	1.5e-148	324							confirmed	confirmed	strong_only	False	True	True	True	True	True	complete	True	True	True	True	False	False	True
GMO.00002176.v1.g310720.t1	OASTL	proteome_v1_exact	round2	full_length	GMO.00002176.v1.g310720.t1	459.8	2.0e-137	375							confirmed	confirmed	strong_only	False	True	True	True	True	True	complete	True	True	True	True	False	False	True
GMO.00000840.v1.g073890.t1	OASTL	proteome_v1_exact	round2	full_length	GMO.00000840.v1.g073890.t1	443.4	1.9e-132	382							confirmed	confirmed	strong_only	False	True	True	True	True	True	complete	True	True	True	True	False	False	True
GMO.00002319.v1.g460770.t1	OASTL	proteome_v1_exact	round2	full_length	GMO.00002319.v1.g460770.t1	443.4	1.9e-132	382							confirmed	confirmed	strong_only	False	True	True	True	True	True	complete	True	True	True	True	False	False	True
GMO.00001690.v1.g223580.t3	OASTL	proteome_v1_exact	round2	full_length	GMO.00001690.v1.g223580.t3	268.9	1.6e-78	613							confirmed	confirmed	strong_only	False	True	True	True	True	True	complete	True	True	True	True	False	False	True
GMO.00002465.v1.g546840.t2	OASTL	proteome_v1_exact	round2	full_length	GMO.00002465.v1.g546840.t2	267.3	5.1e-78	613							confirmed	confirmed	strong_only	False	True	True	True	True	True	complete	True	True	True	True	False	False	True
GMO.00000720.v1.g052100.t1	OASTL	proteome_v1_exact	round2	full_length	GMO.00000720.v1.g052100.t1	257.0	7.1e-75	338							confirmed	confirmed	strong_only	False	True	True	True	True	True	complete	True	True	True	True	False	False	True
GMO.00002767.v1.g678500.t1	OASTL	proteome_v1_exact	round2	full_length	GMO.00002767.v1.g678500.t1	257.0	7.1e-75	338							confirmed	confirmed	strong_only	False	True	True	True	True	True	complete	True	True	True	True	False	False	True
GMO.00000720.v1.g052080.t1	OASTL	proteome_v1_exact	round2	full_length	GMO.00000720.v1.g052080.t1	255.5	2.0e-74	335							confirmed	confirmed	strong_only	False	True	True	True	True	True	complete	True	True	True	True	False	False	True
GMO.00002767.v1.g678520.t1	OASTL	proteome_v1_exact	round2	full_length	GMO.00002767.v1.g678520.t1	255.5	2.0e-74	335							confirmed	confirmed	strong_only	False	True	True	True	True	True	complete	True	True	True	True	False	False	True
GMO.00002423.v1.g524030.t1	OASTL	proteome_v1_exact	round2	full_length	GMO.00002423.v1.g524030.t1	226.7	1.2e-65	414							confirmed	confirmed	strong_only	False	True	True	True	True	True	complete	True	True	True	True	False	False	True
GMO.00001712.v1.g229790.t1	OASTL	proteome_v1_exact	round2	full_length	GMO.00001712.v1.g229790.t1	224.8	4.5e-65	414							confirmed	confirmed	strong_only	False	True	True	True	True	True	complete	True	True	True	True	False	False	True
GMO.00001642.v1.g216320.t1	OASTL	proteome_v1_exact	round2	full_length	GMO.00001642.v1.g216320.t1	178.0	8.3e-51	520							confirmed	confirmed	strong_only	False	True	True	True	True	True	complete	True	True	True	True	False	False	True
GMO.00002652.v1.g655400.t1	OASTL	proteome_v1_exact	round2	full_length	GMO.00002652.v1.g655400.t1	177.9	8.4e-51	520							confirmed	confirmed	strong_only	False	True	True	True	True	True	complete	True	True	True	True	False	False	True
GMO.00000872.v1.g080230.t1	OASTL	proteome_v1_exact	round2	full_length	GMO.00000872.v1.g080230.t1	154.6	1.1e-43	465							confirmed	confirmed	strong_only	False	True	True	True	True	True	complete	True	True	True	True	False	False	True
GMO.00002319.v1.g473200.t1	OASTL	proteome_v1_exact	round2	full_length	GMO.00002319.v1.g473200.t1	154.6	1.1e-43	465							confirmed	confirmed	strong_only	False	True	True	True	True	True	complete	True	True	True	True	False	False	True
GMO.00000827.v1.g069910.t2	OASTL	proteome_v1_exact	round2	full_length	GMO.00000827.v1.g069910.t2	150.6	1.9e-42	442							confirmed	confirmed	strong_only	False	True	True	True	True	True	complete	True	True	True	True	False	False	True
GMO.00002319.v1.g469870.t1	OASTL	proteome_v1_exact	round2	full_length	GMO.00002319.v1.g469870.t1	150.0	2.7e-42	468							confirmed	confirmed	strong_only	False	True	True	True	True	True	complete	True	True	True	True	False	False	True
GMO.00000748.v1.g066030.t1	OASTL	proteome_v1_exact	round2	full_length	GMO.00000748.v1.g066030.t1	127.3	2.3e-35	505							confirmed	confirmed	strong_only	False	True	True	True	True	True	complete	True	True	True	True	False	False	True
GMO.00001343.v1.g154890.t1	OASTL	proteome_v1_exact	round2	full_length	GMO.00001343.v1.g154890.t1	127.3	2.3e-35	505							confirmed	confirmed	strong_only	False	True	True	True	True	True	complete	True	True	True	True	False	False	True
GMO.00002449.v1.g533950.t1	OASTL	proteome_v1_exact	round2	full_length	GMO.00002449.v1.g533950.t1	127.3	2.3e-35	505							confirmed	confirmed	strong_only	False	True	True	True	True	True	complete	True	True	True	True	False	False	True
GMO.00002449.v1.g534010.t1	OASTL	proteome_v1_exact	round2	full_length	GMO.00002449.v1.g534010.t1	127.3	2.3e-35	505							confirmed	confirmed	strong_only	False	True	True	True	True	True	complete	True	True	True	True	False	False	True
GMO.00002450.v1.g534050.t1	OASTL	proteome_v1_exact	round2	full_length	GMO.00002450.v1.g534050.t1	127.3	2.3e-35	505							confirmed	confirmed	strong_only	False	True	True	True	True	True	complete	True	True	True	True	False	False	True
GMO.00002452.v1.g534150.t1	OASTL	proteome_v1_exact	round2	full_length	GMO.00002452.v1.g534150.t1	127.3	2.3e-35	505							confirmed	confirmed	strong_only	False	True	True	True	True	True	complete	True	True	True	True	False	False	True
GMO.00001223.v1.g121830.t2	OASTL	proteome_v1_exact	round2	full_length	GMO.00001223.v1.g121830.t2	127.0	2.8e-35	376							confirmed	confirmed	strong_only	False	True	True	True	True	True	complete	True	True	True	True	False	False	True
GMO.00002523.v1.g604010.t2	OASTL	proteome_v1_exact	round2	full_length	GMO.00002523.v1.g604010.t2	126.5	4.1e-35	376							confirmed	confirmed	strong_only	False	True	True	True	True	True	complete	True	True	True	True	False	False	True
GMO.00002271.v1.g395330.t1	OASTL	proteome_v1_exact	round2	full_length	GMO.00002271.v1.g395330.t1	116.6	4.4e-33	78							confirmed	confirmed	strong_only	False	True	True	True	True	True	complete	True	True	True	True	False	False	True
GMO.00001216.v1.g120820.t2	Rhodanese	proteome_v1_exact	round2	full_length	GMO.00001216.v1.g120820.t2	154.3	5.1e-45	131							confirmed	confirmed	strong_only	False	True	True	True	True	True	complete	True	True	True	True	False	False	True
GMO.00002460.v1.g545440.t2	Rhodanese	proteome_v1_exact	round2	full_length	GMO.00002460.v1.g545440.t2	148.8	2.6e-43	131							confirmed	confirmed	strong_only	False	True	True	True	True	True	complete	True	True	True	True	False	False	True
GMO.00002276.v1.g412110.t1	Rhodanese	proteome_v1_exact	round2	full_length	GMO.00002276.v1.g412110.t1	119.4	3.1e-34	137							confirmed	confirmed	strong_only	False	True	True	True	True	True	complete	True	True	True	True	False	False	True
GMO.00002275.v1.g406150.t1	Rhodanese	proteome_v1_exact	round2	full_length	GMO.00002275.v1.g406150.t1	118.0	8.9e-34	137							confirmed	confirmed	strong_only	False	True	True	True	True	True	complete	True	True	True	True	False	False	True
GMO.00001346.v1.g164200.t2	Rhodanese	proteome_v1_exact	round2	full_length	GMO.00001346.v1.g164200.t2	104.2	1.6e-29	176							confirmed	confirmed	strong_only	False	True	True	True	True	True	complete	True	True	True	True	False	False	True
GMO.00002495.v1.g560280.t2	Rhodanese	proteome_v1_exact	round2	full_length	GMO.00002495.v1.g560280.t2	104.2	1.6e-29	176							confirmed	confirmed	strong_only	False	True	True	True	True	True	complete	True	True	True	True	False	False	True
GMO.00000892.v1.g082630.t2	Rhodanese	proteome_v1_exact	round2	full_length	GMO.00000892.v1.g082630.t2	103.9	2.0e-29	176							confirmed	confirmed	strong_only	False	True	True	True	True	True	complete	True	True	True	True	False	False	True
GMO.00002453.v1.g535350.t2	Rhodanese	proteome_v1_exact	round2	full_length	GMO.00002453.v1.g535350.t2	103.9	2.0e-29	176							confirmed	confirmed	strong_only	False	True	True	True	True	True	complete	True	True	True	True	False	False	True
GMO.00001021.v1.g094570.t1	Rhodanese	proteome_v1_exact	round2	full_length	GMO.00001021.v1.g094570.t1	100.2	2.3e-27	380							confirmed	confirmed	strong_only	False	True	True	True	True	True	complete	True	True	True	True	False	False	True
GMO.00002515.v1.g580970.t1	Rhodanese	proteome_v1_exact	round2	full_length	GMO.00002515.v1.g580970.t1	100.2	2.3e-27	380							confirmed	confirmed	strong_only	False	True	True	True	True	True	complete	True	True	True	True	False	False	True
GMO.00001111.v1.g108120.t1	Rhodanese	proteome_v1_exact	round2	full_length	GMO.00001111.v1.g108120.t1	59.9	8.4e-15	237							confirmed	confirmed	strong_only	False	True	True	True	True	True	complete	True	True	True	True	False	False	True
GMO.00001533.v1.g194870.t1	Rhodanese	proteome_v1_exact	round2	full_length	GMO.00001533.v1.g194870.t1	51.9	2.6e-12	135							confirmed	confirmed	strong_only	False	True	True	True	True	True	complete	True	True	True	True	False	False	True
GMO.00002468.v1.g548470.t1	Rhodanese	proteome_v1_exact	round2	full_length	GMO.00002468.v1.g548470.t1	51.9	2.6e-12	135							confirmed	confirmed	strong_only	False	True	True	True	True	True	complete	True	True	True	True	False	False	True
GMO.00000508.v1.g011520.t1	Rhodanese	proteome_v1_exact	round2	full_length	GMO.00000508.v1.g011520.t1	51.4	3.7e-12	180							confirmed	confirmed	strong_only	False	True	True	True	True	True	complete	True	True	True	True	False	False	True
GMO.00000623.v1.g042320.t1	Rhodanese	proteome_v1_exact	round2	full_length	GMO.00000623.v1.g042320.t1	51.4	3.7e-12	180							confirmed	confirmed	strong_only	False	True	True	True	True	True	complete	True	True	True	True	False	False	True
GMO.00002277.v1.g421280.t1	Rhodanese	proteome_v1_exact	round2	full_length	GMO.00002277.v1.g421280.t1	51.4	3.7e-12	180							confirmed	confirmed	strong_only	False	True	True	True	True	True	complete	True	True	True	True	False	False	True
GMO.00001197.v1.g118740.t1	SAMS	proteome_v1_exact	round2	full_length	GMO.00001197.v1.g118740.t1	887.5	2.9e-267	394							confirmed	confirmed	strong_plus_weaker	False	True	True	True	True	True	complete	True	True	True	True	False	False	True
GMO.00002460.v1.g543920.t1	SAMS	proteome_v1_exact	round2	full_length	GMO.00002460.v1.g543920.t1	887.5	2.9e-267	394							confirmed	confirmed	strong_plus_weaker	False	True	True	True	True	True	complete	True	True	True	True	False	False	True
GMO.00002274.v1.g402770.t1	SULT	proteome_v1_exact	round2	full_length	GMO.00002274.v1.g402770.t1	281.7	2.4e-83	352							confirmed	confirmed	strong_only	False	True	True	True	True	True	complete	True	True	True	True	False	False	True
GMO.00002304.v1.g451310.t1	SULT	proteome_v1_exact	round2	full_length	GMO.00002304.v1.g451310.t1	281.7	2.4e-83	352							confirmed	confirmed	strong_only	False	True	True	True	True	True	complete	True	True	True	True	False	False	True
GMO.00001056.v1.g098650.t1	SULT	proteome_v1_exact	round2	full_length	GMO.00001056.v1.g098650.t1	280.7	4.9e-83	313							confirmed	confirmed	strong_only	False	True	True	True	True	True	complete	True	True	True	True	False	False	True
GMO.00002363.v1.g509930.t1	SULT	proteome_v1_exact	round2	full_length	GMO.00002363.v1.g509930.t1	278.4	2.5e-82	312							confirmed	confirmed	strong_only	False	True	True	True	True	True	complete	True	True	True	True	False	False	True
GMO.00002363.v1.g509940.t1	SULT	proteome_v1_exact	round2	full_length	GMO.00002363.v1.g509940.t1	278.3	2.7e-82	313							confirmed	confirmed	strong_only	False	True	True	True	True	True	complete	True	True	True	True	False	False	True
GMO.00001111.v1.g109930.t1	SULT	proteome_v1_exact	round2	full_length	GMO.00001111.v1.g109930.t1	266.2	1.3e-78	311							confirmed	confirmed	strong_only	False	True	True	True	True	True	complete	True	True	True	True	False	False	True
GMO.00001252.v1.g134800.t1	SULT	proteome_v1_exact	round2	full_length	GMO.00001252.v1.g134800.t1	261.9	2.6e-77	329							confirmed	confirmed	strong_only	False	True	True	True	True	True	complete	True	True	True	True	False	False	True
GMO.00002631.v1.g641180.t1	SULT	proteome_v1_exact	round2	full_length	GMO.00002631.v1.g641180.t1	261.6	3.3e-77	331							confirmed	confirmed	strong_only	False	True	True	True	True	True	complete	True	True	True	True	False	False	True
GMO.00001056.v1.g097290.t1	SULT	proteome_v1_exact	round2	full_length	GMO.00001056.v1.g097290.t1	258.9	2.1e-76	342							confirmed	confirmed	strong_only	False	True	True	True	True	True	complete	True	True	True	True	False	False	True
GMO.00002364.v1.g511360.t1	SULT	proteome_v1_exact	round2	full_length	GMO.00002364.v1.g511360.t1	257.0	7.9e-76	342							confirmed	confirmed	strong_only	False	True	True	True	True	True	complete	True	True	True	True	False	False	True
GMO.00001056.v1.g097330.t1	SULT	proteome_v1_exact	round2	full_length	GMO.00001056.v1.g097330.t1	254.8	3.8e-75	339							confirmed	confirmed	strong_only	False	True	True	True	True	True	complete	True	True	True	True	False	False	True
GMO.00002176.v1.g309640.t1	SULT	proteome_v1_exact	round2	full_length	GMO.00002176.v1.g309640.t1	248.1	4.0e-73	336							confirmed	confirmed	strong_only	False	True	True	True	True	True	complete	True	True	True	True	False	False	True
GMO.00002176.v1.g309650.t1	SULT	proteome_v1_exact	round2	full_length	GMO.00002176.v1.g309650.t1	246.8	6.9e-72	357							confirmed	confirmed	strong_only	False	True	True	True	True	True	complete	True	True	True	True	False	False	True
GMO.00002176.v1.g309600.t1	SULT	proteome_v1_exact	round2	full_length	GMO.00002176.v1.g309600.t1	245.5	2.6e-72	342							confirmed	confirmed	strong_only	False	True	True	True	True	True	complete	True	True	True	True	False	False	True
GMO.00002176.v1.g309610.t1	SULT	proteome_v1_exact	round2	full_length	GMO.00002176.v1.g309610.t1	245.3	2.1e-71	332							confirmed	confirmed	strong_only	False	True	True	True	True	True	complete	True	True	True	True	False	False	True
GMO.00002176.v1.g309620.t1	SULT	proteome_v1_exact	round2	full_length	GMO.00002176.v1.g309620.t1	233.8	8.8e-69	348							confirmed	confirmed	strong_only	False	True	True	True	True	True	complete	True	True	True	True	False	False	True
GMO.00001056.v1.g098350.t1	SULT	proteome_v1_exact	round2	full_length	GMO.00001056.v1.g098350.t1	231.4	4.9e-68	301							confirmed	confirmed	strong_only	False	True	True	True	True	True	complete	True	True	True	True	False	False	True
GMO.00002363.v1.g510350.t1	SULT	proteome_v1_exact	round2	full_length	GMO.00002363.v1.g510350.t1	223.5	1.3e-65	301							confirmed	confirmed	strong_only	False	True	True	True	True	True	complete	True	True	True	True	False	False	True
GMO.00001111.v1.g112250.t1	SULT	proteome_v1_exact	round2	full_length	GMO.00001111.v1.g112250.t1	195.9	2.3e-56	240							confirmed	confirmed	strong_only	False	True	True	True	True	True	complete	True	True	True	True	False	False	True
GMO.00001056.v1.g098640.t1	SULT	proteome_v1_exact	round2	full_length	GMO.00001056.v1.g098640.t1	78.2	1.9e-21	96							confirmed	confirmed	strong_only	False	True	True	True	True	True	complete	True	True	True	True	False	False	True
GMO.00002363.v1.g509990.t1	SULT	proteome_v1_exact	round2	full_length	GMO.00002363.v1.g509990.t1	78.2	1.9e-21	96							confirmed	confirmed	strong_only	False	True	True	True	True	True	complete	True	True	True	True	False	False	True
GMO.00002363.v1.g509960.t1	SULT	proteome_v1_exact	round2	full_length	GMO.00002363.v1.g509960.t1	57.5	3.7e-15	72							partial	partial	strong_only	False	True	True	True	True	True	complete	True	True	True	True	False	False	True
GMO.00001605.v1.g208780.t1	UGT	proteome_v1_exact	round2	full_length	GMO.00001605.v1.g208780.t1	519.2	2.3e-155	455							confirmed	confirmed	strong_only	False	True	True	True	True	True	complete	True	True	True	True	False	False	True
GMO.00001665.v1.g217040.t1	UGT	proteome_v1_exact	round2	full_length	GMO.00001665.v1.g217040.t1	519.2	2.3e-155	455							confirmed	confirmed	strong_only	False	True	True	True	True	True	complete	True	True	True	True	False	False	True
GMO.00001355.v1.g166210.t1	UGT	proteome_v1_exact	round2	full_length	GMO.00001355.v1.g166210.t1	419.4	4.2e-125	471							confirmed	confirmed	strong_only	False	True	True	True	True	True	complete	True	True	True	True	False	False	True
GMO.00002290.v1.g442820.t1	UGT	proteome_v1_exact	round2	full_length	GMO.00002290.v1.g442820.t1	414.9	9.5e-124	471							confirmed	confirmed	strong_only	False	True	True	True	True	True	complete	True	True	True	True	False	False	True
GMO.00000872.v1.g079670.t1	UGT	proteome_v1_exact	round2	full_length	GMO.00000872.v1.g079670.t1	380.6	2.5e-113	481							confirmed	confirmed	strong_only	False	True	True	True	True	True	complete	True	True	True	True	False	False	True
GMO.00002319.v1.g473720.t2	UGT	proteome_v1_exact	round2	full_length	GMO.00002319.v1.g473720.t2	380.4	2.9e-113	476							confirmed	confirmed	strong_only	False	True	True	True	True	True	complete	True	True	True	True	False	False	True
GMO.00002176.v1.g339790.t1	UGT	proteome_v1_exact	round2	full_length	GMO.00002176.v1.g339790.t1	245.2	2.9e-72	492							confirmed	confirmed	strong_only	False	True	True	True	True	True	complete	True	True	True	True	False	False	True
GMO.00000193.v1.g004670.t1	UGT	proteome_v1_exact	round2	full_length	GMO.00000193.v1.g004670.t1	242.9	1.4e-71	499							confirmed	confirmed	strong_only	False	True	True	True	True	True	complete	True	True	True	True	False	False	True
GMO.00002176.v1.g339580.t1	UGT	proteome_v1_exact	round2	full_length	GMO.00002176.v1.g339580.t1	220.7	7.7e-65	472							confirmed	confirmed	strong_only	False	True	True	True	True	True	complete	True	True	True	True	False	False	True
GMO.00002176.v1.g339780.t1	UGT	proteome_v1_exact	round2	full_length	GMO.00002176.v1.g339780.t1	220.3	1.1e-64	491							confirmed	confirmed	strong_only	False	True	True	True	True	True	complete	True	True	True	True	False	False	True
GMO.00002176.v1.g339800.t1	UGT	proteome_v1_exact	round2	full_length	GMO.00002176.v1.g339800.t1	216.0	2.1e-63	504							confirmed	confirmed	strong_only	False	True	True	True	True	True	complete	True	True	True	True	False	False	True
GMO.00000193.v1.g004470.t1	UGT	proteome_v1_exact	round2	full_length	GMO.00000193.v1.g004470.t1	214.7	5.2e-63	473							confirmed	confirmed	strong_only	False	True	True	True	True	True	complete	True	True	True	True	False	False	True
GMO.00000193.v1.g004660.t1	UGT	proteome_v1_exact	round2	full_length	GMO.00000193.v1.g004660.t1	213.2	1.5e-62	491							confirmed	confirmed	strong_only	False	True	True	True	True	True	complete	True	True	True	True	False	False	True
GMO.00002176.v1.g339720.t1	UGT	proteome_v1_exact	round2	full_length	GMO.00002176.v1.g339720.t1	193.9	1.1e-56	472							confirmed	confirmed	strong_only	False	True	True	True	True	True	complete	True	True	True	True	False	False	True
GMO.00000193.v1.g004620.t1	UGT	proteome_v1_exact	round2	full_length	GMO.00000193.v1.g004620.t1	193.5	1.4e-56	474							confirmed	confirmed	strong_only	False	True	True	True	True	True	complete	True	True	True	True	False	False	True
GMO.00002176.v1.g339730.t1	UGT	proteome_v1_exact	round2	full_length	GMO.00002176.v1.g339730.t1	184.6	7.2e-54	557							confirmed	confirmed	strong_only	False	True	True	True	True	True	complete	True	True	True	True	False	False	True
GMO.00002275.v1.g406190.t1	UGT	proteome_v1_exact	round2	full_length	GMO.00002275.v1.g406190.t1	181.9	4.7e-53	498							confirmed	confirmed	strong_only	False	True	True	True	True	True	complete	True	True	True	True	False	False	True
GMO.00002276.v1.g412050.t1	UGT	proteome_v1_exact	round2	full_length	GMO.00002276.v1.g412050.t1	181.9	4.7e-53	498							confirmed	confirmed	strong_only	False	True	True	True	True	True	complete	True	True	True	True	False	False	True
GMO.00002468.v1.g548850.t1	UGT	proteome_v1_exact	round2	full_length	GMO.00002468.v1.g548850.t1	181.2	7.6e-53	493							confirmed	confirmed	strong_only	False	True	True	True	True	True	complete	True	True	True	True	False	False	True
GMO.00002276.v1.g412090.t1	UGT	proteome_v1_exact	round2	full_length	GMO.00002276.v1.g412090.t1	181.1	8.2e-53	498							confirmed	confirmed	strong_only	False	True	True	True	True	True	complete	True	True	True	True	False	False	True
GMO.00001343.v1.g156040.t1	UGT	proteome_v1_exact	round2	full_length	GMO.00001343.v1.g156040.t1	181.0	8.5e-53	458							confirmed	confirmed	strong_only	False	True	True	True	True	True	complete	True	True	True	True	False	False	True
GMO.00001399.v1.g180070.t1	UGT	proteome_v1_exact	round2	full_length	GMO.00001399.v1.g180070.t1	180.5	1.2e-52	458							confirmed	confirmed	strong_only	False	True	True	True	True	True	complete	True	True	True	True	False	False	True
GMO.00001247.v1.g133930.t1	UGT	proteome_v1_exact	round2	full_length	GMO.00001247.v1.g133930.t1	179.2	3.2e-52	493							confirmed	confirmed	strong_only	False	True	True	True	True	True	complete	True	True	True	True	False	False	True
GMO.00002176.v1.g339760.t1	UGT	proteome_v1_exact	round2	full_length	GMO.00002176.v1.g339760.t1	177.9	7.8e-52	292							confirmed	confirmed	strong_only	False	True	True	True	True	True	complete	True	True	True	True	False	False	True
GMO.00002275.v1.g406170.t1	UGT	proteome_v1_exact	round2	full_length	GMO.00002275.v1.g406170.t1	177.6	9.4e-52	498							confirmed	confirmed	strong_only	False	True	True	True	True	True	complete	True	True	True	True	False	False	True
GMO.00001227.v1.g123860.t1	UGT	proteome_v1_exact	round2	full_length	GMO.00001227.v1.g123860.t1	177.4	1.1e-51	483							confirmed	confirmed	strong_only	False	True	True	True	True	True	complete	True	True	True	True	False	False	True
GMO.00001247.v1.g133910.t2	UGT	proteome_v1_exact	round2	full_length	GMO.00001247.v1.g133910.t2	174.6	7.6e-51	482							confirmed	confirmed	strong_only	False	True	True	True	True	True	complete	True	True	True	True	False	False	True
GMO.00002468.v1.g548950.t2	UGT	proteome_v1_exact	round2	full_length	GMO.00002468.v1.g548950.t2	173.4	1.7e-50	482							confirmed	confirmed	strong_only	False	True	True	True	True	True	complete	True	True	True	True	False	False	True
GMO.00001177.v1.g117200.t1	UGT	proteome_v1_exact	round2	full_length	GMO.00001177.v1.g117200.t1	173.2	2.0e-50	479							confirmed	confirmed	strong_only	False	True	True	True	True	True	complete	True	True	True	True	False	False	True
GMO.00002283.v1.g427500.t1	UGT	proteome_v1_exact	round2	full_length	GMO.00002283.v1.g427500.t1	172.6	3.2e-50	485							confirmed	confirmed	strong_only	False	True	True	True	True	True	complete	True	True	True	True	False	False	True
GMO.00002283.v1.g427450.t1	UGT	proteome_v1_exact	round2	full_length	GMO.00002283.v1.g427450.t1	171.5	6.8e-50	484							confirmed	confirmed	strong_only	False	True	True	True	True	True	complete	True	True	True	True	False	False	True
GMO.00002468.v1.g548890.t1	UGT	proteome_v1_exact	round2	full_length	GMO.00002468.v1.g548890.t1	171.5	6.8e-50	493							confirmed	confirmed	strong_only	False	True	True	True	True	True	complete	True	True	True	True	False	False	True
GMO.00002354.v1.g499010.t1	UGT	proteome_v1_exact	round2	full_length	GMO.00002354.v1.g499010.t1	171.4	7.0e-50	479							confirmed	confirmed	strong_only	False	True	True	True	True	True	complete	True	True	True	True	False	False	True
GMO.00000895.v1.g084000.t1	UGT	proteome_v1_exact	round2	full_length	GMO.00000895.v1.g084000.t1	171.1	9.0e-50	476							confirmed	confirmed	strong_only	False	True	True	True	True	True	complete	True	True	True	True	False	False	True
GMO.00002453.v1.g537990.t1	UGT	proteome_v1_exact	round2	full_length	GMO.00002453.v1.g537990.t1	169.8	2.1e-49	486							confirmed	confirmed	strong_only	False	True	True	True	True	True	complete	True	True	True	True	False	False	True
GMO.00001227.v1.g123890.t1	UGT	proteome_v1_exact	round2	full_length	GMO.00001227.v1.g123890.t1	169.5	2.7e-49	485							confirmed	confirmed	strong_only	False	True	True	True	True	True	complete	True	True	True	True	False	False	True
GMO.00002275.v1.g406180.t1	UGT	proteome_v1_exact	round2	full_length	GMO.00002275.v1.g406180.t1	169.2	3.4e-49	499							confirmed	confirmed	strong_only	False	True	True	True	True	True	complete	True	True	True	True	False	False	True
GMO.00002276.v1.g412060.t1	UGT	proteome_v1_exact	round2	full_length	GMO.00002276.v1.g412060.t1	169.2	3.4e-49	499							confirmed	confirmed	strong_only	False	True	True	True	True	True	complete	True	True	True	True	False	False	True
GMO.00001227.v1.g123830.t1	UGT	proteome_v1_exact	round2	full_length	GMO.00001227.v1.g123830.t1	167.3	1.3e-48	485							confirmed	confirmed	strong_only	False	True	True	True	True	True	complete	True	True	True	True	False	False	True
GMO.00000895.v1.g083980.t1	UGT	proteome_v1_exact	round2	full_length	GMO.00000895.v1.g083980.t1	166.6	2.0e-48	486							confirmed	confirmed	strong_only	False	True	True	True	True	True	complete	True	True	True	True	False	False	True
GMO.00001399.v1.g180040.t1	UGT	proteome_v1_exact	round2	full_length	GMO.00001399.v1.g180040.t1	166.0	3.1e-48	463							confirmed	confirmed	strong_only	False	True	True	True	True	True	complete	True	True	True	True	False	False	True
GMO.00001694.v1.g224810.t1	UGT	proteome_v1_exact	round2	full_length	GMO.00001694.v1.g224810.t1	165.3	5.2e-48	478							confirmed	confirmed	strong_only	False	True	True	True	True	True	complete	True	True	True	True	False	False	True
GMO.00002555.v1.g617440.t1	UGT	proteome_v1_exact	round2	full_length	GMO.00002555.v1.g617440.t1	165.3	5.2e-48	478							confirmed	confirmed	strong_only	False	True	True	True	True	True	complete	True	True	True	True	False	False	True
GMO.00002453.v1.g537940.t1	UGT	proteome_v1_exact	round2	full_length	GMO.00002453.v1.g537940.t1	164.4	9.5e-48	483							confirmed	confirmed	strong_only	False	True	True	True	True	True	complete	True	True	True	True	False	False	True
GMO.00001343.v1.g155980.t1	UGT	proteome_v1_exact	round2	full_length	GMO.00001343.v1.g155980.t1	163.1	2.3e-47	463							confirmed	confirmed	strong_only	False	True	True	True	True	True	complete	True	True	True	True	False	False	True
GMO.00001177.v1.g117170.t1	UGT	proteome_v1_exact	round2	full_length	GMO.00001177.v1.g117170.t1	161.5	7.5e-47	471							confirmed	confirmed	strong_only	False	True	True	True	True	True	complete	True	True	True	True	False	False	True
GMO.00001690.v1.g222820.t1	UGT	proteome_v1_exact	round2	full_length	GMO.00001690.v1.g222820.t1	161.5	7.1e-47	481							confirmed	confirmed	strong_only	False	True	True	True	True	True	complete	True	True	True	True	False	False	True
GMO.00001690.v1.g222830.t1	UGT	proteome_v1_exact	round2	full_length	GMO.00001690.v1.g222830.t1	161.5	7.3e-47	492							confirmed	confirmed	strong_only	False	True	True	True	True	True	complete	True	True	True	True	False	False	True
GMO.00002465.v1.g547530.t1	UGT	proteome_v1_exact	round2	full_length	GMO.00002465.v1.g547530.t1	161.5	7.3e-47	492							confirmed	confirmed	strong_only	False	True	True	True	True	True	complete	True	True	True	True	False	False	True
GMO.00002465.v1.g547540.t1	UGT	proteome_v1_exact	round2	full_length	GMO.00002465.v1.g547540.t1	161.5	7.1e-47	481							confirmed	confirmed	strong_only	False	True	True	True	True	True	complete	True	True	True	True	False	False	True
GMO.00000895.v1.g084020.t1	UGT	proteome_v1_exact	round2	full_length	GMO.00000895.v1.g084020.t1	161.1	9.4e-47	483							confirmed	confirmed	strong_only	False	True	True	True	True	True	complete	True	True	True	True	False	False	True
GMO.00002354.v1.g499050.t1	UGT	proteome_v1_exact	round2	full_length	GMO.00002354.v1.g499050.t1	158.9	4.5e-46	471							confirmed	confirmed	strong_only	False	True	True	True	True	True	complete	True	True	True	True	False	False	True
GMO.00002253.v1.g377240.t1	UGT	proteome_v1_exact	round2	full_length	GMO.00002253.v1.g377240.t1	158.6	5.3e-46	492							confirmed	confirmed	strong_only	False	True	True	True	True	True	complete	True	True	True	True	False	False	True
GMO.00002695.v1.g661220.t1	UGT	proteome_v1_exact	round2	full_length	GMO.00002695.v1.g661220.t1	157.0	1.7e-45	479							confirmed	confirmed	strong_only	False	True	True	True	True	True	complete	True	True	True	True	False	False	True
GMO.00002317.v1.g452620.t1	UGT	proteome_v1_exact	round2	full_length	GMO.00002317.v1.g452620.t1	155.3	5.4e-45	479							confirmed	confirmed	strong_only	False	True	True	True	True	True	complete	True	True	True	True	False	False	True
GMO.00000895.v1.g084010.t1	UGT	proteome_v1_exact	round2	full_length	GMO.00000895.v1.g084010.t1	155.1	6.3e-45	478							confirmed	confirmed	strong_only	False	True	True	True	True	True	complete	True	True	True	True	False	False	True
GMO.00002453.v1.g537950.t1	UGT	proteome_v1_exact	round2	full_length	GMO.00002453.v1.g537950.t1	154.2	1.2e-44	478							confirmed	confirmed	strong_only	False	True	True	True	True	True	complete	True	True	True	True	False	False	True
GMO.00001385.v1.g174740.t1	UGT	proteome_v1_exact	round2	full_length	GMO.00001385.v1.g174740.t1	153.3	2.3e-44	489							confirmed	confirmed	strong_only	False	True	True	True	True	True	complete	True	True	True	True	False	False	True
GMO.00001047.v1.g096250.t1	UGT	proteome_v1_exact	round2	full_length	GMO.00001047.v1.g096250.t1	152.8	3.2e-44	477							confirmed	confirmed	strong_only	False	True	True	True	True	True	complete	True	True	True	True	False	False	True
GMO.00002425.v1.g524420.t1	UGT	proteome_v1_exact	round2	full_length	GMO.00002425.v1.g524420.t1	152.8	3.2e-44	477							confirmed	confirmed	strong_only	False	True	True	True	True	True	complete	True	True	True	True	False	False	True
GMO.00001343.v1.g160360.t1	UGT	proteome_v1_exact	round2	full_length	GMO.00001343.v1.g160360.t1	152.5	4.0e-44	491							confirmed	confirmed	strong_only	False	True	True	True	True	True	complete	True	True	True	True	False	False	True
GMO.00002453.v1.g537910.t1	UGT	proteome_v1_exact	round2	full_length	GMO.00002453.v1.g537910.t1	149.7	2.8e-43	495							confirmed	confirmed	strong_only	False	True	True	True	True	True	complete	True	True	True	True	False	False	True
GMO.00000895.v1.g083990.t1	UGT	proteome_v1_exact	round2	full_length	GMO.00000895.v1.g083990.t1	149.1	4.2e-43	479							confirmed	confirmed	strong_only	False	True	True	True	True	True	complete	True	True	True	True	False	False	True
GMO.00002466.v1.g547610.t1	UGT	proteome_v1_exact	round2	full_length	GMO.00002466.v1.g547610.t1	148.7	5.5e-43	494							confirmed	confirmed	strong_only	False	True	True	True	True	True	complete	True	True	True	True	False	False	True
GMO.00001343.v1.g155990.t1	UGT	proteome_v1_exact	round2	full_length	GMO.00001343.v1.g155990.t1	148.6	6.1e-43	463							confirmed	confirmed	strong_only	False	True	True	True	True	True	complete	True	True	True	True	False	False	True
GMO.00001817.v1.g250650.t1	UGT	proteome_v1_exact	round2	full_length	GMO.00001817.v1.g250650.t1	146.9	2.7e-41	460							confirmed	confirmed	strong_only	False	True	True	True	True	True	complete	True	True	True	True	False	False	True
GMO.00001343.v1.g156010.t1	UGT	proteome_v1_exact	round2	full_length	GMO.00001343.v1.g156010.t1	146.7	2.2e-42	472							confirmed	confirmed	strong_only	False	True	True	True	True	True	complete	True	True	True	True	False	False	True
GMO.00001111.v1.g110370.t1	UGT	proteome_v1_exact	round2	full_length	GMO.00001111.v1.g110370.t1	146.5	2.5e-42	461							confirmed	confirmed	strong_only	False	True	True	True	True	True	complete	True	True	True	True	False	False	True
GMO.00001399.v1.g180050.t1	UGT	proteome_v1_exact	round2	full_length	GMO.00001399.v1.g180050.t1	146.2	3.2e-42	463							confirmed	confirmed	strong_only	False	True	True	True	True	True	complete	True	True	True	True	False	False	True
GMO.00002427.v1.g525470.t1	UGT	proteome_v1_exact	round2	full_length	GMO.00002427.v1.g525470.t1	145.5	7.2e-41	458							confirmed	confirmed	strong_only	False	True	True	True	True	True	complete	True	True	True	True	False	False	True
GMO.00002782.v1.g683640.t1	UGT	proteome_v1_exact	round2	full_length	GMO.00002782.v1.g683640.t1	144.9	7.8e-42	494							confirmed	confirmed	strong_only	False	True	True	True	True	True	complete	True	True	True	True	False	False	True
GMO.00002612.v1.g636460.t1	UGT	proteome_v1_exact	round2	full_length	GMO.00002612.v1.g636460.t1	144.5	1.0e-41	481							confirmed	confirmed	strong_only	False	True	True	True	True	True	complete	True	True	True	True	False	False	True
GMO.00001343.v1.g155970.t1	UGT	proteome_v1_exact	round2	full_length	GMO.00001343.v1.g155970.t1	143.9	1.6e-41	492							confirmed	confirmed	strong_only	False	True	True	True	True	True	complete	True	True	True	True	False	False	True
GMO.00002273.v1.g402620.t1	UGT	proteome_v1_exact	round2	full_length	GMO.00002273.v1.g402620.t1	143.5	2.0e-41	480							confirmed	confirmed	strong_only	False	True	True	True	True	True	complete	True	True	True	True	False	False	True
GMO.00002601.v1.g630520.t1	UGT	proteome_v1_exact	round2	full_length	GMO.00002601.v1.g630520.t1	143.5	2.0e-41	480							confirmed	confirmed	strong_only	False	True	True	True	True	True	complete	True	True	True	True	False	False	True
GMO.00001399.v1.g180030.t1	UGT	proteome_v1_exact	round2	full_length	GMO.00001399.v1.g180030.t1	143.2	2.6e-41	490							confirmed	confirmed	strong_only	False	True	True	True	True	True	complete	True	True	True	True	False	False	True
GMO.00001343.v1.g160390.t1	UGT	proteome_v1_exact	round2	full_length	GMO.00001343.v1.g160390.t1	143.0	3.0e-41	499							confirmed	confirmed	strong_only	False	True	True	True	True	True	complete	True	True	True	True	False	False	True
GMO.00002453.v1.g537900.t1	UGT	proteome_v1_exact	round2	full_length	GMO.00002453.v1.g537900.t1	142.7	3.7e-41	492							confirmed	confirmed	strong_only	False	True	True	True	True	True	complete	True	True	True	True	False	False	True
GMO.00002466.v1.g547560.t1	UGT	proteome_v1_exact	round2	full_length	GMO.00002466.v1.g547560.t1	142.2	5.1e-41	495							confirmed	confirmed	strong_only	False	True	True	True	True	True	complete	True	True	True	True	False	False	True
GMO.00002783.v1.g683710.t1	UGT	proteome_v1_exact	round2	full_length	GMO.00002783.v1.g683710.t1	142.2	5.1e-41	495							confirmed	confirmed	strong_only	False	True	True	True	True	True	complete	True	True	True	True	False	False	True
GMO.00002553.v1.g615790.t1	UGT	proteome_v1_exact	round2	full_length	GMO.00002553.v1.g615790.t1	141.7	7.2e-41	480							confirmed	confirmed	strong_only	False	True	True	True	True	True	complete	True	True	True	True	False	False	True
GMO.00001690.v1.g222860.t1	UGT	proteome_v1_exact	round2	full_length	GMO.00001690.v1.g222860.t1	141.6	7.6e-41	493							confirmed	confirmed	strong_only	False	True	True	True	True	True	complete	True	True	True	True	False	False	True
GMO.00002465.v1.g547500.t1	UGT	proteome_v1_exact	round2	full_length	GMO.00002465.v1.g547500.t1	141.6	7.6e-41	493							confirmed	confirmed	strong_only	False	True	True	True	True	True	complete	True	True	True	True	False	False	True
GMO.00002317.v1.g452590.t1	UGT	proteome_v1_exact	round2	full_length	GMO.00002317.v1.g452590.t1	141.5	8.6e-41	449							confirmed	confirmed	strong_only	False	True	True	True	True	True	complete	True	True	True	True	False	False	True
GMO.00002453.v1.g537980.t1	UGT	proteome_v1_exact	round2	full_length	GMO.00002453.v1.g537980.t1	141.3	9.4e-41	445							confirmed	confirmed	strong_only	False	True	True	True	True	True	complete	True	True	True	True	False	False	True
GMO.00002304.v1.g451140.t1	UGT	proteome_v1_exact	round2	full_length	GMO.00002304.v1.g451140.t1	140.6	1.6e-40	480							confirmed	confirmed	strong_only	False	True	True	True	True	True	complete	True	True	True	True	False	False	True
GMO.00001385.v1.g174770.t1	UGT	proteome_v1_exact	round2	full_length	GMO.00001385.v1.g174770.t1	140.4	1.9e-40	504							confirmed	confirmed	strong_only	False	True	True	True	True	True	complete	True	True	True	True	False	False	True
GMO.00002695.v1.g661250.t1	UGT	proteome_v1_exact	round2	full_length	GMO.00002695.v1.g661250.t1	140.3	1.9e-40	427							confirmed	confirmed	strong_only	False	True	True	True	True	True	complete	True	True	True	True	False	False	True
GMO.00000895.v1.g084060.t1	UGT	proteome_v1_exact	round2	full_length	GMO.00000895.v1.g084060.t1	140.1	2.3e-40	492							confirmed	confirmed	strong_only	False	True	True	True	True	True	complete	True	True	True	True	False	False	True
GMO.00001690.v1.g222910.t1	UGT	proteome_v1_exact	round2	full_length	GMO.00001690.v1.g222910.t1	139.8	2.8e-40	501							confirmed	confirmed	strong_only	False	True	True	True	True	True	complete	True	True	True	True	False	False	True
GMO.00000743.v1.g063840.t1	UGT	proteome_v1_exact	round2	full_length	GMO.00000743.v1.g063840.t1	139.5	3.5e-40	501							confirmed	confirmed	strong_only	False	True	True	True	True	True	complete	True	True	True	True	False	False	True
GMO.00001177.v1.g117210.t1	UGT	proteome_v1_exact	round2	full_length	GMO.00001177.v1.g117210.t1	139.5	3.3e-40	480							confirmed	confirmed	strong_only	False	True	True	True	True	True	complete	True	True	True	True	False	False	True
GMO.00001508.v1.g187390.t1	UGT	proteome_v1_exact	round2	full_length	GMO.00001508.v1.g187390.t1	139.5	3.5e-40	480							confirmed	confirmed	strong_only	False	True	True	True	True	True	complete	True	True	True	True	False	False	True
GMO.00002354.v1.g499000.t1	UGT	proteome_v1_exact	round2	full_length	GMO.00002354.v1.g499000.t1	139.5	3.3e-40	480							confirmed	confirmed	strong_only	False	True	True	True	True	True	complete	True	True	True	True	False	False	True
GMO.00002271.v1.g400150.t1	UGT	proteome_v1_exact	round2	full_length	GMO.00002271.v1.g400150.t1	139.2	4.1e-40	478							confirmed	confirmed	strong_only	False	True	True	True	True	True	complete	True	True	True	True	False	False	True
GMO.00002702.v1.g663680.t1	UGT	proteome_v1_exact	round2	full_length	GMO.00002702.v1.g663680.t1	139.2	4.1e-40	487							confirmed	confirmed	strong_only	False	True	True	True	True	True	complete	True	True	True	True	False	False	True
GMO.00002465.v1.g547450.t1	UGT	proteome_v1_exact	round2	full_length	GMO.00002465.v1.g547450.t1	139.0	4.7e-40	502							confirmed	confirmed	strong_only	False	True	True	True	True	True	complete	True	True	True	True	False	False	True
GMO.00001385.v1.g174750.t1	UGT	proteome_v1_exact	round2	full_length	GMO.00001385.v1.g174750.t1	138.2	8.7e-40	486							confirmed	confirmed	strong_only	False	True	True	True	True	True	complete	True	True	True	True	False	False	True
GMO.00002658.v1.g657180.t1	UGT	proteome_v1_exact	round2	full_length	GMO.00002658.v1.g657180.t1	138.2	8.7e-40	485							confirmed	confirmed	strong_only	False	True	True	True	True	True	complete	True	True	True	True	False	False	True
GMO.00002695.v1.g660400.t1	UGT	proteome_v1_exact	round2	full_length	GMO.00002695.v1.g660400.t1	138.2	8.3e-40	442							confirmed	confirmed	strong_only	False	True	True	True	True	True	complete	True	True	True	True	False	False	True
GMO.00001399.v1.g180060.t1	UGT	proteome_v1_exact	round2	full_length	GMO.00001399.v1.g180060.t1	138.1	9.2e-40	473							confirmed	confirmed	strong_only	False	True	True	True	True	True	complete	True	True	True	True	False	False	True
GMO.00002453.v1.g537970.t1	UGT	proteome_v1_exact	round2	full_length	GMO.00002453.v1.g537970.t1	137.9	1.0e-39	291							confirmed	confirmed	strong_only	False	True	True	True	True	True	complete	True	True	True	True	False	False	True
GMO.00001573.v1.g199640.t1	UGT	proteome_v1_exact	round2	full_length	GMO.00001573.v1.g199640.t1	137.8	1.1e-39	483							confirmed	confirmed	strong_only	False	True	True	True	True	True	complete	True	True	True	True	False	False	True
GMO.00001573.v1.g199650.t1	UGT	proteome_v1_exact	round2	full_length	GMO.00001573.v1.g199650.t1	137.5	1.4e-39	483							confirmed	confirmed	strong_only	False	True	True	True	True	True	complete	True	True	True	True	False	False	True
GMO.00000574.v1.g034170.t1	UGT	proteome_v1_exact	round2	full_length	GMO.00000574.v1.g034170.t1	137.4	1.5e-39	493							confirmed	confirmed	strong_only	False	True	True	True	True	True	complete	True	True	True	True	False	False	True
GMO.00001343.v1.g160400.t1	UGT	proteome_v1_exact	round2	full_length	GMO.00001343.v1.g160400.t1	137.3	1.6e-39	510							confirmed	confirmed	strong_only	False	True	True	True	True	True	complete	True	True	True	True	False	False	True
GMO.00002336.v1.g487290.t1	UGT	proteome_v1_exact	round2	full_length	GMO.00002336.v1.g487290.t1	137.3	1.5e-39	483							confirmed	confirmed	strong_only	False	True	True	True	True	True	complete	True	True	True	True	False	False	True
GMO.00000895.v1.g084050.t1	UGT	proteome_v1_exact	round2	full_length	GMO.00000895.v1.g084050.t1	136.7	2.4e-39	432							confirmed	confirmed	strong_only	False	True	True	True	True	True	complete	True	True	True	True	False	False	True
GMO.00002466.v1.g547630.t1	UGT	proteome_v1_exact	round2	full_length	GMO.00002466.v1.g547630.t1	135.0	8.1e-39	499							confirmed	confirmed	strong_only	False	True	True	True	True	True	complete	True	True	True	True	False	False	True
GMO.00002782.v1.g683630.t1	UGT	proteome_v1_exact	round2	full_length	GMO.00002782.v1.g683630.t1	135.0	8.1e-39	499							confirmed	confirmed	strong_only	False	True	True	True	True	True	complete	True	True	True	True	False	False	True
GMO.00001343.v1.g160370.t1	UGT	proteome_v1_exact	round2	full_length	GMO.00001343.v1.g160370.t1	134.7	9.5e-39	486							confirmed	confirmed	strong_only	False	True	True	True	True	True	complete	True	True	True	True	False	False	True
GMO.00002466.v1.g547570.t1	UGT	proteome_v1_exact	round2	full_length	GMO.00002466.v1.g547570.t1	133.8	1.8e-38	495							confirmed	confirmed	strong_only	False	True	True	True	True	True	complete	True	True	True	True	False	False	True
GMO.00002782.v1.g683690.t1	UGT	proteome_v1_exact	round2	full_length	GMO.00002782.v1.g683690.t1	133.8	1.8e-38	495							confirmed	confirmed	strong_only	False	True	True	True	True	True	complete	True	True	True	True	False	False	True
GMO.00002783.v1.g683700.t1	UGT	proteome_v1_exact	round2	full_length	GMO.00002783.v1.g683700.t1	133.8	1.8e-38	495							confirmed	confirmed	strong_only	False	True	True	True	True	True	complete	True	True	True	True	False	False	True
GMO.00000574.v1.g034180.t1	UGT	proteome_v1_exact	round2	full_length	GMO.00000574.v1.g034180.t1	133.7	2.0e-38	483							confirmed	confirmed	strong_only	False	True	True	True	True	True	complete	True	True	True	True	False	False	True
GMO.00002466.v1.g547550.t1	UGT	proteome_v1_exact	round2	full_length	GMO.00002466.v1.g547550.t1	133.2	2.9e-38	499							confirmed	confirmed	strong_only	False	True	True	True	True	True	complete	True	True	True	True	False	False	True
GMO.00002725.v1.g671940.t2	UGT	proteome_v1_exact	round2	full_length	GMO.00002725.v1.g671940.t2	133.1	3.1e-38	493							confirmed	confirmed	strong_only	False	True	True	True	True	True	complete	True	True	True	True	False	False	True
GMO.00001399.v1.g179990.t2	UGT	proteome_v1_exact	round2	full_length	GMO.00001399.v1.g179990.t2	132.7	3.8e-38	474							confirmed	confirmed	strong_only	False	True	True	True	True	True	complete	True	True	True	True	False	False	True
GMO.00001343.v1.g155930.t2	UGT	proteome_v1_exact	round2	full_length	GMO.00001343.v1.g155930.t2	132.5	4.5e-38	474							confirmed	confirmed	strong_only	False	True	True	True	True	True	complete	True	True	True	True	False	False	True
GMO.00000193.v1.g004680.t1	UGT	proteome_v1_exact	round2	full_length	GMO.00000193.v1.g004680.t1	132.2	5.8e-38	142							confirmed	confirmed	strong_only	False	True	True	True	True	True	complete	True	True	True	True	False	False	True
GMO.00001595.v1.g202070.t2	UGT	proteome_v1_exact	round2	full_length	GMO.00001595.v1.g202070.t2	131.5	9.3e-38	464							confirmed	confirmed	strong_only	False	True	True	True	True	True	complete	True	True	True	True	False	False	True
GMO.00002728.v1.g672240.t2	UGT	proteome_v1_exact	round2	full_length	GMO.00002728.v1.g672240.t2	131.5	9.3e-38	464							confirmed	confirmed	strong_only	False	True	True	True	True	True	complete	True	True	True	True	False	False	True
GMO.00002356.v1.g504870.t1	UGT	proteome_v1_exact	round2	full_length	GMO.00002356.v1.g504870.t1	131.2	1.2e-37	492							confirmed	confirmed	strong_only	False	True	True	True	True	True	complete	True	True	True	True	False	False	True
GMO.00002453.v1.g537930.t1	UGT	proteome_v1_exact	round2	full_length	GMO.00002453.v1.g537930.t1	131.2	1.1e-37	294							confirmed	confirmed	strong_only	False	True	True	True	True	True	complete	True	True	True	True	False	False	True
GMO.00002354.v1.g497690.t1	UGT	proteome_v1_exact	round2	full_length	GMO.00002354.v1.g497690.t1	131.0	1.3e-37	473							confirmed	confirmed	strong_only	False	True	True	True	True	True	complete	True	True	True	True	False	False	True
GMO.00002283.v1.g427480.t1	UGT	proteome_v1_exact	round2	full_length	GMO.00002283.v1.g427480.t1	130.8	1.5e-37	309							confirmed	confirmed	strong_only	False	True	True	True	True	True	complete	True	True	True	True	False	False	True
GMO.00002354.v1.g497710.t1	UGT	proteome_v1_exact	round2	full_length	GMO.00002354.v1.g497710.t1	130.8	1.5e-37	474							confirmed	confirmed	strong_only	False	True	True	True	True	True	complete	True	True	True	True	False	False	True
GMO.00002283.v1.g427490.t1	UGT	proteome_v1_exact	round2	full_length	GMO.00002283.v1.g427490.t1	130.6	1.8e-37	309							confirmed	confirmed	strong_only	False	True	True	True	True	True	complete	True	True	True	True	False	False	True
GMO.00001227.v1.g123870.t1	UGT	proteome_v1_exact	round2	full_length	GMO.00001227.v1.g123870.t1	129.2	4.7e-37	310							confirmed	confirmed	strong_only	False	True	True	True	True	True	complete	True	True	True	True	False	False	True
GMO.00000895.v1.g084030.t2	UGT	proteome_v1_exact	round2	full_length	GMO.00000895.v1.g084030.t2	128.6	6.9e-37	231							confirmed	confirmed	strong_only	False	True	True	True	True	True	complete	True	True	True	True	False	False	True
GMO.00000539.v1.g020990.t2	UGT	proteome_v1_exact	round2	full_length	GMO.00000539.v1.g020990.t2	127.2	1.8e-36	485							confirmed	confirmed	strong_only	False	True	True	True	True	True	complete	True	True	True	True	False	False	True
GMO.00002276.v1.g411950.t2	UGT	proteome_v1_exact	round2	full_length	GMO.00002276.v1.g411950.t2	127.2	1.8e-36	485							confirmed	confirmed	strong_only	False	True	True	True	True	True	complete	True	True	True	True	False	False	True
GMO.00001111.v1.g109720.t1	UGT	proteome_v1_exact	round2	full_length	GMO.00001111.v1.g109720.t1	126.1	4.0e-36	476							confirmed	confirmed	strong_only	False	True	True	True	True	True	complete	True	True	True	True	False	False	True
GMO.00001513.v1.g190060.t1	UGT	proteome_v1_exact	round2	full_length	GMO.00001513.v1.g190060.t1	125.9	4.6e-36	474							confirmed	confirmed	strong_only	False	True	True	True	True	True	complete	True	True	True	True	False	False	True
GMO.00002275.v1.g406600.t1	UGT	proteome_v1_exact	round2	full_length	GMO.00002275.v1.g406600.t1	124.0	1.7e-35	473							confirmed	confirmed	strong_only	False	True	True	True	True	True	complete	True	True	True	True	False	False	True
GMO.00001111.v1.g113620.t1	UGT	proteome_v1_exact	round2	full_length	GMO.00001111.v1.g113620.t1	123.8	2.0e-35	464							confirmed	confirmed	strong_only	False	True	True	True	True	True	complete	True	True	True	True	False	False	True
GMO.00000395.v1.g009830.t1	UGT	proteome_v1_exact	round2	full_length	GMO.00000395.v1.g009830.t1	123.0	3.4e-35	489							confirmed	confirmed	strong_only	False	True	True	True	True	True	complete	True	True	True	True	False	False	True
GMO.00002253.v1.g370450.t1	UGT	proteome_v1_exact	round2	full_length	GMO.00002253.v1.g370450.t1	123.0	3.4e-35	489							confirmed	confirmed	strong_only	False	True	True	True	True	True	complete	True	True	True	True	False	False	True
GMO.00002275.v1.g406290.t1	UGT	proteome_v1_exact	round2	full_length	GMO.00002275.v1.g406290.t1	122.4	5.3e-35	487							confirmed	confirmed	strong_only	False	True	True	True	True	True	complete	True	True	True	True	False	False	True
GMO.00002354.v1.g497730.t1	UGT	proteome_v1_exact	round2	full_length	GMO.00002354.v1.g497730.t1	122.4	5.4e-35	470							confirmed	confirmed	strong_only	False	True	True	True	True	True	complete	True	True	True	True	False	False	True
GMO.00002276.v1.g411590.t1	UGT	proteome_v1_exact	round2	full_length	GMO.00002276.v1.g411590.t1	121.5	1.0e-34	475							confirmed	confirmed	strong_only	False	True	True	True	True	True	complete	True	True	True	True	False	False	True
GMO.00001111.v1.g113640.t1	UGT	proteome_v1_exact	round2	full_length	GMO.00001111.v1.g113640.t1	121.4	1.0e-34	470							confirmed	confirmed	strong_only	False	True	True	True	True	True	complete	True	True	True	True	False	False	True
GMO.00002782.v1.g683650.t1	UGT	proteome_v1_exact	round2	full_length	GMO.00002782.v1.g683650.t1	121.4	1.1e-34	454							confirmed	confirmed	strong_only	False	True	True	True	True	True	complete	True	True	True	True	False	False	True
GMO.00002466.v1.g547590.t1	UGT	proteome_v1_exact	round2	full_length	GMO.00002466.v1.g547590.t1	119.7	3.5e-34	454							confirmed	confirmed	strong_only	False	True	True	True	True	True	complete	True	True	True	True	False	False	True
GMO.00002368.v1.g516680.t1	UGT	proteome_v1_exact	round2	full_length	GMO.00002368.v1.g516680.t1	118.5	8.2e-34	508							confirmed	confirmed	strong_only	False	True	True	True	True	True	complete	True	True	True	True	False	False	True
GMO.00002783.v1.g683720.t2	UGT	proteome_v1_exact	round2	full_length	GMO.00002783.v1.g683720.t2	118.5	8.2e-34	495							confirmed	confirmed	strong_only	False	True	True	True	True	True	complete	True	True	True	True	False	False	True
GMO.00002275.v1.g406550.t1	UGT	proteome_v1_exact	round2	full_length	GMO.00002275.v1.g406550.t1	117.1	2.2e-33	500							confirmed	confirmed	strong_only	False	True	True	True	True	True	complete	True	True	True	True	False	False	True
GMO.00001111.v1.g113650.t1	UGT	proteome_v1_exact	round2	full_length	GMO.00001111.v1.g113650.t1	116.7	2.7e-33	363							confirmed	confirmed	strong_only	False	True	True	True	True	True	complete	True	True	True	True	False	False	True
GMO.00001736.v1.g233430.t1	UGT	proteome_v1_exact	round2	full_length	GMO.00001736.v1.g233430.t1	116.4	3.6e-33	510							confirmed	confirmed	strong_only	False	True	True	True	True	True	complete	True	True	True	True	False	False	True
GMO.00002276.v1.g411600.t1	UGT	proteome_v1_exact	round2	full_length	GMO.00002276.v1.g411600.t1	115.6	6.3e-33	479							confirmed	confirmed	strong_only	False	True	True	True	True	True	complete	True	True	True	True	False	False	True
GMO.00002564.v1.g620610.t1	UGT	proteome_v1_exact	round2	full_length	GMO.00002564.v1.g620610.t1	115.4	7.0e-33	509							confirmed	confirmed	strong_only	False	True	True	True	True	True	complete	True	True	True	True	False	False	True
GMO.00000613.v1.g037170.t1	UGT	proteome_v1_exact	round2	full_length	GMO.00000613.v1.g037170.t1	115.3	7.4e-33	475							confirmed	confirmed	strong_only	False	True	True	True	True	True	complete	True	True	True	True	False	False	True
GMO.00002354.v1.g497720.t1	UGT	proteome_v1_exact	round2	full_length	GMO.00002354.v1.g497720.t1	115.3	7.4e-33	475							confirmed	confirmed	strong_only	False	True	True	True	True	True	complete	True	True	True	True	False	False	True
GMO.00001690.v1.g223040.t1	UGT	proteome_v1_exact	round2	full_length	GMO.00001690.v1.g223040.t1	115.0	9.4e-33	288							confirmed	confirmed	strong_only	False	True	True	True	True	True	complete	True	True	True	True	False	False	True
GMO.00001385.v1.g172870.t1	UGT	proteome_v1_exact	round2	full_length	GMO.00001385.v1.g172870.t1	114.6	1.2e-32	456							confirmed	confirmed	strong_only	False	True	True	True	True	True	complete	True	True	True	True	False	False	True
GMO.00001513.v1.g189790.t1	UGT	proteome_v1_exact	round2	full_length	GMO.00001513.v1.g189790.t1	114.5	1.3e-32	490							confirmed	confirmed	strong_only	False	True	True	True	True	True	complete	True	True	True	True	False	False	True
GMO.00002356.v1.g504540.t1	UGT	proteome_v1_exact	round2	full_length	GMO.00002356.v1.g504540.t1	114.5	1.3e-32	485							confirmed	confirmed	strong_only	False	True	True	True	True	True	complete	True	True	True	True	False	False	True
GMO.00002275.v1.g406590.t1	UGT	proteome_v1_exact	round2	full_length	GMO.00002275.v1.g406590.t1	114.3	1.5e-32	479							confirmed	confirmed	strong_only	False	True	True	True	True	True	complete	True	True	True	True	False	False	True
GMO.00002283.v1.g426070.t1	UGT	proteome_v1_exact	round2	full_length	GMO.00002283.v1.g426070.t1	114.1	1.7e-32	468							confirmed	confirmed	strong_only	False	True	True	True	True	True	complete	True	True	True	True	False	False	True
GMO.00001044.v1.g095030.t1	UGT	proteome_v1_exact	round2	full_length	GMO.00001044.v1.g095030.t1	113.9	2.0e-32	466							confirmed	confirmed	strong_only	False	True	True	True	True	True	complete	True	True	True	True	False	False	True
GMO.00001111.v1.g113660.t1	UGT	proteome_v1_exact	round2	full_length	GMO.00001111.v1.g113660.t1	113.9	2.0e-32	492							confirmed	confirmed	strong_only	False	True	True	True	True	True	complete	True	True	True	True	False	False	True
GMO.00002283.v1.g426110.t1	UGT	proteome_v1_exact	round2	full_length	GMO.00002283.v1.g426110.t1	113.9	2.0e-32	466							confirmed	confirmed	strong_only	False	True	True	True	True	True	complete	True	True	True	True	False	False	True
GMO.00002465.v1.g547380.t1	UGT	proteome_v1_exact	round2	full_length	GMO.00002465.v1.g547380.t1	113.9	2.0e-32	311							confirmed	confirmed	strong_only	False	True	True	True	True	True	complete	True	True	True	True	False	False	True
GMO.00002601.v1.g631630.t1	UGT	proteome_v1_exact	round2	full_length	GMO.00002601.v1.g631630.t1	113.9	1.9e-32	476							confirmed	confirmed	strong_only	False	True	True	True	True	True	complete	True	True	True	True	False	False	True
GMO.00001343.v1.g162370.t1	UGT	proteome_v1_exact	round2	full_length	GMO.00001343.v1.g162370.t1	111.6	9.9e-32	456							confirmed	confirmed	strong_only	False	True	True	True	True	True	complete	True	True	True	True	False	False	True
GMO.00002354.v1.g499980.t1	UGT	proteome_v1_exact	round2	full_length	GMO.00002354.v1.g499980.t1	110.8	1.7e-31	504							confirmed	confirmed	strong_only	False	True	True	True	True	True	complete	True	True	True	True	False	False	True
GMO.00002276.v1.g411630.t1	UGT	proteome_v1_exact	round2	full_length	GMO.00002276.v1.g411630.t1	110.4	2.3e-31	470							confirmed	confirmed	strong_only	False	True	True	True	True	True	complete	True	True	True	True	False	False	True
GMO.00001044.v1.g095060.t1	UGT	proteome_v1_exact	round2	full_length	GMO.00001044.v1.g095060.t1	110.3	2.4e-31	468							confirmed	confirmed	strong_only	False	True	True	True	True	True	complete	True	True	True	True	False	False	True
GMO.00002285.v1.g435810.t1	UGT	proteome_v1_exact	round2	full_length	GMO.00002285.v1.g435810.t1	109.2	5.2e-31	488							confirmed	confirmed	strong_only	False	True	True	True	True	True	complete	True	True	True	True	False	False	True
GMO.00002356.v1.g504530.t1	UGT	proteome_v1_exact	round2	full_length	GMO.00002356.v1.g504530.t1	109.1	5.5e-31	508							confirmed	confirmed	strong_only	False	True	True	True	True	True	complete	True	True	True	True	False	False	True
GMO.00002176.v1.g324960.t1	UGT	proteome_v1_exact	round2	full_length	GMO.00002176.v1.g324960.t1	107.8	1.4e-30	502							confirmed	confirmed	strong_only	False	True	True	True	True	True	complete	True	True	True	True	False	False	True
GMO.00002275.v1.g406580.t1	UGT	proteome_v1_exact	round2	full_length	GMO.00002275.v1.g406580.t1	107.1	2.3e-30	494							confirmed	confirmed	strong_only	False	True	True	True	True	True	complete	True	True	True	True	False	False	True
GMO.00001513.v1.g189770.t1	UGT	proteome_v1_exact	round2	full_length	GMO.00001513.v1.g189770.t1	107.0	2.5e-30	507							confirmed	confirmed	strong_only	False	True	True	True	True	True	complete	True	True	True	True	False	False	True
GMO.00001736.v1.g233410.t1	UGT	proteome_v1_exact	round2	full_length	GMO.00001736.v1.g233410.t1	106.7	3.1e-30	517							confirmed	confirmed	strong_only	False	True	True	True	True	True	complete	True	True	True	True	False	False	True
GMO.00002368.v1.g516670.t1	UGT	proteome_v1_exact	round2	full_length	GMO.00002368.v1.g516670.t1	106.2	4.4e-30	541							confirmed	confirmed	strong_only	False	True	True	True	True	True	complete	True	True	True	True	False	False	True
GMO.00000531.v1.g014520.t1	UGT	proteome_v1_exact	round2	full_length	GMO.00000531.v1.g014520.t1	106.1	4.8e-30	456							confirmed	confirmed	strong_only	False	True	True	True	True	True	complete	True	True	True	True	False	False	True
GMO.00001229.v1.g124640.t1	UGT	proteome_v1_exact	round2	full_length	GMO.00001229.v1.g124640.t1	106.1	4.8e-30	456							confirmed	confirmed	strong_only	False	True	True	True	True	True	complete	True	True	True	True	False	False	True
GMO.00001513.v1.g189780.t1	UGT	proteome_v1_exact	round2	full_length	GMO.00001513.v1.g189780.t1	106.0	4.9e-30	507							confirmed	confirmed	strong_only	False	True	True	True	True	True	complete	True	True	True	True	False	False	True
GMO.00000555.v1.g022510.t1	UGT	proteome_v1_exact	round2	full_length	GMO.00000555.v1.g022510.t1	105.9	5.3e-30	501							confirmed	confirmed	strong_only	False	True	True	True	True	True	complete	True	True	True	True	False	False	True
GMO.00002356.v1.g504520.t1	UGT	proteome_v1_exact	round2	full_length	GMO.00002356.v1.g504520.t1	105.9	5.4e-30	507							confirmed	confirmed	strong_only	False	True	True	True	True	True	complete	True	True	True	True	False	False	True
GMO.00002176.v1.g323940.t1	UGT	proteome_v1_exact	round2	full_length	GMO.00002176.v1.g323940.t1	105.5	7.1e-30	490							confirmed	confirmed	strong_only	False	True	True	True	True	True	complete	True	True	True	True	False	False	True
GMO.00002276.v1.g411610.t1	UGT	proteome_v1_exact	round2	full_length	GMO.00002276.v1.g411610.t1	105.3	8.2e-30	490							confirmed	confirmed	strong_only	False	True	True	True	True	True	complete	True	True	True	True	False	False	True
GMO.00001694.v1.g224770.t1	UGT	proteome_v1_exact	round2	full_length	GMO.00001694.v1.g224770.t1	104.5	1.5e-29	463							confirmed	confirmed	strong_only	False	True	True	True	True	True	complete	True	True	True	True	False	False	True
GMO.00002555.v1.g617410.t1	UGT	proteome_v1_exact	round2	full_length	GMO.00002555.v1.g617410.t1	104.5	1.5e-29	463							confirmed	confirmed	strong_only	False	True	True	True	True	True	complete	True	True	True	True	False	False	True
GMO.00000720.v1.g055880.t1	UGT	proteome_v1_exact	round2	full_length	GMO.00000720.v1.g055880.t1	103.8	2.3e-29	513							confirmed	confirmed	strong_only	False	True	True	True	True	True	complete	True	True	True	True	False	False	True
GMO.00002427.v1.g525520.t1	UGT	proteome_v1_exact	round2	full_length	GMO.00002427.v1.g525520.t1	103.8	2.4e-29	470							confirmed	confirmed	strong_only	False	True	True	True	True	True	complete	True	True	True	True	False	False	True
GMO.00002325.v1.g480800.t1	UGT	proteome_v1_exact	round2	full_length	GMO.00002325.v1.g480800.t1	102.3	6.6e-29	501							confirmed	confirmed	strong_only	False	True	True	True	True	True	complete	True	True	True	True	False	False	True
GMO.00001085.v1.g107510.t1	UGT	proteome_v1_exact	round2	full_length	GMO.00001085.v1.g107510.t1	99.7	3.9e-28	513							confirmed	confirmed	strong_only	False	True	True	True	True	True	complete	True	True	True	True	False	False	True
GMO.00002601.v1.g631610.t1	UGT	proteome_v1_exact	round2	full_length	GMO.00002601.v1.g631610.t1	98.8	7.8e-28	482							confirmed	confirmed	strong_only	False	True	True	True	True	True	complete	True	True	True	True	False	False	True
GMO.00002611.v1.g635400.t1	UGT	proteome_v1_exact	round2	full_length	GMO.00002611.v1.g635400.t1	96.4	4.1e-27	482							confirmed	confirmed	strong_only	False	True	True	True	True	True	complete	True	True	True	True	False	False	True
GMO.00001855.v1.g256900.t1	UGT	proteome_v1_exact	round2	full_length	GMO.00001855.v1.g256900.t1	95.8	6.2e-27	394							confirmed	confirmed	strong_only	False	True	True	True	True	True	complete	True	True	True	True	False	False	True
GMO.00001635.v1.g216200.t1	UGT	proteome_v1_exact	round2	full_length	GMO.00001635.v1.g216200.t1	93.5	3.0e-26	478							confirmed	confirmed	strong_only	False	True	True	True	True	True	complete	True	True	True	True	False	False	True
GMO.00002652.v1.g654900.t1	UGT	proteome_v1_exact	round2	full_length	GMO.00002652.v1.g654900.t1	93.5	3.0e-26	478							confirmed	confirmed	strong_only	False	True	True	True	True	True	complete	True	True	True	True	False	False	True
GMO.00000193.v1.g004690.t1	UGT	proteome_v1_exact	round2	full_length	GMO.00000193.v1.g004690.t1	87.9	1.6e-24	357							confirmed	confirmed	strong_only	False	True	True	True	True	True	complete	True	True	True	True	False	False	True
GMO.00002652.v1.g654820.t1	UGT	proteome_v1_exact	round2	full_length	GMO.00002652.v1.g654820.t1	84.6	1.6e-23	472							confirmed	confirmed	strong_only	False	True	True	True	True	True	complete	True	True	True	True	False	False	True
GMO.00002652.v1.g654830.t1	UGT	proteome_v1_exact	round2	full_length	GMO.00002652.v1.g654830.t1	83.2	4.1e-23	470							confirmed	confirmed	strong_only	False	True	True	True	True	True	complete	True	True	True	True	False	False	True
GMO.00000531.v1.g018770.t1	UGT	proteome_v1_exact	round2	full_length	GMO.00000531.v1.g018770.t1	80.2	3.2e-22	461							confirmed	confirmed	strong_only	False	True	True	True	True	True	complete	True	True	True	True	False	False	True
GMO.00001366.v1.g167860.t1	UGT	proteome_v1_exact	round2	full_length	GMO.00001366.v1.g167860.t1	79.9	4.1e-22	461							confirmed	confirmed	strong_only	False	True	True	True	True	True	complete	True	True	True	True	False	False	True
GMO.00001111.v1.g109900.t1	UGT	proteome_v1_exact	round2	full_length	GMO.00001111.v1.g109900.t1	78.6	1.0e-21	466							confirmed	confirmed	strong_only	False	True	True	True	True	True	complete	True	True	True	True	False	False	True
GMO.00002427.v1.g526330.t1	UGT	proteome_v1_exact	round2	full_length	GMO.00002427.v1.g526330.t1	77.7	1.9e-21	467							confirmed	confirmed	strong_only	False	True	True	True	True	True	complete	True	True	True	True	False	False	True
GMO.00001244.v1.g131360.t1	UGT	proteome_v1_exact	round2	full_length	GMO.00001244.v1.g131360.t1	77.6	2.0e-21	467							confirmed	confirmed	strong_only	False	True	True	True	True	True	complete	True	True	True	True	False	False	True
GMO.00002498.v1.g566970.t1	UGT	proteome_v1_exact	round2	full_length	GMO.00002498.v1.g566970.t1	76.7	3.8e-21	471							confirmed	confirmed	strong_only	False	True	True	True	True	True	complete	True	True	True	True	False	False	True
GMO.00002652.v1.g654890.t1	UGT	proteome_v1_exact	round2	full_length	GMO.00002652.v1.g654890.t1	75.9	6.7e-21	315							confirmed	confirmed	strong_only	False	True	True	True	True	True	complete	True	True	True	True	False	False	True
GMO.00002497.v1.g563160.t1	UGT	proteome_v1_exact	round2	full_length	GMO.00002497.v1.g563160.t1	74.5	1.7e-20	471							confirmed	confirmed	strong_only	False	True	True	True	True	True	complete	True	True	True	True	False	False	True
GMO.00001244.v1.g131390.t1	UGT	proteome_v1_exact	round2	full_length	GMO.00001244.v1.g131390.t1	72.9	5.4e-20	466							confirmed	confirmed	strong_only	False	True	True	True	True	True	complete	True	True	True	True	False	False	True
GMO.00002427.v1.g526350.t1	UGT	proteome_v1_exact	round2	full_length	GMO.00002427.v1.g526350.t1	72.7	6.3e-20	466							confirmed	confirmed	strong_only	False	True	True	True	True	True	complete	True	True	True	True	False	False	True
GMO.00002427.v1.g526360.t1	UGT	proteome_v1_exact	round2	full_length	GMO.00002427.v1.g526360.t1	72.3	8.3e-20	466							confirmed	confirmed	strong_only	False	True	True	True	True	True	complete	True	True	True	True	False	False	True
GMO.00001635.v1.g216160.t1	UGT	proteome_v1_exact	round2	full_length	GMO.00001635.v1.g216160.t1	71.5	1.5e-19	212							confirmed	confirmed	strong_only	False	True	True	True	True	True	complete	True	True	True	True	False	False	True
GMO.00002652.v1.g654950.t1	UGT	proteome_v1_exact	round2	full_length	GMO.00002652.v1.g654950.t1	71.5	1.5e-19	212							confirmed	confirmed	strong_only	False	True	True	True	True	True	complete	True	True	True	True	False	False	True
GMO.00001385.v1.g174780.t1	UGT	proteome_v1_exact	round2	full_length	GMO.00001385.v1.g174780.t1	71.1	2.0e-19	150							confirmed	confirmed	strong_only	False	True	True	True	True	True	complete	True	True	True	True	False	False	True
GMO.00002275.v1.g409510.t1	UGT	proteome_v1_exact	round2	full_length	GMO.00002275.v1.g409510.t1	70.1	3.9e-19	463							confirmed	confirmed	strong_only	False	True	True	True	True	True	complete	True	True	True	True	False	False	True
GMO.00002427.v1.g526370.t1	UGT	proteome_v1_exact	round2	full_length	GMO.00002427.v1.g526370.t1	68.7	1.1e-18	468							confirmed	confirmed	strong_only	False	True	True	True	True	True	complete	True	True	True	True	False	False	True
GMO.00001244.v1.g131370.t1	UGT	proteome_v1_exact	round2	full_length	GMO.00001244.v1.g131370.t1	68.6	1.1e-18	455							confirmed	confirmed	strong_only	False	True	True	True	True	True	complete	True	True	True	True	False	False	True
GMO.00001244.v1.g131410.t1	UGT	proteome_v1_exact	round2	full_length	GMO.00001244.v1.g131410.t1	67.6	2.2e-18	468							confirmed	confirmed	strong_only	False	True	True	True	True	True	complete	True	True	True	True	False	False	True
GMO.00002427.v1.g526340.t1	UGT	proteome_v1_exact	round2	full_length	GMO.00002427.v1.g526340.t1	67.2	2.8e-18	471							confirmed	confirmed	strong_only	False	True	True	True	True	True	complete	True	True	True	True	False	False	True
GMO.00000719.v1.g050270.t1	UGT	proteome_v1_exact	round2	full_length	GMO.00000719.v1.g050270.t1	67.1	3.2e-18	463							confirmed	confirmed	strong_only	False	True	True	True	True	True	complete	True	True	True	True	False	False	True
GMO.00000613.v1.g037180.t2	UGT	proteome_v1_exact	round2	full_length	GMO.00000613.v1.g037180.t2	60.4	3.4e-16	135							confirmed	confirmed	strong_only	False	True	True	True	True	True	complete	True	True	True	True	False	False	True
GMO.00001329.v1.g150050.t1	UGT	proteome_v1_exact	round2	full_length	GMO.00001329.v1.g150050.t1	57.5	3.4e-14	134							confirmed	confirmed	strong_only	False	True	True	True	True	True	complete	True	True	True	True	False	False	True
