gene_id	reporting_category	biochemical_context	original_families	resolution_group	family_resolution_method	family_resolution_status	nearest_reference_id	nearest_reference_family	nearest_reference_distance	hmmer_score	hmmer_evalue	length	source	sequence_scope	discovery_round	matched_protein_id	meme_status	meme_status_quality_aware	motif_support_quality	meme_evaluable	singleton_passthrough	n_motifs_found	n_motifs_expected	motif_ids	motif_best_evalue	motif_coverage	expected_domain_record_present	pfam_n_domains	pfam_domain_architecture	pfam_best_evalue	pfam_total_score	pfam_confirmation_rule	pfam_required_ids	pfam_required_n_domains	pfam_required_n_present	domain_confirmation_status	domain_validated	meme_biological_pass	meme_operational_pass	meme_pass	pfam_pass	pfam_status	pfam_gate_active	final_pass	final_outcome
GMO.00002805.v1.g688570.t1	adh	Oxylipin and volatile-product chemistry								118.2	6.6e-33	407	proteome_v1_exact	full_length	round1	GMO.00002805.v1.g688570.t1	confirmed	confirmed	strong_only	True	False	8	10	motif_10,motif_2,motif_3,motif_4,motif_5,motif_7,motif_8,motif_9	1.32e-16	0.8	true	2	both	4.1000000000000003e-38	200.7	all_required	PF00107,PF08240	2	2	complete	True	True	True	True	True	complete	True	True	retained
GMO.00000855.v1.g078750.t1	adh	Oxylipin and volatile-product chemistry								117.7	9.5e-33	326	proteome_v1_exact	full_length	round1	GMO.00000855.v1.g078750.t1	confirmed	confirmed	strong_only	True	False	5	10	motif_10,motif_2,motif_3,motif_4,motif_7	2.75e-15	0.5	true	2	both	5.900000000000001e-38	184.4	all_required	PF00107,PF08240	2	2	complete	True	True	True	True	True	complete	True	True	retained
GMO.00002523.v1.g604250.t1	adh	Oxylipin and volatile-product chemistry								117.6	1.1e-32	407	proteome_v1_exact	full_length	round1	GMO.00002523.v1.g604250.t1	confirmed	confirmed	strong_only	True	False	7	10	motif_2,motif_3,motif_4,motif_5,motif_7,motif_8,motif_9	1.32e-16	0.7	true	2	both	6.6e-38	200.1	all_required	PF00107,PF08240	2	2	complete	True	True	True	True	True	complete	True	True	retained
GMO.00002319.v1.g463250.t1	adh	Oxylipin and volatile-product chemistry								115.6	4.3000000000000004e-32	326	proteome_v1_exact	full_length	round1	GMO.00002319.v1.g463250.t1	confirmed	confirmed	strong_only	True	False	5	10	motif_10,motif_2,motif_3,motif_4,motif_7	1.67e-15	0.5	true	2	both	2.6000000000000002e-37	182.3	all_required	PF00107,PF08240	2	2	complete	True	True	True	True	True	complete	True	True	retained
GMO.00001311.v1.g148430.t2	adh	Oxylipin and volatile-product chemistry								104.3	1.2e-28	347	proteome_v1_exact	full_length	round1	GMO.00001311.v1.g148430.t2	confirmed	confirmed	strong_only	True	False	7	10	motif_10,motif_2,motif_3,motif_4,motif_7,motif_8,motif_9	1.47e-18	0.7	true	2	both	4.1e-34	195.5	all_required	PF00107,PF08240	2	2	complete	True	True	True	True	True	complete	True	True	retained
GMO.00002500.v1.g571420.t2	adh	Oxylipin and volatile-product chemistry								104.3	1.2e-28	347	proteome_v1_exact	full_length	round1	GMO.00002500.v1.g571420.t2	confirmed	confirmed	strong_only	True	False	7	10	motif_10,motif_2,motif_3,motif_4,motif_7,motif_8,motif_9	1.47e-18	0.7	true	2	both	4.1e-34	198.1	all_required	PF00107,PF08240	2	2	complete	True	True	True	True	True	complete	True	True	retained
GMO.00002592.v1.g625510.t1	adh	Oxylipin and volatile-product chemistry								100.9	1.3e-27	357	proteome_v1_exact	full_length	round1	GMO.00002592.v1.g625510.t1	confirmed	confirmed	strong_only	True	False	8	10	motif_10,motif_2,motif_3,motif_4,motif_5,motif_7,motif_8,motif_9	1.67e-51	0.8	true	2	both	7.4e-33	186.4	all_required	PF00107,PF08240	2	2	complete	True	True	True	True	True	complete	True	True	retained
GMO.00002283.v1.g429570.t1	adh	Oxylipin and volatile-product chemistry								100.1	2.3e-27	357	proteome_v1_exact	full_length	round1	GMO.00002283.v1.g429570.t1	confirmed	confirmed	strong_only	True	False	8	10	motif_10,motif_2,motif_3,motif_4,motif_5,motif_7,motif_8,motif_9	1.67e-51	0.8	true	2	both	1.3000000000000001e-32	185.6	all_required	PF00107,PF08240	2	2	complete	True	True	True	True	True	complete	True	True	retained
GMO.00000895.v1.g083680.t1	adh	Oxylipin and volatile-product chemistry								99.2	4.4000000000000005e-27	357	proteome_v1_exact	full_length	round1	GMO.00000895.v1.g083680.t1	confirmed	confirmed	strong_only	True	False	8	10	motif_10,motif_2,motif_3,motif_4,motif_5,motif_7,motif_8,motif_9	7.93e-50	0.8	true	2	both	2.6000000000000003e-32	184.8	all_required	PF00107,PF08240	2	2	complete	True	True	True	True	True	complete	True	True	retained
GMO.00000895.v1.g085880.t1	adh	Oxylipin and volatile-product chemistry								99.1	4.6e-27	356	proteome_v1_exact	full_length	round1	GMO.00000895.v1.g085880.t1	confirmed	confirmed	strong_only	True	False	8	10	motif_10,motif_2,motif_3,motif_4,motif_5,motif_7,motif_8,motif_9	7.95e-47	0.8	true	2	both	2.3e-32	189.4	all_required	PF00107,PF08240	2	2	complete	True	True	True	True	True	complete	True	True	retained
GMO.00002453.v1.g538270.t1	adh	Oxylipin and volatile-product chemistry								98.8	5.6e-27	357	proteome_v1_exact	full_length	round1	GMO.00002453.v1.g538270.t1	confirmed	confirmed	strong_only	True	False	8	10	motif_10,motif_2,motif_3,motif_4,motif_5,motif_7,motif_8,motif_9	7.93e-50	0.8	true	2	both	3.3e-32	182.2	all_required	PF00107,PF08240	2	2	complete	True	True	True	True	True	complete	True	True	retained
GMO.00001311.v1.g148440.t1	adh	Oxylipin and volatile-product chemistry								98.5	8.300000000000001e-27	364	proteome_v1_exact	full_length	round1	GMO.00001311.v1.g148440.t1	confirmed	confirmed	strong_only	True	False	7	10	motif_10,motif_2,motif_3,motif_4,motif_7,motif_8,motif_9	8.04e-19	0.7	true	2	both	5.7e-32	194.5	all_required	PF00107,PF08240	2	2	complete	True	True	True	True	True	complete	True	True	retained
GMO.00002453.v1.g536070.t1	adh	Oxylipin and volatile-product chemistry								98.5	7.300000000000001e-27	356	proteome_v1_exact	full_length	round1	GMO.00002453.v1.g536070.t1	confirmed	confirmed	strong_only	True	False	8	10	motif_10,motif_2,motif_3,motif_4,motif_5,motif_7,motif_8,motif_9	7.95e-47	0.8	true	2	both	3.6e-32	188.2	all_required	PF00107,PF08240	2	2	complete	True	True	True	True	True	complete	True	True	retained
GMO.00002500.v1.g571440.t1	adh	Oxylipin and volatile-product chemistry								98.5	8.300000000000001e-27	364	proteome_v1_exact	full_length	round1	GMO.00002500.v1.g571440.t1	confirmed	confirmed	strong_only	True	False	7	10	motif_10,motif_2,motif_3,motif_4,motif_7,motif_8,motif_9	8.04e-19	0.7	true	2	both	5.7e-32	194.5	all_required	PF00107,PF08240	2	2	complete	True	True	True	True	True	complete	True	True	retained
GMO.00002283.v1.g425750.t2	adh	Oxylipin and volatile-product chemistry								96.2	3.6e-26	365	proteome_v1_exact	full_length	round1	GMO.00002283.v1.g425750.t2	confirmed	confirmed	strong_only	True	False	8	10	motif_10,motif_2,motif_3,motif_4,motif_5,motif_7,motif_8,motif_9	1.28e-57	0.8	true	2	both	2.3e-31	175.5	all_required	PF00107,PF08240	2	2	complete	True	True	True	True	True	complete	True	True	retained
GMO.00002283.v1.g425720.t1	adh	Oxylipin and volatile-product chemistry								95.6	5.8e-26	365	proteome_v1_exact	full_length	round1	GMO.00002283.v1.g425720.t1	confirmed	confirmed	strong_only	True	False	8	10	motif_10,motif_2,motif_3,motif_4,motif_5,motif_7,motif_8,motif_9	2.5300000000000007e-56	0.8	true	2	both	3.7e-31	175.3	all_required	PF00107,PF08240	2	2	complete	True	True	True	True	True	complete	True	True	retained
GMO.00001044.v1.g095260.t2	adh	Oxylipin and volatile-product chemistry								95.3	6.9e-26	365	proteome_v1_exact	full_length	round1	GMO.00001044.v1.g095260.t2	confirmed	confirmed	strong_only	True	False	8	10	motif_10,motif_2,motif_3,motif_4,motif_5,motif_7,motif_8,motif_9	1.28e-57	0.8	true	2	both	4.4999999999999995e-31	173.0	all_required	PF00107,PF08240	2	2	complete	True	True	True	True	True	complete	True	True	retained
GMO.00001044.v1.g095320.t1	adh	Oxylipin and volatile-product chemistry								95.3	7e-26	365	proteome_v1_exact	full_length	round1	GMO.00001044.v1.g095320.t1	confirmed	confirmed	strong_only	True	False	8	10	motif_10,motif_2,motif_3,motif_4,motif_5,motif_7,motif_8,motif_9	1.28e-57	0.8	true	2	both	4.4999999999999995e-31	175.1	all_required	PF00107,PF08240	2	2	complete	True	True	True	True	True	complete	True	True	retained
GMO.00002497.v1.g564110.t1	adh	Oxylipin and volatile-product chemistry								95.1	9.8e-26	382	proteome_v1_exact	full_length	round1	GMO.00002497.v1.g564110.t1	confirmed	confirmed	strong_only	True	False	7	10	motif_2,motif_3,motif_4,motif_6,motif_7,motif_8,motif_9	2.23e-19	0.7	true	2	both	6.299999999999999e-31	174.7	all_required	PF00107,PF08240	2	2	complete	True	True	True	True	True	complete	True	True	retained
GMO.00002498.v1.g566020.t1	adh	Oxylipin and volatile-product chemistry								95.0	9.999999999999999e-26	382	proteome_v1_exact	full_length	round1	GMO.00002498.v1.g566020.t1	confirmed	confirmed	strong_only	True	False	7	10	motif_2,motif_3,motif_4,motif_6,motif_7,motif_8,motif_9	2.23e-19	0.7	true	2	both	6.299999999999999e-31	174.7	all_required	PF00107,PF08240	2	2	complete	True	True	True	True	True	complete	True	True	retained
GMO.00001207.v1.g119650.t1	adh	Oxylipin and volatile-product chemistry								94.0	1.8e-25	360	proteome_v1_exact	full_length	round1	GMO.00001207.v1.g119650.t1	confirmed	confirmed	strong_only	True	False	8	10	motif_10,motif_2,motif_3,motif_4,motif_5,motif_7,motif_8,motif_9	2.75e-52	0.8	true	2	both	6.3999999999999995e-31	162.6	all_required	PF00107,PF08240	2	2	complete	True	True	True	True	True	complete	True	True	retained
GMO.00002283.v1.g430470.t1	adh	Oxylipin and volatile-product chemistry								94.0	1.8e-25	360	proteome_v1_exact	full_length	round1	GMO.00002283.v1.g430470.t1	confirmed	confirmed	strong_only	True	False	8	10	motif_10,motif_2,motif_3,motif_4,motif_5,motif_7,motif_8,motif_9	2.75e-52	0.8	true	2	both	6.3999999999999995e-31	162.6	all_required	PF00107,PF08240	2	2	complete	True	True	True	True	True	complete	True	True	retained
GMO.00002363.v1.g507560.t1	adh	Oxylipin and volatile-product chemistry								94.0	2.1e-25	381	proteome_v1_exact	full_length	round1	GMO.00002363.v1.g507560.t1	confirmed	confirmed	strong_only	True	False	7	10	motif_10,motif_2,motif_3,motif_4,motif_7,motif_8,motif_9	1.89e-18	0.7	true	2	both	1.2000000000000001e-30	166.7	all_required	PF00107,PF08240	2	2	complete	True	True	True	True	True	complete	True	True	retained
GMO.00000574.v1.g030570.t2	adh	Oxylipin and volatile-product chemistry								93.9	2.1999999999999997e-25	325	proteome_v1_exact	full_length	round1	GMO.00000574.v1.g030570.t2	confirmed	confirmed	strong_only	True	False	5	10	motif_2,motif_3,motif_4,motif_7,motif_8	5.02e-15	0.5	true	2	both	1.2000000000000001e-30	151.1	all_required	PF00107,PF08240	2	2	complete	True	True	True	True	True	complete	True	True	retained
GMO.00001044.v1.g095250.t1	adh	Oxylipin and volatile-product chemistry								93.6	2.5e-25	355	proteome_v1_exact	full_length	round1	GMO.00001044.v1.g095250.t1	confirmed	confirmed	strong_only	True	False	8	10	motif_10,motif_2,motif_3,motif_4,motif_5,motif_7,motif_8,motif_9	1.23e-53	0.8	true	2	both	1.8e-30	176.7	all_required	PF00107,PF08240	2	2	complete	True	True	True	True	True	complete	True	True	retained
GMO.00001056.v1.g098710.t1	adh	Oxylipin and volatile-product chemistry								93.6	2.8e-25	349	proteome_v1_exact	full_length	round1	GMO.00001056.v1.g098710.t1	confirmed	confirmed	strong_only	True	False	5	10	motif_1,motif_2,motif_3,motif_4,motif_6	1.02e-55	0.5	true	1	PF00107	1.9999999999999998e-30	92.6	all_required	PF00107,PF08240	2	1	partial	False	True	True	True	False	partial	True	False	removed_incomplete_expected_domain_architecture
GMO.00001825.v1.g252830.t1	adh	Oxylipin and volatile-product chemistry								93.4	3.3e-25	401	proteome_v1_exact	full_length	round1	GMO.00001825.v1.g252830.t1	confirmed	confirmed	strong_only	True	False	5	10	motif_2,motif_3,motif_4,motif_7,motif_8	5.02e-15	0.5	true	2	both	1.9e-30	150.0	all_required	PF00107,PF08240	2	2	complete	True	True	True	True	True	complete	True	True	retained
GMO.00001044.v1.g095310.t1	adh	Oxylipin and volatile-product chemistry								92.9	3.9999999999999997e-25	359	proteome_v1_exact	full_length	round1	GMO.00001044.v1.g095310.t1	confirmed	confirmed	strong_only	True	False	8	10	motif_10,motif_2,motif_3,motif_4,motif_5,motif_7,motif_8,motif_9	6.15e-55	0.8	true	2	both	3e-30	174.7	all_required	PF00107,PF08240	2	2	complete	True	True	True	True	True	complete	True	True	retained
GMO.00002283.v1.g425730.t1	adh	Oxylipin and volatile-product chemistry								92.9	3.9999999999999997e-25	359	proteome_v1_exact	full_length	round1	GMO.00002283.v1.g425730.t1	confirmed	confirmed	strong_only	True	False	8	10	motif_10,motif_2,motif_3,motif_4,motif_5,motif_7,motif_8,motif_9	9.49e-55	0.8	true	2	both	3e-30	177.7	all_required	PF00107,PF08240	2	2	complete	True	True	True	True	True	complete	True	True	retained
GMO.00002363.v1.g509900.t1	adh	Oxylipin and volatile-product chemistry								90.5	2.4e-24	349	proteome_v1_exact	full_length	round1	GMO.00002363.v1.g509900.t1	confirmed	confirmed	strong_only	True	False	5	10	motif_1,motif_2,motif_3,motif_4,motif_6	8.23e-55	0.5	true	1	PF00107	1.5999999999999999e-29	89.6	all_required	PF00107,PF08240	2	1	partial	False	True	True	True	False	partial	True	False	removed_incomplete_expected_domain_architecture
GMO.00002497.v1.g564520.t1	adh	Oxylipin and volatile-product chemistry								89.8	4.0999999999999994e-24	379	proteome_v1_exact	full_length	round1	GMO.00002497.v1.g564520.t1	confirmed	confirmed	strong_only	True	False	6	10	motif_2,motif_3,motif_4,motif_7,motif_8,motif_9	2.06e-17	0.6	true	2	both	2.7e-29	165.6	all_required	PF00107,PF08240	2	2	complete	True	True	True	True	True	complete	True	True	retained
GMO.00002498.v1.g565590.t1	adh	Oxylipin and volatile-product chemistry								89.8	4.0999999999999994e-24	379	proteome_v1_exact	full_length	round1	GMO.00002498.v1.g565590.t1	confirmed	confirmed	strong_only	True	False	6	10	motif_2,motif_3,motif_4,motif_7,motif_8,motif_9	2.06e-17	0.6	true	2	both	2.7e-29	165.6	all_required	PF00107,PF08240	2	2	complete	True	True	True	True	True	complete	True	True	retained
GMO.00001343.v1.g156700.t1	adh	Oxylipin and volatile-product chemistry								89.5	5.3e-24	346	proteome_v1_exact	full_length	round1	GMO.00001343.v1.g156700.t1	confirmed	confirmed	strong_only	True	False	5	10	motif_1,motif_2,motif_3,motif_4,motif_6	7.1900000000000015e-59	0.5	true	1	PF00107	4.0000000000000003e-29	88.4	all_required	PF00107,PF08240	2	1	partial	False	True	True	True	False	partial	True	False	removed_incomplete_expected_domain_architecture
GMO.00001385.v1.g178490.t1	adh	Oxylipin and volatile-product chemistry								89.4	5.5999999999999996e-24	346	proteome_v1_exact	full_length	round1	GMO.00001385.v1.g178490.t1	confirmed	confirmed	strong_only	True	False	5	10	motif_1,motif_2,motif_3,motif_4,motif_6	7.1900000000000015e-59	0.5	true	1	PF00107	4.3e-29	88.3	all_required	PF00107,PF08240	2	1	partial	False	True	True	True	False	partial	True	False	removed_incomplete_expected_domain_architecture
GMO.00000531.v1.g012880.t1	adh	Oxylipin and volatile-product chemistry								89.2	6.6e-24	344	proteome_v1_exact	full_length	round1	GMO.00000531.v1.g012880.t1	confirmed	confirmed	strong_only	True	False	5	10	motif_1,motif_2,motif_3,motif_4,motif_6	3.96e-61	0.5	true	1	PF00107	3.5e-29	88.6	all_required	PF00107,PF08240	2	1	partial	False	True	True	True	False	partial	True	False	removed_incomplete_expected_domain_architecture
GMO.00000532.v1.g019730.t1	adh	Oxylipin and volatile-product chemistry								89.2	6.6e-24	344	proteome_v1_exact	full_length	round1	GMO.00000532.v1.g019730.t1	confirmed	confirmed	strong_only	True	False	5	10	motif_1,motif_2,motif_3,motif_4,motif_6	3.96e-61	0.5	true	1	PF00107	3.5e-29	88.6	all_required	PF00107,PF08240	2	1	partial	False	True	True	True	False	partial	True	False	removed_incomplete_expected_domain_architecture
GMO.00001570.v1.g197300.t2	adh	Oxylipin and volatile-product chemistry								89.2	6.499999999999999e-24	342	proteome_v1_exact	full_length	round1	GMO.00001570.v1.g197300.t2	confirmed	confirmed	strong_only	True	False	5	10	motif_1,motif_2,motif_3,motif_4,motif_6	3.96e-61	0.5	true	1	PF00107	3.5e-29	88.6	all_required	PF00107,PF08240	2	1	partial	False	True	True	True	False	partial	True	False	removed_incomplete_expected_domain_architecture
GMO.00002253.v1.g378530.t1	adh	Oxylipin and volatile-product chemistry								89.1	7.000000000000001e-24	386	proteome_v1_exact	full_length	round1	GMO.00002253.v1.g378530.t1	confirmed	confirmed	strong_only	True	False	6	10	motif_2,motif_3,motif_4,motif_7,motif_8,motif_9	1.74e-14	0.6	true	2	both	4.0000000000000003e-29	159.3	all_required	PF00107,PF08240	2	2	complete	True	True	True	True	True	complete	True	True	retained
GMO.00002557.v1.g619440.t1	adh	Oxylipin and volatile-product chemistry								89.0	6.3999999999999995e-24	357	proteome_v1_exact	full_length	round1	GMO.00002557.v1.g619440.t1	confirmed	confirmed	strong_only	True	False	8	10	motif_10,motif_2,motif_3,motif_4,motif_5,motif_7,motif_8,motif_9	3.08e-51	0.8	true	2	both	4.3e-29	156.8	all_required	PF00107,PF08240	2	2	complete	True	True	True	True	True	complete	True	True	retained
GMO.00002785.v1.g683860.t1	adh	Oxylipin and volatile-product chemistry								89.0	6.3999999999999995e-24	357	proteome_v1_exact	full_length	round1	GMO.00002785.v1.g683860.t1	confirmed	confirmed	strong_only	True	False	8	10	motif_10,motif_2,motif_3,motif_4,motif_5,motif_7,motif_8,motif_9	3.08e-51	0.8	true	2	both	4.3e-29	156.8	all_required	PF00107,PF08240	2	2	complete	True	True	True	True	True	complete	True	True	retained
GMO.00002523.v1.g600910.t1	adh	Oxylipin and volatile-product chemistry								88.3	1.1e-23	207	proteome_v1_exact	full_length	round1	GMO.00002523.v1.g600910.t1	confirmed	confirmed	strong_only	True	False	5	10	motif_3,motif_4,motif_7,motif_8,motif_9	3.1799999999999998e-24	0.5	true	1	PF08240	6e-29	87.6	all_required	PF00107,PF08240	2	1	partial	False	True	True	True	False	partial	True	False	removed_incomplete_expected_domain_architecture
GMO.00001044.v1.g095330.t1	adh	Oxylipin and volatile-product chemistry								87.9	1.4000000000000002e-23	362	proteome_v1_exact	full_length	round1	GMO.00001044.v1.g095330.t1	confirmed	confirmed	strong_only	True	False	8	10	motif_10,motif_2,motif_3,motif_4,motif_5,motif_7,motif_8,motif_9	1.2699999999999999e-54	0.8	true	2	both	9.4e-29	154.5	all_required	PF00107,PF08240	2	2	complete	True	True	True	True	True	complete	True	True	retained
GMO.00002283.v1.g425640.t1	adh	Oxylipin and volatile-product chemistry								87.9	1.4000000000000002e-23	362	proteome_v1_exact	full_length	round1	GMO.00002283.v1.g425640.t1	confirmed	confirmed	strong_only	True	False	8	10	motif_10,motif_2,motif_3,motif_4,motif_5,motif_7,motif_8,motif_9	1.2699999999999999e-54	0.8	true	2	both	9.4e-29	154.9	all_required	PF00107,PF08240	2	2	complete	True	True	True	True	True	complete	True	True	retained
GMO.00000895.v1.g084520.t2	adh	Oxylipin and volatile-product chemistry								87.8	1.7e-23	474	proteome_v1_exact	full_length	round1	GMO.00000895.v1.g084520.t2	confirmed	confirmed	strong_only	True	False	7	10	motif_1,motif_10,motif_2,motif_3,motif_4,motif_7,motif_8	2.78e-14	0.7	true	2	both	2.2000000000000004e-28	132.7	all_required	PF00107,PF08240	2	2	complete	True	True	True	True	True	complete	True	True	retained
GMO.00002453.v1.g537460.t2	adh	Oxylipin and volatile-product chemistry								87.6	1.9e-23	474	proteome_v1_exact	full_length	round1	GMO.00002453.v1.g537460.t2	confirmed	confirmed	strong_only	True	False	7	10	motif_1,motif_10,motif_2,motif_3,motif_4,motif_7,motif_8	2.78e-14	0.7	true	2	both	2.2000000000000004e-28	132.4	all_required	PF00107,PF08240	2	2	complete	True	True	True	True	True	complete	True	True	retained
GMO.00001329.v1.g150790.t1	adh	Oxylipin and volatile-product chemistry								85.9	5.8e-23	357	proteome_v1_exact	full_length	round1	GMO.00001329.v1.g150790.t1	confirmed	confirmed	strong_only	True	False	8	10	motif_10,motif_2,motif_3,motif_4,motif_5,motif_7,motif_8,motif_9	2.33e-51	0.8	true	2	both	3.9000000000000004e-28	154.0	all_required	PF00107,PF08240	2	2	complete	True	True	True	True	True	complete	True	True	retained
GMO.00002636.v1.g649590.t1	adh	Oxylipin and volatile-product chemistry								85.5	8.8e-23	343	proteome_v1_exact	full_length	round1	GMO.00002636.v1.g649590.t1	confirmed	confirmed	strong_only	True	False	5	10	motif_1,motif_2,motif_3,motif_4,motif_6	2.3899999999999998e-54	0.5	true	1	PF00107	5.300000000000001e-28	84.7	all_required	PF00107,PF08240	2	1	partial	False	True	True	True	False	partial	True	False	removed_incomplete_expected_domain_architecture
GMO.00000872.v1.g079640.t1	adh	Oxylipin and volatile-product chemistry								85.3	1e-22	343	proteome_v1_exact	full_length	round1	GMO.00000872.v1.g079640.t1	confirmed	confirmed	strong_only	True	False	5	10	motif_1,motif_2,motif_3,motif_4,motif_6	3.44e-61	0.5	true	1	PF00107	5.9e-28	84.6	all_required	PF00107,PF08240	2	1	partial	False	True	True	True	False	partial	True	False	removed_incomplete_expected_domain_architecture
GMO.00002319.v1.g473750.t1	adh	Oxylipin and volatile-product chemistry								85.3	1e-22	343	proteome_v1_exact	full_length	round1	GMO.00002319.v1.g473750.t1	confirmed	confirmed	strong_only	True	False	5	10	motif_1,motif_2,motif_3,motif_4,motif_6	3.44e-61	0.5	true	1	PF00107	5.9e-28	84.6	all_required	PF00107,PF08240	2	1	partial	False	True	True	True	False	partial	True	False	removed_incomplete_expected_domain_architecture
GMO.00002511.v1.g576080.t1	adh	Oxylipin and volatile-product chemistry								84.8	1.4000000000000002e-22	353	proteome_v1_exact	full_length	round1	GMO.00002511.v1.g576080.t1	confirmed	confirmed	strong_only	True	False	5	10	motif_1,motif_2,motif_3,motif_4,motif_6	1.59e-56	0.5	true	1	PF00107	9.1e-28	84.0	all_required	PF00107,PF08240	2	1	partial	False	True	True	True	False	partial	True	False	removed_incomplete_expected_domain_architecture
GMO.00001745.v1.g236760.t1	adh	Oxylipin and volatile-product chemistry								84.5	1.9e-22	346	proteome_v1_exact	full_length	round1	GMO.00001745.v1.g236760.t1	confirmed	confirmed	strong_only	True	False	5	10	motif_1,motif_2,motif_3,motif_4,motif_6	1.13e-58	0.5	true	1	PF00107	1.1000000000000001e-27	83.8	all_required	PF00107,PF08240	2	1	partial	False	True	True	True	False	partial	True	False	removed_incomplete_expected_domain_architecture
GMO.00002636.v1.g649580.t1	adh	Oxylipin and volatile-product chemistry								84.5	1.8000000000000001e-22	346	proteome_v1_exact	full_length	round1	GMO.00002636.v1.g649580.t1	confirmed	confirmed	strong_only	True	False	5	10	motif_1,motif_2,motif_3,motif_4,motif_6	1.13e-58	0.5	true	1	PF00107	1.1000000000000001e-27	83.8	all_required	PF00107,PF08240	2	1	partial	False	True	True	True	False	partial	True	False	removed_incomplete_expected_domain_architecture
GMO.00002280.v1.g425310.t1	adh	Oxylipin and volatile-product chemistry								84.2	2.2e-22	355	proteome_v1_exact	full_length	round1	GMO.00002280.v1.g425310.t1	confirmed	confirmed	strong_only	True	False	5	10	motif_1,motif_2,motif_3,motif_4,motif_6	6.520000000000001e-56	0.5	true	1	PF00107	1.5e-27	83.3	all_required	PF00107,PF08240	2	1	partial	False	True	True	True	False	partial	True	False	removed_incomplete_expected_domain_architecture
GMO.00002511.v1.g576090.t1	adh	Oxylipin and volatile-product chemistry								84.1	2.5000000000000002e-22	348	proteome_v1_exact	full_length	round1	GMO.00002511.v1.g576090.t1	confirmed	confirmed	strong_only	True	False	5	10	motif_1,motif_2,motif_3,motif_4,motif_6	1.1e-54	0.5	true	1	PF00107	1.5e-27	83.3	all_required	PF00107,PF08240	2	1	partial	False	True	True	True	False	partial	True	False	removed_incomplete_expected_domain_architecture
GMO.00001783.v1.g243640.t1	adh	Oxylipin and volatile-product chemistry								83.4	3.6000000000000003e-22	394	proteome_v1_exact	full_length	round1	GMO.00001783.v1.g243640.t1	confirmed	confirmed	strong_only	True	False	6	10	motif_2,motif_3,motif_4,motif_7,motif_8,motif_9	2.9e-18	0.6	true	2	both	3.3e-27	145.2	all_required	PF00107,PF08240	2	2	complete	True	True	True	True	True	complete	True	True	retained
GMO.00002280.v1.g425320.t1	adh	Oxylipin and volatile-product chemistry								83.4	4e-22	348	proteome_v1_exact	full_length	round1	GMO.00002280.v1.g425320.t1	confirmed	confirmed	strong_only	True	False	5	10	motif_1,motif_2,motif_3,motif_4,motif_6	1.1e-54	0.5	true	1	PF00107	2.4e-27	82.6	all_required	PF00107,PF08240	2	1	partial	False	True	True	True	False	partial	True	False	removed_incomplete_expected_domain_architecture
GMO.00002556.v1.g618990.t1	adh	Oxylipin and volatile-product chemistry								83.4	3.5000000000000005e-22	393	proteome_v1_exact	full_length	round1	GMO.00002556.v1.g618990.t1	confirmed	confirmed	strong_only	True	False	6	10	motif_2,motif_3,motif_4,motif_7,motif_8,motif_9	2.9e-18	0.6	true	2	both	3.2000000000000003e-27	147.3	all_required	PF00107,PF08240	2	2	complete	True	True	True	True	True	complete	True	True	retained
GMO.00001343.v1.g163470.t1	adh	Oxylipin and volatile-product chemistry								83.2	4.500000000000001e-22	350	proteome_v1_exact	full_length	round1	GMO.00001343.v1.g163470.t1	confirmed	confirmed	strong_only	True	False	5	10	motif_1,motif_2,motif_3,motif_4,motif_6	7.74e-58	0.5	true	1	PF00107	2.7000000000000002e-27	82.5	all_required	PF00107,PF08240	2	1	partial	False	True	True	True	False	partial	True	False	removed_incomplete_expected_domain_architecture
GMO.00001385.v1.g171730.t1	adh	Oxylipin and volatile-product chemistry								83.2	4.500000000000001e-22	350	proteome_v1_exact	full_length	round1	GMO.00001385.v1.g171730.t1	confirmed	confirmed	strong_only	True	False	5	10	motif_1,motif_2,motif_3,motif_4,motif_6	7.74e-58	0.5	true	1	PF00107	2.7000000000000002e-27	82.5	all_required	PF00107,PF08240	2	1	partial	False	True	True	True	False	partial	True	False	removed_incomplete_expected_domain_architecture
GMO.00001745.v1.g236770.t1	adh	Oxylipin and volatile-product chemistry								82.9	5.5e-22	343	proteome_v1_exact	full_length	round1	GMO.00001745.v1.g236770.t1	confirmed	confirmed	strong_only	True	False	5	10	motif_1,motif_2,motif_3,motif_4,motif_6	3.5e-54	0.5	true	1	PF00107	3.3e-27	82.2	all_required	PF00107,PF08240	2	1	partial	False	True	True	True	False	partial	True	False	removed_incomplete_expected_domain_architecture
GMO.00001570.v1.g197350.t1	adh	Oxylipin and volatile-product chemistry								79.2	7.6e-21	344	proteome_v1_exact	full_length	round1	GMO.00001570.v1.g197350.t1	confirmed	confirmed	strong_only	True	False	6	10	motif_1,motif_2,motif_3,motif_4,motif_6,motif_8	2.55e-57	0.6	true	1	PF00107	3.9999999999999996e-26	78.7	all_required	PF00107,PF08240	2	1	partial	False	True	True	True	False	partial	True	False	removed_incomplete_expected_domain_architecture
GMO.00000574.v1.g029430.t1	adh	Oxylipin and volatile-product chemistry								78.9	9.9e-21	348	proteome_v1_exact	full_length	round1	GMO.00000574.v1.g029430.t1	confirmed	confirmed	strong_only	True	False	6	10	motif_10,motif_2,motif_3,motif_4,motif_7,motif_8	6.08e-17	0.6	true	2	both	6e-26	132.9	all_required	PF00107,PF08240	2	2	complete	True	True	True	True	True	complete	True	True	retained
GMO.00001808.v1.g249020.t1	adh	Oxylipin and volatile-product chemistry								78.9	9.9e-21	348	proteome_v1_exact	full_length	round1	GMO.00001808.v1.g249020.t1	confirmed	confirmed	strong_only	True	False	6	10	motif_10,motif_2,motif_3,motif_4,motif_7,motif_8	6.08e-17	0.6	true	2	both	6e-26	132.0	all_required	PF00107,PF08240	2	2	complete	True	True	True	True	True	complete	True	True	retained
GMO.00001366.v1.g169500.t1	adh	Oxylipin and volatile-product chemistry								78.4	1.4e-20	325	proteome_v1_exact	full_length	round1	GMO.00001366.v1.g169500.t1	confirmed	confirmed	strong_only	True	False	6	10	motif_2,motif_3,motif_4,motif_7,motif_8,motif_9	1.18e-18	0.6	true	2	both	9.5e-26	142.0	all_required	PF00107,PF08240	2	2	complete	True	True	True	True	True	complete	True	True	retained
GMO.00000531.v1.g017320.t1	adh	Oxylipin and volatile-product chemistry								78.3	1.5e-20	341	proteome_v1_exact	full_length	round1	GMO.00000531.v1.g017320.t1	confirmed	confirmed	strong_only	True	False	6	10	motif_2,motif_3,motif_4,motif_7,motif_8,motif_9	1.18e-18	0.6	true	2	both	1.0999999999999999e-25	141.7	all_required	PF00107,PF08240	2	2	complete	True	True	True	True	True	complete	True	True	retained
GMO.00001783.v1.g243630.t1	adh	Oxylipin and volatile-product chemistry								76.3	5.7e-20	409	proteome_v1_exact	full_length	round1	GMO.00001783.v1.g243630.t1	confirmed	confirmed	strong_only	True	False	6	10	motif_2,motif_3,motif_4,motif_7,motif_8,motif_9	6.2e-19	0.6	true	2	both	7.2999999999999995e-25	146.7	all_required	PF00107,PF08240	2	2	complete	True	True	True	True	True	complete	True	True	retained
GMO.00002556.v1.g618980.t1	adh	Oxylipin and volatile-product chemistry								73.9	3.2e-19	409	proteome_v1_exact	full_length	round1	GMO.00002556.v1.g618980.t1	confirmed	confirmed	strong_only	True	False	6	10	motif_2,motif_3,motif_4,motif_7,motif_8,motif_9	6.2e-19	0.6	true	2	both	4.0999999999999994e-24	144.3	all_required	PF00107,PF08240	2	2	complete	True	True	True	True	True	complete	True	True	retained
GMO.00001343.v1.g160560.t1	adh	Oxylipin and volatile-product chemistry								68.8	1.3e-17	321	proteome_v1_exact	full_length	round1	GMO.00001343.v1.g160560.t1	confirmed	confirmed	strong_only	True	False	7	10	motif_1,motif_10,motif_2,motif_3,motif_4,motif_7,motif_8	3.83e-18	0.7	true	2	both	1.4000000000000002e-22	126.3	all_required	PF00107,PF08240	2	2	complete	True	True	True	True	True	complete	True	True	retained
GMO.00001385.v1.g174970.t1	adh	Oxylipin and volatile-product chemistry								68.5	1.5e-17	321	proteome_v1_exact	full_length	round1	GMO.00001385.v1.g174970.t1	confirmed	confirmed	strong_only	True	False	7	10	motif_1,motif_10,motif_2,motif_3,motif_4,motif_7,motif_8	3.83e-18	0.7	true	2	both	1.6000000000000002e-22	126.1	all_required	PF00107,PF08240	2	2	complete	True	True	True	True	True	complete	True	True	retained
GMO.00002498.v1.g567040.t1	adh	Oxylipin and volatile-product chemistry								66.6	6.1e-17	339	proteome_v1_exact	full_length	round1	GMO.00002498.v1.g567040.t1	confirmed	confirmed	strong_only	True	False	6	10	motif_10,motif_2,motif_3,motif_4,motif_7,motif_8	1.02e-20	0.6	true	2	both	4.2e-22	111.3	all_required	PF00107,PF08240	2	2	complete	True	True	True	True	True	complete	True	True	retained
GMO.00001559.v1.g195870.t1	adh	Oxylipin and volatile-product chemistry								66.4	7e-17	388	proteome_v1_exact	full_length	round1	GMO.00001559.v1.g195870.t1	confirmed	confirmed	strong_only	True	False	6	10	motif_10,motif_2,motif_3,motif_4,motif_7,motif_8	1.03e-17	0.6	true	2	both	6.2e-22	113.2	all_required	PF00107,PF08240	2	2	complete	True	True	True	True	True	complete	True	True	retained
GMO.00002326.v1.g482160.t1	adh	Oxylipin and volatile-product chemistry								66.3	7.3e-17	388	proteome_v1_exact	full_length	round1	GMO.00002326.v1.g482160.t1	confirmed	confirmed	strong_only	True	False	6	10	motif_10,motif_2,motif_3,motif_4,motif_7,motif_8	1.03e-17	0.6	true	2	both	6.2e-22	113.9	all_required	PF00107,PF08240	2	2	complete	True	True	True	True	True	complete	True	True	retained
GMO.00002523.v1.g600860.t1	adh	Oxylipin and volatile-product chemistry								63.5	5.4e-16	161	proteome_v1_exact	full_length	round1	GMO.00002523.v1.g600860.t1	partial	partial	strong_only	True	False	2	10	motif_10,motif_5	2.33e-51	0.2	true	1	PF00107	2.4e-21	63.2	all_required	PF00107,PF08240	2	1	partial	False	True	True	True	False	partial	True	False	removed_incomplete_expected_domain_architecture
GMO.00002497.v1.g563110.t1	adh	Oxylipin and volatile-product chemistry								63.3	6.4e-16	334	proteome_v1_exact	full_length	round1	GMO.00002497.v1.g563110.t1	confirmed	confirmed	strong_only	True	False	6	10	motif_10,motif_2,motif_3,motif_4,motif_7,motif_8	4.19e-19	0.6	true	2	both	4.9e-21	106.4	all_required	PF00107,PF08240	2	2	complete	True	True	True	True	True	complete	True	True	retained
GMO.00002498.v1.g567020.t2	adh	Oxylipin and volatile-product chemistry								63.3	6.4e-16	333	proteome_v1_exact	full_length	round1	GMO.00002498.v1.g567020.t2	confirmed	confirmed	strong_only	True	False	6	10	motif_10,motif_2,motif_3,motif_4,motif_7,motif_8	4.19e-19	0.6	true	2	both	4.8e-21	106.4	all_required	PF00107,PF08240	2	2	complete	True	True	True	True	True	complete	True	True	retained
GMO.00002497.v1.g563080.t1	adh	Oxylipin and volatile-product chemistry								61.0	3.4e-15	339	proteome_v1_exact	full_length	round1	GMO.00002497.v1.g563080.t1	confirmed	confirmed	strong_only	True	False	6	10	motif_10,motif_2,motif_3,motif_4,motif_7,motif_8	8.73e-20	0.6	true	2	both	2.4e-20	106.6	all_required	PF00107,PF08240	2	2	complete	True	True	True	True	True	complete	True	True	retained
GMO.00001385.v1.g174950.t1	adh	Oxylipin and volatile-product chemistry								59.1	1.3e-14	262	proteome_v1_exact	full_length	round1	GMO.00001385.v1.g174950.t1	confirmed	confirmed	strong_only	True	False	6	10	motif_10,motif_2,motif_3,motif_5,motif_7,motif_8	2.66e-18	0.6	true	2	both	1e-19	91.4	all_required	PF00107,PF08240	2	2	complete	True	True	True	True	True	complete	True	True	retained
GMO.00002497.v1.g563100.t1	adh	Oxylipin and volatile-product chemistry								57.0	6.1e-14	345	proteome_v1_exact	full_length	round1	GMO.00002497.v1.g563100.t1	confirmed	confirmed	strong_only	True	False	6	10	motif_10,motif_2,motif_3,motif_4,motif_7,motif_8	3.06e-19	0.6	true	2	both	4.6e-19	95.3	all_required	PF00107,PF08240	2	2	complete	True	True	True	True	True	complete	True	True	retained
GMO.00002497.v1.g563120.t2	adh	Oxylipin and volatile-product chemistry								55.7	1.5e-13	331	proteome_v1_exact	full_length	round1	GMO.00002497.v1.g563120.t2	confirmed	confirmed	strong_only	True	False	6	10	motif_10,motif_2,motif_3,motif_4,motif_7,motif_8	5.91e-17	0.6	true	2	both	1.1e-18	92.1	all_required	PF00107,PF08240	2	2	complete	True	True	True	True	True	complete	True	True	retained
GMO.00002498.v1.g567010.t2	adh	Oxylipin and volatile-product chemistry								55.7	1.5e-13	331	proteome_v1_exact	full_length	round1	GMO.00002498.v1.g567010.t2	confirmed	confirmed	strong_only	True	False	6	10	motif_10,motif_2,motif_3,motif_4,motif_7,motif_8	5.91e-17	0.6	true	2	both	1.1e-18	92.1	all_required	PF00107,PF08240	2	2	complete	True	True	True	True	True	complete	True	True	retained
GMO.00002356.v1.g503070.t1	adh	Oxylipin and volatile-product chemistry								55.5	1.7e-13	385	proteome_v1_exact	full_length	round1	GMO.00002356.v1.g503070.t1	confirmed	confirmed	strong_only	True	False	6	10	motif_2,motif_3,motif_4,motif_5,motif_7,motif_8	1.72e-13	0.6	true	2	both	1.1e-18	100.1	all_required	PF00107,PF08240	2	2	complete	True	True	True	True	True	complete	True	True	retained
GMO.00002636.v1.g647740.t1	adh	Oxylipin and volatile-product chemistry								54.9	2.7e-13	366	proteome_v1_exact	full_length	round1	GMO.00002636.v1.g647740.t1	confirmed	confirmed	strong_only	True	False	5	10	motif_2,motif_3,motif_4,motif_7,motif_8	5e-13	0.5	true	2	both	2.3e-18	98.8	all_required	PF00107,PF08240	2	2	complete	True	True	True	True	True	complete	True	True	retained
GMO.00001745.v1.g234870.t1	adh	Oxylipin and volatile-product chemistry								53.2	8.8e-13	366	proteome_v1_exact	full_length	round1	GMO.00001745.v1.g234870.t1	confirmed	confirmed	strong_only	True	False	5	10	motif_2,motif_3,motif_4,motif_7,motif_8	5e-13	0.5	true	2	both	7.5e-18	97.1	all_required	PF00107,PF08240	2	2	complete	True	True	True	True	True	complete	True	True	retained
GMO.00002363.v1.g510460.t2	alliinase	Sulfur release and comparative reference architectures								508.2	3.3e-151	433	proteome_v1_exact	full_length	round1	GMO.00002363.v1.g510460.t2	confirmed	confirmed	strong_only	True	False	9	10	motif_1,motif_2,motif_3,motif_4,motif_5,motif_6,motif_7,motif_8,motif_9	1.5299999999999998e-61	0.9	true	2	both	1.4e-156	548.1	all_required	PF04863,PF04864	2	2	complete	True	True	True	True	True	complete	True	True	retained
GMO.00001056.v1.g098240.t1	alliinase	Sulfur release and comparative reference architectures								503.7	7.8e-150	494	proteome_v1_exact	full_length	round1	GMO.00001056.v1.g098240.t1	confirmed	confirmed	strong_only	True	False	10	10	motif_1,motif_10,motif_2,motif_3,motif_4,motif_5,motif_6,motif_7,motif_8,motif_9	1.5299999999999998e-61	1.0	true	2	both	3.5e-155	572.1	all_required	PF04863,PF04864	2	2	complete	True	True	True	True	True	complete	True	True	retained
GMO.00001056.v1.g098250.t1	alliinase	Sulfur release and comparative reference architectures								501.4	4e-149	480	proteome_v1_exact	full_length	round1	GMO.00001056.v1.g098250.t1	confirmed	confirmed	strong_only	True	False	10	10	motif_1,motif_10,motif_2,motif_3,motif_4,motif_5,motif_6,motif_7,motif_8,motif_9	9.33e-57	1.0	true	2	both	1.7e-154	576.1	all_required	PF04863,PF04864	2	2	complete	True	True	True	True	True	complete	True	True	retained
GMO.00002363.v1.g510450.t2	alliinase	Sulfur release and comparative reference architectures								500.3	8.4e-149	475	proteome_v1_exact	full_length	round1	GMO.00002363.v1.g510450.t2	confirmed	confirmed	strong_only	True	False	10	10	motif_1,motif_10,motif_2,motif_3,motif_4,motif_5,motif_6,motif_7,motif_8,motif_9	9.33e-57	1.0	true	2	both	3.6e-154	550.2	all_required	PF04863,PF04864	2	2	complete	True	True	True	True	True	complete	True	True	retained
GMO.00002325.v1.g481480.t1	alliinase	Sulfur release and comparative reference architectures								489.1	2.1000000000000003e-145	412	proteome_v1_exact	full_length	round1	GMO.00002325.v1.g481480.t1	confirmed	confirmed	strong_only	True	False	9	10	motif_1,motif_2,motif_3,motif_4,motif_5,motif_6,motif_7,motif_8,motif_9	2.26e-52	0.9	true	1	PF04864	9.399999999999999e-151	488.8	all_required	PF04863,PF04864	2	1	partial	False	True	True	True	False	partial	True	False	removed_incomplete_expected_domain_architecture
GMO.00002288.v1.g441120.t1	alliinase	Sulfur release and comparative reference architectures								488.4	3.5e-145	452	proteome_v1_exact	full_length	round1	GMO.00002288.v1.g441120.t1	confirmed	confirmed	strong_only	True	False	9	10	motif_1,motif_2,motif_3,motif_4,motif_5,motif_6,motif_7,motif_8,motif_9	5.67e-52	0.9	true	1	PF04864	1.4e-150	488.2	all_required	PF04863,PF04864	2	1	partial	False	True	True	True	False	partial	True	False	removed_incomplete_expected_domain_architecture
GMO.00001376.v1.g170880.t1	alliinase	Sulfur release and comparative reference architectures								488.3	3.7e-145	452	proteome_v1_exact	full_length	round1	GMO.00001376.v1.g170880.t1	confirmed	confirmed	strong_only	True	False	9	10	motif_1,motif_2,motif_3,motif_4,motif_5,motif_6,motif_7,motif_8,motif_9	5.67e-52	0.9	true	1	PF04864	1.5e-150	488.1	all_required	PF04863,PF04864	2	1	partial	False	True	True	True	False	partial	True	False	removed_incomplete_expected_domain_architecture
GMO.00000555.v1.g021720.t1	alliinase	Sulfur release and comparative reference architectures								485.9	2e-144	415	proteome_v1_exact	full_length	round1	GMO.00000555.v1.g021720.t1	confirmed	confirmed	strong_only	True	False	9	10	motif_1,motif_2,motif_3,motif_4,motif_5,motif_6,motif_7,motif_8,motif_9	2.26e-52	0.9	true	1	PF04864	1.3e-149	485.0	all_required	PF04863,PF04864	2	1	partial	False	True	True	True	False	partial	True	False	removed_incomplete_expected_domain_architecture
GMO.00002363.v1.g510470.t1	alliinase	Sulfur release and comparative reference architectures								485.4	2.9e-144	465	proteome_v1_exact	full_length	round1	GMO.00002363.v1.g510470.t1	confirmed	confirmed	strong_only	True	False	10	10	motif_1,motif_10,motif_2,motif_3,motif_4,motif_5,motif_6,motif_7,motif_8,motif_9	1.39e-59	1.0	true	2	both	1.2e-149	569.7	all_required	PF04863,PF04864	2	2	complete	True	True	True	True	True	complete	True	True	retained
GMO.00001056.v1.g098230.t1	alliinase	Sulfur release and comparative reference architectures								466.2	1.8999999999999998e-138	358	proteome_v1_exact	full_length	round1	GMO.00001056.v1.g098230.t1	confirmed	confirmed	strong_only	True	False	8	10	motif_1,motif_2,motif_3,motif_4,motif_6,motif_7,motif_8,motif_9	1.5299999999999998e-61	0.8	true	1	PF04864	7.8e-144	466.0	all_required	PF04863,PF04864	2	1	partial	False	True	True	True	False	partial	True	False	removed_incomplete_expected_domain_architecture
GMO.00000748.v1.g065690.t1	aoc	Oxylipin and volatile-product chemistry								321.6	3.5e-95	250	proteome_v1_exact	full_length	round2	GMO.00000748.v1.g065690.t1	confirmed	confirmed	strong_plus_weaker	True	False	8	10	motif_1,motif_2,motif_3,motif_4,motif_5,motif_6,motif_8,motif_9	6.739999999999999e-61	0.8	true	1	all	7.5e-101	321.3	any_required	PF06351	1	1	complete	True	True	True	True	True	complete	True	True	retained
GMO.00002452.v1.g534540.t1	aoc	Oxylipin and volatile-product chemistry								321.6	3.5e-95	250	proteome_v1_exact	full_length	round2	GMO.00002452.v1.g534540.t1	confirmed	confirmed	strong_plus_weaker	True	False	8	10	motif_1,motif_2,motif_3,motif_4,motif_5,motif_6,motif_8,motif_9	6.739999999999999e-61	0.8	true	1	all	7.5e-101	321.3	any_required	PF06351	1	1	complete	True	True	True	True	True	complete	True	True	retained
GMO.00000741.v1.g063280.t1	aoc	Oxylipin and volatile-product chemistry								317.0	8.699999999999999e-94	258	proteome_v1_exact	full_length	round2	GMO.00000741.v1.g063280.t1	confirmed	confirmed	strong_plus_weaker	True	False	9	10	motif_1,motif_10,motif_2,motif_3,motif_4,motif_5,motif_6,motif_7,motif_9	1.0700000000000001e-59	0.9	true	1	all	1.9e-99	316.7	any_required	PF06351	1	1	complete	True	True	True	True	True	complete	True	True	retained
GMO.00002272.v1.g401360.t1	aoc	Oxylipin and volatile-product chemistry								317.0	8.699999999999999e-94	258	proteome_v1_exact	full_length	round2	GMO.00002272.v1.g401360.t1	confirmed	confirmed	strong_plus_weaker	True	False	9	10	motif_1,motif_10,motif_2,motif_3,motif_4,motif_5,motif_6,motif_7,motif_9	1.0700000000000001e-59	0.9	true	1	all	1.9e-99	316.7	any_required	PF06351	1	1	complete	True	True	True	True	True	complete	True	True	retained
GMO.00000748.v1.g065700.t1	aoc	Oxylipin and volatile-product chemistry								310.8	7.2e-92	184	proteome_v1_exact	full_length	round2	GMO.00000748.v1.g065700.t1	confirmed	confirmed	strong_only	True	False	5	10	motif_1,motif_2,motif_3,motif_4,motif_6	2.36e-63	0.5	true	1	all	1.4e-97	310.6	any_required	PF06351	1	1	complete	True	True	True	True	True	complete	True	True	retained
GMO.00002452.v1.g534530.t1	aoc	Oxylipin and volatile-product chemistry								310.8	7.2e-92	184	proteome_v1_exact	full_length	round2	GMO.00002452.v1.g534530.t1	confirmed	confirmed	strong_only	True	False	5	10	motif_1,motif_2,motif_3,motif_4,motif_6	2.36e-63	0.5	true	1	all	1.4e-97	310.6	any_required	PF06351	1	1	complete	True	True	True	True	True	complete	True	True	retained
GMO.00002176.v1.g338720.t1	aos_hpl	Oxylipin and volatile-product chemistry								794.3	1.5e-238	526	proteome_v1_exact	full_length	round2	GMO.00002176.v1.g338720.t1	confirmed	confirmed	strong_only	True	False	4	10	motif_1,motif_2,motif_3,motif_7	5.38e-10	0.4	true	1	all	2.6e-18	52.0	any_required	PF00067	1	1	complete	True	True	True	True	True	complete	True	True	retained
GMO.00002211.v1.g343080.t1	aos_hpl	Oxylipin and volatile-product chemistry								794.3	1.5e-238	526	proteome_v1_exact	full_length	round2	GMO.00002211.v1.g343080.t1	confirmed	confirmed	strong_only	True	False	4	10	motif_1,motif_2,motif_3,motif_7	5.38e-10	0.4	true	1	all	2.6e-18	52.0	any_required	PF00067	1	1	complete	True	True	True	True	True	complete	True	True	retained
GMO.00002275.v1.g408390.t2	aos_hpl	Oxylipin and volatile-product chemistry								672.4	9.7e-202	480	proteome_v1_exact	full_length	round2	GMO.00002275.v1.g408390.t2	confirmed	confirmed	strong_only	True	False	3	10	motif_2,motif_3,motif_7	3.8e-11	0.3	true	1	all	2.1e-21	62.2	any_required	PF00067	1	1	complete	True	True	True	True	True	complete	True	True	retained
GMO.00002368.v1.g515840.t1	aos_hpl	Oxylipin and volatile-product chemistry								567.1	1e-169	504	proteome_v1_exact	full_length	round2	GMO.00002368.v1.g515840.t1	confirmed	confirmed	strong_only	True	False	4	10	motif_2,motif_3,motif_7,motif_9	3.36e-10	0.4	true	1	all	1.1e-19	56.5	any_required	PF00067	1	1	complete	True	True	True	True	True	complete	True	True	retained
GMO.00001736.v1.g232740.t1	aos_hpl	Oxylipin and volatile-product chemistry								565.9	2.4999999999999998e-169	504	proteome_v1_exact	full_length	round2	GMO.00001736.v1.g232740.t1	confirmed	confirmed	strong_only	True	False	4	10	motif_2,motif_3,motif_7,motif_9	3.36e-10	0.4	true	1	all	6.3e-20	57.3	any_required	PF00067	1	1	complete	True	True	True	True	True	complete	True	True	retained
GMO.00002176.v1.g313970.t1	aos_hpl	Oxylipin and volatile-product chemistry								559.6	2e-167	500	proteome_v1_exact	full_length	round2	GMO.00002176.v1.g313970.t1	confirmed	confirmed	strong_only	True	False	5	10	motif_2,motif_3,motif_4,motif_7,motif_9	3.36e-10	0.5	true	1	all	2.9e-19	55.1	any_required	PF00067	1	1	complete	True	True	True	True	True	complete	True	True	retained
GMO.00002368.v1.g515760.t1	aos_hpl	Oxylipin and volatile-product chemistry								551.9	4.2000000000000004e-165	483	proteome_v1_exact	full_length	round2	GMO.00002368.v1.g515760.t1	confirmed	confirmed	strong_only	True	False	4	10	motif_1,motif_2,motif_3,motif_7	1.9e-10	0.4	true	1	all	1.9e-21	62.3	any_required	PF00067	1	1	complete	True	True	True	True	True	complete	True	True	retained
GMO.00001736.v1.g232730.t1	aos_hpl	Oxylipin and volatile-product chemistry								551.5	5.7e-165	483	proteome_v1_exact	full_length	round2	GMO.00001736.v1.g232730.t1	confirmed	confirmed	strong_only	True	False	4	10	motif_1,motif_2,motif_3,motif_7	1.9e-10	0.4	true	1	all	1.9e-21	62.3	any_required	PF00067	1	1	complete	True	True	True	True	True	complete	True	True	retained
GMO.00001753.v1.g239020.t1	aos_hpl	Oxylipin and volatile-product chemistry								551.5	5.8e-165	484	proteome_v1_exact	full_length	round2	GMO.00001753.v1.g239020.t1	confirmed	confirmed	strong_only	True	False	4	10	motif_1,motif_2,motif_3,motif_7	2.67e-10	0.4	true	1	all	8.700000000000001e-22	63.5	any_required	PF00067	1	1	complete	True	True	True	True	True	complete	True	True	retained
GMO.00002631.v1.g642910.t1	aos_hpl	Oxylipin and volatile-product chemistry								548.6	4.2000000000000006e-164	484	proteome_v1_exact	full_length	round2	GMO.00002631.v1.g642910.t1	confirmed	confirmed	strong_only	True	False	4	10	motif_1,motif_2,motif_3,motif_7	2.67e-10	0.4	true	1	all	8.700000000000001e-22	63.5	any_required	PF00067	1	1	complete	True	True	True	True	True	complete	True	True	retained
GMO.00000719.v1.g049070.t2	aos_hpl	Oxylipin and volatile-product chemistry								439.0	5.2e-131	353	proteome_v1_exact	full_length	round2	GMO.00000719.v1.g049070.t2	confirmed	confirmed	strong_only	True	False	2	10	motif_2,motif_3	3.8e-11	0.2	true	1	all	1.1e-21	63.2	any_required	PF00067	1	1	complete	True	True	True	True	True	complete	True	True	retained
GMO.00001180.v1.g117620.t1	aos_hpl	Oxylipin and volatile-product chemistry								398.7	1e-117	506	proteome_v1_exact	full_length	round2	GMO.00001180.v1.g117620.t1	confirmed	confirmed	strong_only	True	False	10	10	motif_1,motif_10,motif_2,motif_3,motif_4,motif_5,motif_6,motif_7,motif_8,motif_9	3.69e-21	1.0	true	1	all	2.1000000000000003e-123	398.5	any_required	PF00067	1	1	complete	True	True	True	True	True	complete	True	True	retained
GMO.00002354.v1.g500220.t1	aos_hpl	Oxylipin and volatile-product chemistry								398.7	1e-117	506	proteome_v1_exact	full_length	round2	GMO.00002354.v1.g500220.t1	confirmed	confirmed	strong_only	True	False	10	10	motif_1,motif_10,motif_2,motif_3,motif_4,motif_5,motif_6,motif_7,motif_8,motif_9	3.69e-21	1.0	true	1	all	2.1000000000000003e-123	398.5	any_required	PF00067	1	1	complete	True	True	True	True	True	complete	True	True	retained
GMO.00002521.v1.g598140.t1	aos_hpl	Oxylipin and volatile-product chemistry								375.0	1.6e-110	505	proteome_v1_exact	full_length	round2	GMO.00002521.v1.g598140.t1	confirmed	confirmed	strong_only	True	False	10	10	motif_1,motif_10,motif_2,motif_3,motif_4,motif_5,motif_6,motif_7,motif_8,motif_9	3.47e-20	1.0	true	1	all	3.3e-116	374.8	any_required	PF00067	1	1	complete	True	True	True	True	True	complete	True	True	retained
GMO.00001309.v1.g145030.t1	aos_hpl	Oxylipin and volatile-product chemistry								374.4	2.3e-110	607	proteome_v1_exact	full_length	round2	GMO.00001309.v1.g145030.t1	confirmed	confirmed	strong_only	True	False	10	10	motif_1,motif_10,motif_2,motif_3,motif_4,motif_5,motif_6,motif_7,motif_8,motif_9	3.45e-21	1.0	true	1	all	4.9e-116	374.2	any_required	PF00067	1	1	complete	True	True	True	True	True	complete	True	True	retained
GMO.00001599.v1.g206990.t1	aos_hpl	Oxylipin and volatile-product chemistry								374.4	2.3e-110	607	proteome_v1_exact	full_length	round2	GMO.00001599.v1.g206990.t1	confirmed	confirmed	strong_only	True	False	10	10	motif_1,motif_10,motif_2,motif_3,motif_4,motif_5,motif_6,motif_7,motif_8,motif_9	3.45e-21	1.0	true	1	all	4.9e-116	374.2	any_required	PF00067	1	1	complete	True	True	True	True	True	complete	True	True	retained
GMO.00001059.v1.g101010.t1	aos_hpl	Oxylipin and volatile-product chemistry								374.2	2.7000000000000004e-110	505	proteome_v1_exact	full_length	round2	GMO.00001059.v1.g101010.t1	confirmed	confirmed	strong_only	True	False	10	10	motif_1,motif_10,motif_2,motif_3,motif_4,motif_5,motif_6,motif_7,motif_8,motif_9	3.47e-20	1.0	true	1	all	5.7e-116	374.0	any_required	PF00067	1	1	complete	True	True	True	True	True	complete	True	True	retained
GMO.00001016.v1.g092530.t1	aos_hpl	Oxylipin and volatile-product chemistry								373.1	6e-110	531	proteome_v1_exact	full_length	round2	GMO.00001016.v1.g092530.t1	confirmed	confirmed	strong_only	True	False	10	10	motif_1,motif_10,motif_2,motif_3,motif_4,motif_5,motif_6,motif_7,motif_8,motif_9	1.76e-21	1.0	true	1	all	1.1999999999999999e-115	372.9	any_required	PF00067	1	1	complete	True	True	True	True	True	complete	True	True	retained
GMO.00000687.v1.g046570.t1	aos_hpl	Oxylipin and volatile-product chemistry								372.7	8.100000000000001e-110	514	proteome_v1_exact	full_length	round2	GMO.00000687.v1.g046570.t1	confirmed	confirmed	strong_only	True	False	10	10	motif_1,motif_10,motif_2,motif_3,motif_4,motif_5,motif_6,motif_7,motif_8,motif_9	3.42e-25	1.0	true	1	all	1.8e-115	372.4	any_required	PF00067	1	1	complete	True	True	True	True	True	complete	True	True	retained
GMO.00002294.v1.g447570.t1	aos_hpl	Oxylipin and volatile-product chemistry								372.7	8.100000000000001e-110	514	proteome_v1_exact	full_length	round2	GMO.00002294.v1.g447570.t1	confirmed	confirmed	strong_only	True	False	10	10	motif_1,motif_10,motif_2,motif_3,motif_4,motif_5,motif_6,motif_7,motif_8,motif_9	3.42e-25	1.0	true	1	all	1.8e-115	372.4	any_required	PF00067	1	1	complete	True	True	True	True	True	complete	True	True	retained
GMO.00002516.v1.g581330.t1	aos_hpl	Oxylipin and volatile-product chemistry								372.6	8.4e-110	531	proteome_v1_exact	full_length	round2	GMO.00002516.v1.g581330.t1	confirmed	confirmed	strong_only	True	False	10	10	motif_1,motif_10,motif_2,motif_3,motif_4,motif_5,motif_6,motif_7,motif_8,motif_9	1.76e-21	1.0	true	1	all	1.7e-115	372.4	any_required	PF00067	1	1	complete	True	True	True	True	True	complete	True	True	retained
GMO.00002317.v1.g455750.t1	aos_hpl	Oxylipin and volatile-product chemistry								370.7	3.1e-109	517	proteome_v1_exact	full_length	round2	GMO.00002317.v1.g455750.t1	confirmed	confirmed	strong_only	True	False	9	10	motif_1,motif_2,motif_3,motif_4,motif_5,motif_6,motif_7,motif_8,motif_9	2.34e-18	0.9	true	1	all	6.9e-115	370.4	any_required	PF00067	1	1	complete	True	True	True	True	True	complete	True	True	retained
GMO.00000552.v1.g021570.t1	aos_hpl	Oxylipin and volatile-product chemistry								368.3	1.7e-108	518	proteome_v1_exact	full_length	round2	GMO.00000552.v1.g021570.t1	confirmed	confirmed	strong_only	True	False	9	10	motif_1,motif_2,motif_3,motif_4,motif_5,motif_6,motif_7,motif_8,motif_9	2.34e-18	0.9	true	1	all	3.7e-114	368.0	any_required	PF00067	1	1	complete	True	True	True	True	True	complete	True	True	retained
GMO.00002176.v1.g310450.t1	aos_hpl	Oxylipin and volatile-product chemistry								365.9	8.9e-108	502	proteome_v1_exact	full_length	round2	GMO.00002176.v1.g310450.t1	confirmed	confirmed	strong_only	True	False	10	10	motif_1,motif_10,motif_2,motif_3,motif_4,motif_5,motif_6,motif_7,motif_8,motif_9	2.98e-22	1.0	true	1	all	1.8e-113	365.7	any_required	PF00067	1	1	complete	True	True	True	True	True	complete	True	True	retained
GMO.00002176.v1.g310430.t1	aos_hpl	Oxylipin and volatile-product chemistry								364.8	2e-107	503	proteome_v1_exact	full_length	round2	GMO.00002176.v1.g310430.t1	confirmed	confirmed	strong_only	True	False	10	10	motif_1,motif_10,motif_2,motif_3,motif_4,motif_5,motif_6,motif_7,motif_8,motif_9	3.74e-19	1.0	true	1	all	4.2e-113	364.5	any_required	PF00067	1	1	complete	True	True	True	True	True	complete	True	True	retained
GMO.00002284.v1.g433830.t1	aos_hpl	Oxylipin and volatile-product chemistry								364.7	2.1e-107	523	proteome_v1_exact	full_length	round2	GMO.00002284.v1.g433830.t1	confirmed	confirmed	strong_only	True	False	10	10	motif_1,motif_10,motif_2,motif_3,motif_4,motif_5,motif_6,motif_7,motif_8,motif_9	3.62e-22	1.0	true	1	all	4.6e-113	364.4	any_required	PF00067	1	1	complete	True	True	True	True	True	complete	True	True	retained
GMO.00000571.v1.g024880.t1	aos_hpl	Oxylipin and volatile-product chemistry								364.3	2.7e-107	520	proteome_v1_exact	full_length	round2	GMO.00000571.v1.g024880.t1	confirmed	confirmed	strong_only	True	False	10	10	motif_1,motif_10,motif_2,motif_3,motif_4,motif_5,motif_6,motif_7,motif_8,motif_9	2.9399999999999998e-24	1.0	true	1	all	6e-113	364.0	any_required	PF00067	1	1	complete	True	True	True	True	True	complete	True	True	retained
GMO.00002325.v1.g479040.t1	aos_hpl	Oxylipin and volatile-product chemistry								363.5	4.9e-107	516	proteome_v1_exact	full_length	round2	GMO.00002325.v1.g479040.t1	confirmed	confirmed	strong_only	True	False	10	10	motif_1,motif_10,motif_2,motif_3,motif_4,motif_5,motif_6,motif_7,motif_8,motif_9	2.9399999999999998e-24	1.0	true	1	all	1.0999999999999999e-112	363.2	any_required	PF00067	1	1	complete	True	True	True	True	True	complete	True	True	retained
GMO.00002288.v1.g440220.t1	aos_hpl	Oxylipin and volatile-product chemistry								363.1	6.5e-107	511	proteome_v1_exact	full_length	round2	GMO.00002288.v1.g440220.t1	confirmed	confirmed	strong_only	True	False	10	10	motif_1,motif_10,motif_2,motif_3,motif_4,motif_5,motif_6,motif_7,motif_8,motif_9	3.59e-23	1.0	true	1	all	1.3999999999999999e-112	362.8	any_required	PF00067	1	1	complete	True	True	True	True	True	complete	True	True	retained
GMO.00000937.v1.g088370.t1	aos_hpl	Oxylipin and volatile-product chemistry								362.2	1.2000000000000001e-106	521	proteome_v1_exact	full_length	round2	GMO.00000937.v1.g088370.t1	confirmed	confirmed	strong_only	True	False	10	10	motif_1,motif_10,motif_2,motif_3,motif_4,motif_5,motif_6,motif_7,motif_8,motif_9	2.12e-23	1.0	true	1	all	2.7e-112	361.9	any_required	PF00067	1	1	complete	True	True	True	True	True	complete	True	True	retained
GMO.00002284.v1.g433880.t1	aos_hpl	Oxylipin and volatile-product chemistry								362.2	1.2000000000000001e-106	521	proteome_v1_exact	full_length	round2	GMO.00002284.v1.g433880.t1	confirmed	confirmed	strong_only	True	False	10	10	motif_1,motif_10,motif_2,motif_3,motif_4,motif_5,motif_6,motif_7,motif_8,motif_9	2.12e-23	1.0	true	1	all	2.6e-112	361.9	any_required	PF00067	1	1	complete	True	True	True	True	True	complete	True	True	retained
GMO.00002802.v1.g687960.t1	aos_hpl	Oxylipin and volatile-product chemistry								362.1	1.3e-106	524	proteome_v1_exact	full_length	round2	GMO.00002802.v1.g687960.t1	confirmed	confirmed	strong_only	True	False	10	10	motif_1,motif_10,motif_2,motif_3,motif_4,motif_5,motif_6,motif_7,motif_8,motif_9	5.35e-23	1.0	true	1	all	2.9e-112	361.7	any_required	PF00067	1	1	complete	True	True	True	True	True	complete	True	True	retained
GMO.00002654.v1.g656020.t1	aos_hpl	Oxylipin and volatile-product chemistry								361.7	1.7000000000000002e-106	524	proteome_v1_exact	full_length	round2	GMO.00002654.v1.g656020.t1	confirmed	confirmed	strong_only	True	False	10	10	motif_1,motif_10,motif_2,motif_3,motif_4,motif_5,motif_6,motif_7,motif_8,motif_9	5.35e-23	1.0	true	1	all	3.7e-112	361.4	any_required	PF00067	1	1	complete	True	True	True	True	True	complete	True	True	retained
GMO.00001329.v1.g149450.t1	aos_hpl	Oxylipin and volatile-product chemistry								358.5	1.6e-105	513	proteome_v1_exact	full_length	round2	GMO.00001329.v1.g149450.t1	confirmed	confirmed	strong_only	True	False	10	10	motif_1,motif_10,motif_2,motif_3,motif_4,motif_5,motif_6,motif_7,motif_8,motif_9	1.85e-24	1.0	true	1	all	3.3000000000000003e-111	358.3	any_required	PF00067	1	1	complete	True	True	True	True	True	complete	True	True	retained
GMO.00000571.v1.g024870.t1	aos_hpl	Oxylipin and volatile-product chemistry								358.3	1.8e-105	516	proteome_v1_exact	full_length	round2	GMO.00000571.v1.g024870.t1	confirmed	confirmed	strong_only	True	False	10	10	motif_1,motif_10,motif_2,motif_3,motif_4,motif_5,motif_6,motif_7,motif_8,motif_9	6.03e-23	1.0	true	1	all	3.9e-111	358.0	any_required	PF00067	1	1	complete	True	True	True	True	True	complete	True	True	retained
GMO.00002523.v1.g599610.t1	aos_hpl	Oxylipin and volatile-product chemistry								357.2	3.8e-105	513	proteome_v1_exact	full_length	round2	GMO.00002523.v1.g599610.t1	confirmed	confirmed	strong_only	True	False	10	10	motif_1,motif_10,motif_2,motif_3,motif_4,motif_5,motif_6,motif_7,motif_8,motif_9	1.85e-24	1.0	true	1	all	7.700000000000001e-111	357.1	any_required	PF00067	1	1	complete	True	True	True	True	True	complete	True	True	retained
GMO.00002317.v1.g455070.t1	aos_hpl	Oxylipin and volatile-product chemistry								356.9	4.7999999999999995e-105	501	proteome_v1_exact	full_length	round2	GMO.00002317.v1.g455070.t1	confirmed	confirmed	strong_only	True	False	10	10	motif_1,motif_10,motif_2,motif_3,motif_4,motif_5,motif_6,motif_7,motif_8,motif_9	8.51e-22	1.0	true	1	all	9.999999999999999e-111	356.6	any_required	PF00067	1	1	complete	True	True	True	True	True	complete	True	True	retained
GMO.00001309.v1.g144990.t1	aos_hpl	Oxylipin and volatile-product chemistry								355.5	1.3e-104	531	proteome_v1_exact	full_length	round2	GMO.00001309.v1.g144990.t1	confirmed	confirmed	strong_only	True	False	10	10	motif_1,motif_10,motif_2,motif_3,motif_4,motif_5,motif_6,motif_7,motif_8,motif_9	2.5300000000000003e-22	1.0	true	1	all	2.9e-110	355.1	any_required	PF00067	1	1	complete	True	True	True	True	True	complete	True	True	retained
GMO.00000693.v1.g047300.t1	aos_hpl	Oxylipin and volatile-product chemistry								354.8	2.2e-104	501	proteome_v1_exact	full_length	round2	GMO.00000693.v1.g047300.t1	confirmed	confirmed	strong_only	True	False	10	10	motif_1,motif_10,motif_2,motif_3,motif_4,motif_5,motif_6,motif_7,motif_8,motif_9	8.51e-22	1.0	true	1	all	4.6e-110	354.5	any_required	PF00067	1	1	complete	True	True	True	True	True	complete	True	True	retained
GMO.00001599.v1.g207010.t1	aos_hpl	Oxylipin and volatile-product chemistry								354.8	2e-104	531	proteome_v1_exact	full_length	round2	GMO.00001599.v1.g207010.t1	confirmed	confirmed	strong_only	True	False	10	10	motif_1,motif_10,motif_2,motif_3,motif_4,motif_5,motif_6,motif_7,motif_8,motif_9	2.5300000000000003e-22	1.0	true	1	all	4.5e-110	354.5	any_required	PF00067	1	1	complete	True	True	True	True	True	complete	True	True	retained
GMO.00001329.v1.g149470.t1	aos_hpl	Oxylipin and volatile-product chemistry								354.1	3.4e-104	513	proteome_v1_exact	full_length	round2	GMO.00001329.v1.g149470.t1	confirmed	confirmed	strong_only	True	False	10	10	motif_1,motif_10,motif_2,motif_3,motif_4,motif_5,motif_6,motif_7,motif_8,motif_9	2.83e-24	1.0	true	1	all	7.3e-110	353.8	any_required	PF00067	1	1	complete	True	True	True	True	True	complete	True	True	retained
GMO.00002284.v1.g433870.t1	aos_hpl	Oxylipin and volatile-product chemistry								353.9	3.9e-104	523	proteome_v1_exact	full_length	round2	GMO.00002284.v1.g433870.t1	confirmed	confirmed	strong_only	True	False	10	10	motif_1,motif_10,motif_2,motif_3,motif_4,motif_5,motif_6,motif_7,motif_8,motif_9	4.38e-24	1.0	true	1	all	8.200000000000001e-110	353.7	any_required	PF00067	1	1	complete	True	True	True	True	True	complete	True	True	retained
GMO.00002427.v1.g527130.t1	aos_hpl	Oxylipin and volatile-product chemistry								353.2	6.300000000000001e-104	493	proteome_v1_exact	full_length	round2	GMO.00002427.v1.g527130.t1	confirmed	confirmed	strong_only	True	False	10	10	motif_1,motif_10,motif_2,motif_3,motif_4,motif_5,motif_6,motif_7,motif_8,motif_9	3.13e-22	1.0	true	1	all	1.4e-109	352.9	any_required	PF00067	1	1	complete	True	True	True	True	True	complete	True	True	retained
GMO.00000937.v1.g088360.t1	aos_hpl	Oxylipin and volatile-product chemistry								352.9	8.100000000000001e-104	524	proteome_v1_exact	full_length	round2	GMO.00000937.v1.g088360.t1	confirmed	confirmed	strong_only	True	False	10	10	motif_1,motif_10,motif_2,motif_3,motif_4,motif_5,motif_6,motif_7,motif_8,motif_9	4.5000000000000003e-23	1.0	true	1	all	1.7e-109	352.6	any_required	PF00067	1	1	complete	True	True	True	True	True	complete	True	True	retained
GMO.00002523.v1.g599630.t1	aos_hpl	Oxylipin and volatile-product chemistry								352.2	1.3e-103	513	proteome_v1_exact	full_length	round2	GMO.00002523.v1.g599630.t1	confirmed	confirmed	strong_only	True	False	10	10	motif_1,motif_10,motif_2,motif_3,motif_4,motif_5,motif_6,motif_7,motif_8,motif_9	2.83e-24	1.0	true	1	all	2.7e-109	352.0	any_required	PF00067	1	1	complete	True	True	True	True	True	complete	True	True	retained
GMO.00001179.v1.g117230.t1	aos_hpl	Oxylipin and volatile-product chemistry								352.0	1.5e-103	515	proteome_v1_exact	full_length	round2	GMO.00001179.v1.g117230.t1	confirmed	confirmed	strong_only	True	False	10	10	motif_1,motif_10,motif_2,motif_3,motif_4,motif_5,motif_6,motif_7,motif_8,motif_9	6.42e-22	1.0	true	1	all	3.1e-109	351.8	any_required	PF00067	1	1	complete	True	True	True	True	True	complete	True	True	retained
GMO.00002354.v1.g499720.t1	aos_hpl	Oxylipin and volatile-product chemistry								352.0	1.5e-103	515	proteome_v1_exact	full_length	round2	GMO.00002354.v1.g499720.t1	confirmed	confirmed	strong_only	True	False	10	10	motif_1,motif_10,motif_2,motif_3,motif_4,motif_5,motif_6,motif_7,motif_8,motif_9	6.42e-22	1.0	true	1	all	3.1e-109	351.8	any_required	PF00067	1	1	complete	True	True	True	True	True	complete	True	True	retained
GMO.00002288.v1.g440350.t1	aos_hpl	Oxylipin and volatile-product chemistry								351.3	2.5e-103	520	proteome_v1_exact	full_length	round2	GMO.00002288.v1.g440350.t1	confirmed	confirmed	strong_only	True	False	10	10	motif_1,motif_10,motif_2,motif_3,motif_4,motif_5,motif_6,motif_7,motif_8,motif_9	8.95e-26	1.0	true	1	all	5e-109	351.1	any_required	PF00067	1	1	complete	True	True	True	True	True	complete	True	True	retained
GMO.00001798.v1.g245360.t1	aos_hpl	Oxylipin and volatile-product chemistry								351.2	2.6e-103	500	proteome_v1_exact	full_length	round2	GMO.00001798.v1.g245360.t1	confirmed	confirmed	strong_only	True	False	10	10	motif_1,motif_10,motif_2,motif_3,motif_4,motif_5,motif_6,motif_7,motif_8,motif_9	1.09e-21	1.0	true	1	all	5.7e-109	350.9	any_required	PF00067	1	1	complete	True	True	True	True	True	complete	True	True	retained
GMO.00002453.v1.g536150.t1	aos_hpl	Oxylipin and volatile-product chemistry								350.1	5.5e-103	516	proteome_v1_exact	full_length	round2	GMO.00002453.v1.g536150.t1	confirmed	confirmed	strong_only	True	False	10	10	motif_1,motif_10,motif_2,motif_3,motif_4,motif_5,motif_6,motif_7,motif_8,motif_9	7.520000000000001e-27	1.0	true	1	all	1.2e-108	349.8	any_required	PF00067	1	1	complete	True	True	True	True	True	complete	True	True	retained
GMO.00001376.v1.g170210.t1	aos_hpl	Oxylipin and volatile-product chemistry								348.2	2.2e-102	520	proteome_v1_exact	full_length	round2	GMO.00001376.v1.g170210.t1	confirmed	confirmed	strong_only	True	False	10	10	motif_1,motif_10,motif_2,motif_3,motif_4,motif_5,motif_6,motif_7,motif_8,motif_9	8.95e-26	1.0	true	1	all	4.3e-108	348.0	any_required	PF00067	1	1	complete	True	True	True	True	True	complete	True	True	retained
GMO.00001059.v1.g100980.t1	aos_hpl	Oxylipin and volatile-product chemistry								347.9	2.6e-102	520	proteome_v1_exact	full_length	round2	GMO.00001059.v1.g100980.t1	confirmed	confirmed	strong_only	True	False	10	10	motif_1,motif_10,motif_2,motif_3,motif_4,motif_5,motif_6,motif_7,motif_8,motif_9	8.24e-20	1.0	true	1	all	5.5e-108	347.6	any_required	PF00067	1	1	complete	True	True	True	True	True	complete	True	True	retained
GMO.00001376.v1.g170190.t1	aos_hpl	Oxylipin and volatile-product chemistry								347.6	3.3e-102	527	proteome_v1_exact	full_length	round2	GMO.00001376.v1.g170190.t1	confirmed	confirmed	strong_only	True	False	10	10	motif_1,motif_10,motif_2,motif_3,motif_4,motif_5,motif_6,motif_7,motif_8,motif_9	1.18e-25	1.0	true	1	all	7.1e-108	347.3	any_required	PF00067	1	1	complete	True	True	True	True	True	complete	True	True	retained
GMO.00001599.v1.g205770.t1	aos_hpl	Oxylipin and volatile-product chemistry								346.9	5.3e-102	500	proteome_v1_exact	full_length	round2	GMO.00001599.v1.g205770.t1	confirmed	confirmed	strong_only	True	False	10	10	motif_1,motif_10,motif_2,motif_3,motif_4,motif_5,motif_6,motif_7,motif_8,motif_9	3.68e-22	1.0	true	1	all	1.2e-107	346.6	any_required	PF00067	1	1	complete	True	True	True	True	True	complete	True	True	retained
GMO.00002288.v1.g440310.t1	aos_hpl	Oxylipin and volatile-product chemistry								346.9	5.2e-102	527	proteome_v1_exact	full_length	round2	GMO.00002288.v1.g440310.t1	confirmed	confirmed	strong_only	True	False	10	10	motif_1,motif_10,motif_2,motif_3,motif_4,motif_5,motif_6,motif_7,motif_8,motif_9	1.18e-25	1.0	true	1	all	1.0999999999999999e-107	346.6	any_required	PF00067	1	1	complete	True	True	True	True	True	complete	True	True	retained
GMO.00002453.v1.g536160.t1	aos_hpl	Oxylipin and volatile-product chemistry								346.9	5.2e-102	501	proteome_v1_exact	full_length	round2	GMO.00002453.v1.g536160.t1	confirmed	confirmed	strong_only	True	False	10	10	motif_1,motif_10,motif_2,motif_3,motif_4,motif_5,motif_6,motif_7,motif_8,motif_9	7.7e-27	1.0	true	1	all	1.0999999999999999e-107	346.6	any_required	PF00067	1	1	complete	True	True	True	True	True	complete	True	True	retained
GMO.00000895.v1.g085780.t1	aos_hpl	Oxylipin and volatile-product chemistry								346.4	7.499999999999999e-102	501	proteome_v1_exact	full_length	round2	GMO.00000895.v1.g085780.t1	confirmed	confirmed	strong_only	True	False	10	10	motif_1,motif_10,motif_2,motif_3,motif_4,motif_5,motif_6,motif_7,motif_8,motif_9	7.7e-27	1.0	true	1	all	1.6e-107	346.1	any_required	PF00067	1	1	complete	True	True	True	True	True	complete	True	True	retained
GMO.00002325.v1.g478160.t1	aos_hpl	Oxylipin and volatile-product chemistry								344.6	2.6e-101	514	proteome_v1_exact	full_length	round2	GMO.00002325.v1.g478160.t1	confirmed	confirmed	strong_only	True	False	10	10	motif_1,motif_10,motif_2,motif_3,motif_4,motif_5,motif_6,motif_7,motif_8,motif_9	2.91e-20	1.0	true	1	all	5.3e-107	344.4	any_required	PF00067	1	1	complete	True	True	True	True	True	complete	True	True	retained
GMO.00002498.v1.g566900.t1	aos_hpl	Oxylipin and volatile-product chemistry								343.2	7e-101	529	proteome_v1_exact	full_length	round2	GMO.00002498.v1.g566900.t1	confirmed	confirmed	strong_only	True	False	10	10	motif_1,motif_10,motif_2,motif_3,motif_4,motif_5,motif_6,motif_7,motif_8,motif_9	9.63e-22	1.0	true	1	all	1.6e-106	342.8	any_required	PF00067	1	1	complete	True	True	True	True	True	complete	True	True	retained
GMO.00002176.v1.g325930.t1	aos_hpl	Oxylipin and volatile-product chemistry								342.6	1.1000000000000001e-100	504	proteome_v1_exact	full_length	round2	GMO.00002176.v1.g325930.t1	confirmed	confirmed	strong_only	True	False	9	10	motif_1,motif_2,motif_3,motif_4,motif_5,motif_6,motif_7,motif_8,motif_9	3.9e-19	0.9	true	1	all	2.3e-106	342.3	any_required	PF00067	1	1	complete	True	True	True	True	True	complete	True	True	retained
GMO.00001599.v1.g207020.t1	aos_hpl	Oxylipin and volatile-product chemistry								342.1	1.5e-100	515	proteome_v1_exact	full_length	round2	GMO.00001599.v1.g207020.t1	confirmed	confirmed	strong_only	True	False	10	10	motif_1,motif_10,motif_2,motif_3,motif_4,motif_5,motif_6,motif_7,motif_8,motif_9	1.6000000000000002e-22	1.0	true	1	all	3.4000000000000003e-106	341.8	any_required	PF00067	1	1	complete	True	True	True	True	True	complete	True	True	retained
GMO.00002325.v1.g479740.t1	aos_hpl	Oxylipin and volatile-product chemistry								342.1	1.5e-100	530	proteome_v1_exact	full_length	round2	GMO.00002325.v1.g479740.t1	confirmed	confirmed	strong_only	True	False	10	10	motif_1,motif_10,motif_2,motif_3,motif_4,motif_5,motif_6,motif_7,motif_8,motif_9	3.61e-27	1.0	true	1	all	2.9999999999999997e-106	341.9	any_required	PF00067	1	1	complete	True	True	True	True	True	complete	True	True	retained
GMO.00002288.v1.g440230.t2	aos_hpl	Oxylipin and volatile-product chemistry								342.0	1.6e-100	521	proteome_v1_exact	full_length	round2	GMO.00002288.v1.g440230.t2	confirmed	confirmed	strong_only	True	False	10	10	motif_1,motif_10,motif_2,motif_3,motif_4,motif_5,motif_6,motif_7,motif_8,motif_9	4.76e-25	1.0	true	1	all	3.5e-106	341.7	any_required	PF00067	1	1	complete	True	True	True	True	True	complete	True	True	retained
GMO.00002176.v1.g328170.t1	aos_hpl	Oxylipin and volatile-product chemistry								341.6	2.1e-100	525	proteome_v1_exact	full_length	round2	GMO.00002176.v1.g328170.t1	confirmed	confirmed	strong_only	True	False	10	10	motif_1,motif_10,motif_2,motif_3,motif_4,motif_5,motif_6,motif_7,motif_8,motif_9	5.52e-21	1.0	true	1	all	4.6e-106	341.3	any_required	PF00067	1	1	complete	True	True	True	True	True	complete	True	True	retained
GMO.00001376.v1.g170100.t2	aos_hpl	Oxylipin and volatile-product chemistry								341.5	2.3e-100	521	proteome_v1_exact	full_length	round2	GMO.00001376.v1.g170100.t2	confirmed	confirmed	strong_only	True	False	10	10	motif_1,motif_10,motif_2,motif_3,motif_4,motif_5,motif_6,motif_7,motif_8,motif_9	4.76e-25	1.0	true	1	all	4.9e-106	341.2	any_required	PF00067	1	1	complete	True	True	True	True	True	complete	True	True	retained
GMO.00000571.v1.g025730.t1	aos_hpl	Oxylipin and volatile-product chemistry								341.3	2.6e-100	530	proteome_v1_exact	full_length	round2	GMO.00000571.v1.g025730.t1	confirmed	confirmed	strong_only	True	False	10	10	motif_1,motif_10,motif_2,motif_3,motif_4,motif_5,motif_6,motif_7,motif_8,motif_9	3.61e-27	1.0	true	1	all	5.2e-106	341.1	any_required	PF00067	1	1	complete	True	True	True	True	True	complete	True	True	retained
GMO.00002453.v1.g536140.t1	aos_hpl	Oxylipin and volatile-product chemistry								341.3	2.6e-100	501	proteome_v1_exact	full_length	round2	GMO.00002453.v1.g536140.t1	confirmed	confirmed	strong_only	True	False	10	10	motif_1,motif_10,motif_2,motif_3,motif_4,motif_5,motif_6,motif_7,motif_8,motif_9	2.44e-26	1.0	true	1	all	5.9e-106	340.9	any_required	PF00067	1	1	complete	True	True	True	True	True	complete	True	True	retained
GMO.00000895.v1.g085800.t1	aos_hpl	Oxylipin and volatile-product chemistry								340.7	4.1e-100	500	proteome_v1_exact	full_length	round2	GMO.00000895.v1.g085800.t1	confirmed	confirmed	strong_only	True	False	10	10	motif_1,motif_10,motif_2,motif_3,motif_4,motif_5,motif_6,motif_7,motif_8,motif_9	1.6099999999999997e-24	1.0	true	1	all	9.3e-106	340.3	any_required	PF00067	1	1	complete	True	True	True	True	True	complete	True	True	retained
GMO.00001358.v1.g166420.t1	aos_hpl	Oxylipin and volatile-product chemistry								340.3	5.4e-100	515	proteome_v1_exact	full_length	round2	GMO.00001358.v1.g166420.t1	confirmed	confirmed	strong_only	True	False	10	10	motif_1,motif_10,motif_2,motif_3,motif_4,motif_5,motif_6,motif_7,motif_8,motif_9	3.97e-22	1.0	true	1	all	1.0999999999999998e-105	340.1	any_required	PF00067	1	1	complete	True	True	True	True	True	complete	True	True	retained
GMO.00002495.v1.g561710.t1	aos_hpl	Oxylipin and volatile-product chemistry								340.3	5.4e-100	515	proteome_v1_exact	full_length	round2	GMO.00002495.v1.g561710.t1	confirmed	confirmed	strong_only	True	False	10	10	motif_1,motif_10,motif_2,motif_3,motif_4,motif_5,motif_6,motif_7,motif_8,motif_9	3.97e-22	1.0	true	1	all	1.0999999999999998e-105	340.1	any_required	PF00067	1	1	complete	True	True	True	True	True	complete	True	True	retained
GMO.00002497.v1.g563230.t1	aos_hpl	Oxylipin and volatile-product chemistry								340.1	6e-100	529	proteome_v1_exact	full_length	round2	GMO.00002497.v1.g563230.t1	confirmed	confirmed	strong_only	True	False	10	10	motif_1,motif_10,motif_2,motif_3,motif_4,motif_5,motif_6,motif_7,motif_8,motif_9	9.63e-22	1.0	true	1	all	1.3e-105	339.8	any_required	PF00067	1	1	complete	True	True	True	True	True	complete	True	True	retained
GMO.00002523.v1.g599950.t1	aos_hpl	Oxylipin and volatile-product chemistry								340.1	5.9e-100	527	proteome_v1_exact	full_length	round2	GMO.00002523.v1.g599950.t1	confirmed	confirmed	strong_only	True	False	10	10	motif_1,motif_10,motif_2,motif_3,motif_4,motif_5,motif_6,motif_7,motif_8,motif_9	3.610000000000001e-21	1.0	true	1	all	1.1999999999999999e-105	340.0	any_required	PF00067	1	1	complete	True	True	True	True	True	complete	True	True	retained
GMO.00001309.v1.g145060.t1	aos_hpl	Oxylipin and volatile-product chemistry								339.5	9.500000000000001e-100	545	proteome_v1_exact	full_length	round2	GMO.00001309.v1.g145060.t1	confirmed	confirmed	strong_only	True	False	10	10	motif_1,motif_10,motif_2,motif_3,motif_4,motif_5,motif_6,motif_7,motif_8,motif_9	3.39e-19	1.0	true	1	all	2.1e-105	339.1	any_required	PF00067	1	1	complete	True	True	True	True	True	complete	True	True	retained
GMO.00001599.v1.g206960.t1	aos_hpl	Oxylipin and volatile-product chemistry								339.5	9.500000000000001e-100	545	proteome_v1_exact	full_length	round2	GMO.00001599.v1.g206960.t1	confirmed	confirmed	strong_only	True	False	10	10	motif_1,motif_10,motif_2,motif_3,motif_4,motif_5,motif_6,motif_7,motif_8,motif_9	3.39e-19	1.0	true	1	all	2.1e-105	339.1	any_required	PF00067	1	1	complete	True	True	True	True	True	complete	True	True	retained
GMO.00001329.v1.g149830.t1	aos_hpl	Oxylipin and volatile-product chemistry								338.7	1.6e-99	526	proteome_v1_exact	full_length	round2	GMO.00001329.v1.g149830.t1	confirmed	confirmed	strong_only	True	False	10	10	motif_1,motif_10,motif_2,motif_3,motif_4,motif_5,motif_6,motif_7,motif_8,motif_9	3.610000000000001e-21	1.0	true	1	all	3.0999999999999998e-105	338.6	any_required	PF00067	1	1	complete	True	True	True	True	True	complete	True	True	retained
GMO.00001309.v1.g145110.t1	aos_hpl	Oxylipin and volatile-product chemistry								337.4	4.1e-99	524	proteome_v1_exact	full_length	round2	GMO.00001309.v1.g145110.t1	confirmed	confirmed	strong_only	True	False	10	10	motif_1,motif_10,motif_2,motif_3,motif_4,motif_5,motif_6,motif_7,motif_8,motif_9	1.24e-20	1.0	true	1	all	8.3e-105	337.2	any_required	PF00067	1	1	complete	True	True	True	True	True	complete	True	True	retained
GMO.00001599.v1.g206900.t1	aos_hpl	Oxylipin and volatile-product chemistry								337.4	4.1e-99	524	proteome_v1_exact	full_length	round2	GMO.00001599.v1.g206900.t1	confirmed	confirmed	strong_only	True	False	10	10	motif_1,motif_10,motif_2,motif_3,motif_4,motif_5,motif_6,motif_7,motif_8,motif_9	1.24e-20	1.0	true	1	all	8.3e-105	337.2	any_required	PF00067	1	1	complete	True	True	True	True	True	complete	True	True	retained
GMO.00001309.v1.g145020.t1	aos_hpl	Oxylipin and volatile-product chemistry								337.2	4.5e-99	519	proteome_v1_exact	full_length	round2	GMO.00001309.v1.g145020.t1	confirmed	confirmed	strong_only	True	False	10	10	motif_1,motif_10,motif_2,motif_3,motif_4,motif_5,motif_6,motif_7,motif_8,motif_9	2.48e-21	1.0	true	1	all	9.599999999999999e-105	336.9	any_required	PF00067	1	1	complete	True	True	True	True	True	complete	True	True	retained
GMO.00001330.v1.g151740.t1	aos_hpl	Oxylipin and volatile-product chemistry								336.4	8e-99	513	proteome_v1_exact	full_length	round2	GMO.00001330.v1.g151740.t1	confirmed	confirmed	strong_only	True	False	10	10	motif_1,motif_10,motif_2,motif_3,motif_4,motif_5,motif_6,motif_7,motif_8,motif_9	3.01e-23	1.0	true	1	all	1.7e-104	336.2	any_required	PF00067	1	1	complete	True	True	True	True	True	complete	True	True	retained
GMO.00002453.v1.g536130.t1	aos_hpl	Oxylipin and volatile-product chemistry								336.3	8.6e-99	505	proteome_v1_exact	full_length	round2	GMO.00002453.v1.g536130.t1	confirmed	confirmed	strong_only	True	False	10	10	motif_1,motif_10,motif_2,motif_3,motif_4,motif_5,motif_6,motif_7,motif_8,motif_9	9.56e-27	1.0	true	1	all	1.8000000000000002e-104	336.0	any_required	PF00067	1	1	complete	True	True	True	True	True	complete	True	True	retained
GMO.00000571.v1.g024850.t1	aos_hpl	Oxylipin and volatile-product chemistry								336.1	9.7e-99	532	proteome_v1_exact	full_length	round2	GMO.00000571.v1.g024850.t1	confirmed	confirmed	strong_only	True	False	10	10	motif_1,motif_10,motif_2,motif_3,motif_4,motif_5,motif_6,motif_7,motif_8,motif_9	3.32e-20	1.0	true	1	all	2.2e-104	335.8	any_required	PF00067	1	1	complete	True	True	True	True	True	complete	True	True	retained
GMO.00002253.v1.g388170.t2	aos_hpl	Oxylipin and volatile-product chemistry								335.3	1.7e-98	513	proteome_v1_exact	full_length	round2	GMO.00002253.v1.g388170.t2	confirmed	confirmed	strong_only	True	False	10	10	motif_1,motif_10,motif_2,motif_3,motif_4,motif_5,motif_6,motif_7,motif_8,motif_9	7.29e-25	1.0	true	1	all	3.7e-104	335.0	any_required	PF00067	1	1	complete	True	True	True	True	True	complete	True	True	retained
GMO.00001227.v1.g123240.t1	aos_hpl	Oxylipin and volatile-product chemistry								334.6	2.8000000000000002e-98	511	proteome_v1_exact	full_length	round2	GMO.00001227.v1.g123240.t1	confirmed	confirmed	strong_only	True	False	10	10	motif_1,motif_10,motif_2,motif_3,motif_4,motif_5,motif_6,motif_7,motif_8,motif_9	6.59e-25	1.0	true	1	all	6.100000000000001e-104	334.3	any_required	PF00067	1	1	complete	True	True	True	True	True	complete	True	True	retained
GMO.00002631.v1.g642250.t1	aos_hpl	Oxylipin and volatile-product chemistry								334.4	3.2e-98	503	proteome_v1_exact	full_length	round2	GMO.00002631.v1.g642250.t1	confirmed	confirmed	strong_only	True	False	10	10	motif_1,motif_10,motif_2,motif_3,motif_4,motif_5,motif_6,motif_7,motif_8,motif_9	1.21e-22	1.0	true	1	all	6.8e-104	334.2	any_required	PF00067	1	1	complete	True	True	True	True	True	complete	True	True	retained
GMO.00002283.v1.g428060.t1	aos_hpl	Oxylipin and volatile-product chemistry								333.9	4.7e-98	511	proteome_v1_exact	full_length	round2	GMO.00002283.v1.g428060.t1	confirmed	confirmed	strong_only	True	False	10	10	motif_1,motif_10,motif_2,motif_3,motif_4,motif_5,motif_6,motif_7,motif_8,motif_9	3.02e-25	1.0	true	1	all	1e-103	333.5	any_required	PF00067	1	1	complete	True	True	True	True	True	complete	True	True	retained
GMO.00002325.v1.g480560.t1	aos_hpl	Oxylipin and volatile-product chemistry								333.7	5.3e-98	508	proteome_v1_exact	full_length	round2	GMO.00002325.v1.g480560.t1	confirmed	confirmed	strong_only	True	False	10	10	motif_1,motif_10,motif_2,motif_3,motif_4,motif_5,motif_6,motif_7,motif_8,motif_9	3.36e-24	1.0	true	1	all	1.2e-103	333.4	any_required	PF00067	1	1	complete	True	True	True	True	True	complete	True	True	retained
GMO.00000895.v1.g085810.t1	aos_hpl	Oxylipin and volatile-product chemistry								333.5	6e-98	505	proteome_v1_exact	full_length	round2	GMO.00000895.v1.g085810.t1	confirmed	confirmed	strong_only	True	False	10	10	motif_1,motif_10,motif_2,motif_3,motif_4,motif_5,motif_6,motif_7,motif_8,motif_9	1.61e-26	1.0	true	1	all	1.3e-103	333.3	any_required	PF00067	1	1	complete	True	True	True	True	True	complete	True	True	retained
GMO.00001376.v1.g169980.t1	aos_hpl	Oxylipin and volatile-product chemistry								333.3	7.2e-98	545	proteome_v1_exact	full_length	round2	GMO.00001376.v1.g169980.t1	confirmed	confirmed	strong_only	True	False	10	10	motif_1,motif_10,motif_2,motif_3,motif_4,motif_5,motif_6,motif_7,motif_8,motif_9	3.7999999999999995e-24	1.0	true	1	all	1.6e-103	332.9	any_required	PF00067	1	1	complete	True	True	True	True	True	complete	True	True	retained
GMO.00001343.v1.g157540.t1	aos_hpl	Oxylipin and volatile-product chemistry								333.1	8.200000000000001e-98	510	proteome_v1_exact	full_length	round2	GMO.00001343.v1.g157540.t1	confirmed	confirmed	strong_only	True	False	10	10	motif_1,motif_10,motif_2,motif_3,motif_4,motif_5,motif_6,motif_7,motif_8,motif_9	3.08e-25	1.0	true	1	all	1.6e-103	332.9	any_required	PF00067	1	1	complete	True	True	True	True	True	complete	True	True	retained
GMO.00002288.v1.g440250.t1	aos_hpl	Oxylipin and volatile-product chemistry								332.9	9e-98	528	proteome_v1_exact	full_length	round2	GMO.00002288.v1.g440250.t1	confirmed	confirmed	strong_only	True	False	10	10	motif_1,motif_10,motif_2,motif_3,motif_4,motif_5,motif_6,motif_7,motif_8,motif_9	2.14e-24	1.0	true	1	all	1.9e-103	332.7	any_required	PF00067	1	1	complete	True	True	True	True	True	complete	True	True	retained
GMO.00001376.v1.g169970.t1	aos_hpl	Oxylipin and volatile-product chemistry								332.5	1.2e-97	545	proteome_v1_exact	full_length	round2	GMO.00001376.v1.g169970.t1	confirmed	confirmed	strong_only	True	False	10	10	motif_1,motif_10,motif_2,motif_3,motif_4,motif_5,motif_6,motif_7,motif_8,motif_9	3.7999999999999995e-24	1.0	true	1	all	2.6e-103	332.2	any_required	PF00067	1	1	complete	True	True	True	True	True	complete	True	True	retained
GMO.00001376.v1.g170120.t1	aos_hpl	Oxylipin and volatile-product chemistry								332.5	1.2e-97	528	proteome_v1_exact	full_length	round2	GMO.00001376.v1.g170120.t1	confirmed	confirmed	strong_only	True	False	10	10	motif_1,motif_10,motif_2,motif_3,motif_4,motif_5,motif_6,motif_7,motif_8,motif_9	2.14e-24	1.0	true	1	all	2.5e-103	332.3	any_required	PF00067	1	1	complete	True	True	True	True	True	complete	True	True	retained
GMO.00001558.v1.g195700.t1	aos_hpl	Oxylipin and volatile-product chemistry								332.4	1.3e-97	512	proteome_v1_exact	full_length	round2	GMO.00001558.v1.g195700.t1	confirmed	confirmed	strong_only	True	False	10	10	motif_1,motif_10,motif_2,motif_3,motif_4,motif_5,motif_6,motif_7,motif_8,motif_9	1.6499999999999998e-23	1.0	true	1	all	2.7e-103	332.2	any_required	PF00067	1	1	complete	True	True	True	True	True	complete	True	True	retained
GMO.00002326.v1.g482730.t1	aos_hpl	Oxylipin and volatile-product chemistry								332.4	1.3e-97	512	proteome_v1_exact	full_length	round2	GMO.00002326.v1.g482730.t1	confirmed	confirmed	strong_only	True	False	10	10	motif_1,motif_10,motif_2,motif_3,motif_4,motif_5,motif_6,motif_7,motif_8,motif_9	1.6499999999999998e-23	1.0	true	1	all	2.7e-103	332.2	any_required	PF00067	1	1	complete	True	True	True	True	True	complete	True	True	retained
GMO.00001385.v1.g177690.t1	aos_hpl	Oxylipin and volatile-product chemistry								332.1	1.6e-97	510	proteome_v1_exact	full_length	round2	GMO.00001385.v1.g177690.t1	confirmed	confirmed	strong_only	True	False	10	10	motif_1,motif_10,motif_2,motif_3,motif_4,motif_5,motif_6,motif_7,motif_8,motif_9	3.08e-25	1.0	true	1	all	3.3e-103	331.9	any_required	PF00067	1	1	complete	True	True	True	True	True	complete	True	True	retained
GMO.00000555.v1.g022830.t1	aos_hpl	Oxylipin and volatile-product chemistry								331.7	2.2e-97	513	proteome_v1_exact	full_length	round2	GMO.00000555.v1.g022830.t1	confirmed	confirmed	strong_only	True	False	10	10	motif_1,motif_10,motif_2,motif_3,motif_4,motif_5,motif_6,motif_7,motif_8,motif_9	9.11e-29	1.0	true	1	all	4.7e-103	331.4	any_required	PF00067	1	1	complete	True	True	True	True	True	complete	True	True	retained
GMO.00000895.v1.g086230.t1	aos_hpl	Oxylipin and volatile-product chemistry								331.4	2.6e-97	521	proteome_v1_exact	full_length	round2	GMO.00000895.v1.g086230.t1	confirmed	confirmed	strong_only	True	False	10	10	motif_1,motif_10,motif_2,motif_3,motif_4,motif_5,motif_6,motif_7,motif_8,motif_9	2.05e-22	1.0	true	1	all	5.8e-103	331.1	any_required	PF00067	1	1	complete	True	True	True	True	True	complete	True	True	retained
GMO.00002288.v1.g440120.t1	aos_hpl	Oxylipin and volatile-product chemistry								331.4	2.7e-97	545	proteome_v1_exact	full_length	round2	GMO.00002288.v1.g440120.t1	confirmed	confirmed	strong_only	True	False	10	10	motif_1,motif_10,motif_2,motif_3,motif_4,motif_5,motif_6,motif_7,motif_8,motif_9	3.7999999999999995e-24	1.0	true	1	all	5.9e-103	331.1	any_required	PF00067	1	1	complete	True	True	True	True	True	complete	True	True	retained
GMO.00000567.v1.g024750.t1	aos_hpl	Oxylipin and volatile-product chemistry								331.1	3.3e-97	532	proteome_v1_exact	full_length	round2	GMO.00000567.v1.g024750.t1	confirmed	confirmed	strong_only	True	False	10	10	motif_1,motif_10,motif_2,motif_3,motif_4,motif_5,motif_6,motif_7,motif_8,motif_9	3.32e-20	1.0	true	1	all	7.2e-103	330.8	any_required	PF00067	1	1	complete	True	True	True	True	True	complete	True	True	retained
GMO.00002325.v1.g479000.t1	aos_hpl	Oxylipin and volatile-product chemistry								331.1	3.3e-97	532	proteome_v1_exact	full_length	round2	GMO.00002325.v1.g479000.t1	confirmed	confirmed	strong_only	True	False	10	10	motif_1,motif_10,motif_2,motif_3,motif_4,motif_5,motif_6,motif_7,motif_8,motif_9	3.32e-20	1.0	true	1	all	7.2e-103	330.8	any_required	PF00067	1	1	complete	True	True	True	True	True	complete	True	True	retained
GMO.00002283.v1.g428050.t1	aos_hpl	Oxylipin and volatile-product chemistry								330.7	4.4e-97	511	proteome_v1_exact	full_length	round2	GMO.00002283.v1.g428050.t1	confirmed	confirmed	strong_only	True	False	10	10	motif_1,motif_10,motif_2,motif_3,motif_4,motif_5,motif_6,motif_7,motif_8,motif_9	2.08e-24	1.0	true	1	all	9.5e-103	330.4	any_required	PF00067	1	1	complete	True	True	True	True	True	complete	True	True	retained
GMO.00000895.v1.g085770.t1	aos_hpl	Oxylipin and volatile-product chemistry								330.4	5.2e-97	511	proteome_v1_exact	full_length	round2	GMO.00000895.v1.g085770.t1	confirmed	confirmed	strong_only	True	False	10	10	motif_1,motif_10,motif_2,motif_3,motif_4,motif_5,motif_6,motif_7,motif_8,motif_9	4.0599999999999995e-24	1.0	true	1	all	1.1e-102	330.1	any_required	PF00067	1	1	complete	True	True	True	True	True	complete	True	True	retained
GMO.00000895.v1.g085760.t1	aos_hpl	Oxylipin and volatile-product chemistry								330.3	5.7e-97	506	proteome_v1_exact	full_length	round2	GMO.00000895.v1.g085760.t1	confirmed	confirmed	strong_only	True	False	10	10	motif_1,motif_10,motif_2,motif_3,motif_4,motif_5,motif_6,motif_7,motif_8,motif_9	1.6100000000000002e-27	1.0	true	1	all	1.2e-102	330.0	any_required	PF00067	1	1	complete	True	True	True	True	True	complete	True	True	retained
GMO.00001376.v1.g170010.t1	aos_hpl	Oxylipin and volatile-product chemistry								330.1	6.4e-97	545	proteome_v1_exact	full_length	round2	GMO.00001376.v1.g170010.t1	confirmed	confirmed	strong_only	True	False	10	10	motif_1,motif_10,motif_2,motif_3,motif_4,motif_5,motif_6,motif_7,motif_8,motif_9	3.7999999999999995e-24	1.0	true	1	all	1.4e-102	329.8	any_required	PF00067	1	1	complete	True	True	True	True	True	complete	True	True	retained
GMO.00000895.v1.g085730.t1	aos_hpl	Oxylipin and volatile-product chemistry								330.0	7.1e-97	506	proteome_v1_exact	full_length	round2	GMO.00000895.v1.g085730.t1	confirmed	confirmed	strong_only	True	False	10	10	motif_1,motif_10,motif_2,motif_3,motif_4,motif_5,motif_6,motif_7,motif_8,motif_9	4.76e-25	1.0	true	1	all	1.5e-102	329.7	any_required	PF00067	1	1	complete	True	True	True	True	True	complete	True	True	retained
GMO.00002453.v1.g536180.t1	aos_hpl	Oxylipin and volatile-product chemistry								329.1	1.2999999999999999e-96	506	proteome_v1_exact	full_length	round2	GMO.00002453.v1.g536180.t1	confirmed	confirmed	strong_only	True	False	10	10	motif_1,motif_10,motif_2,motif_3,motif_4,motif_5,motif_6,motif_7,motif_8,motif_9	1.6100000000000002e-27	1.0	true	1	all	2.7e-102	328.9	any_required	PF00067	1	1	complete	True	True	True	True	True	complete	True	True	retained
GMO.00001227.v1.g123760.t1	aos_hpl	Oxylipin and volatile-product chemistry								328.6	1.9e-96	511	proteome_v1_exact	full_length	round2	GMO.00001227.v1.g123760.t1	confirmed	confirmed	strong_only	True	False	10	10	motif_1,motif_10,motif_2,motif_3,motif_4,motif_5,motif_6,motif_7,motif_8,motif_9	3.02e-25	1.0	true	1	all	4.1e-102	328.3	any_required	PF00067	1	1	complete	True	True	True	True	True	complete	True	True	retained
GMO.00000555.v1.g022790.t1	aos_hpl	Oxylipin and volatile-product chemistry								328.3	2.3e-96	513	proteome_v1_exact	full_length	round2	GMO.00000555.v1.g022790.t1	confirmed	confirmed	strong_only	True	False	10	10	motif_1,motif_10,motif_2,motif_3,motif_4,motif_5,motif_6,motif_7,motif_8,motif_9	4.57e-24	1.0	true	1	all	4.9e-102	328.0	any_required	PF00067	1	1	complete	True	True	True	True	True	complete	True	True	retained
GMO.00002325.v1.g480490.t1	aos_hpl	Oxylipin and volatile-product chemistry								328.2	2.3999999999999998e-96	513	proteome_v1_exact	full_length	round2	GMO.00002325.v1.g480490.t1	confirmed	confirmed	strong_only	True	False	10	10	motif_1,motif_10,motif_2,motif_3,motif_4,motif_5,motif_6,motif_7,motif_8,motif_9	9.11e-29	1.0	true	1	all	5.3e-102	327.9	any_required	PF00067	1	1	complete	True	True	True	True	True	complete	True	True	retained
GMO.00002325.v1.g480530.t1	aos_hpl	Oxylipin and volatile-product chemistry								328.2	2.3999999999999998e-96	513	proteome_v1_exact	full_length	round2	GMO.00002325.v1.g480530.t1	confirmed	confirmed	strong_only	True	False	10	10	motif_1,motif_10,motif_2,motif_3,motif_4,motif_5,motif_6,motif_7,motif_8,motif_9	4.57e-24	1.0	true	1	all	5.4e-102	327.9	any_required	PF00067	1	1	complete	True	True	True	True	True	complete	True	True	retained
GMO.00000555.v1.g022740.t1	aos_hpl	Oxylipin and volatile-product chemistry								327.8	3.3e-96	503	proteome_v1_exact	full_length	round2	GMO.00000555.v1.g022740.t1	confirmed	confirmed	strong_only	True	False	10	10	motif_1,motif_10,motif_2,motif_3,motif_4,motif_5,motif_6,motif_7,motif_8,motif_9	3.58e-23	1.0	true	1	all	6.8e-102	327.6	any_required	PF00067	1	1	complete	True	True	True	True	True	complete	True	True	retained
GMO.00002325.v1.g480550.t1	aos_hpl	Oxylipin and volatile-product chemistry								327.7	3.5999999999999997e-96	513	proteome_v1_exact	full_length	round2	GMO.00002325.v1.g480550.t1	confirmed	confirmed	strong_only	True	False	10	10	motif_1,motif_10,motif_2,motif_3,motif_4,motif_5,motif_6,motif_7,motif_8,motif_9	7.96e-24	1.0	true	1	all	7.6e-102	327.4	any_required	PF00067	1	1	complete	True	True	True	True	True	complete	True	True	retained
GMO.00000555.v1.g022770.t1	aos_hpl	Oxylipin and volatile-product chemistry								327.4	4.2e-96	503	proteome_v1_exact	full_length	round2	GMO.00000555.v1.g022770.t1	confirmed	confirmed	strong_only	True	False	10	10	motif_1,motif_10,motif_2,motif_3,motif_4,motif_5,motif_6,motif_7,motif_8,motif_9	2.48e-24	1.0	true	1	all	8.699999999999999e-102	327.2	any_required	PF00067	1	1	complete	True	True	True	True	True	complete	True	True	retained
GMO.00002453.v1.g536190.t1	aos_hpl	Oxylipin and volatile-product chemistry								326.5	8.199999999999999e-96	512	proteome_v1_exact	full_length	round2	GMO.00002453.v1.g536190.t1	confirmed	confirmed	strong_only	True	False	10	10	motif_1,motif_10,motif_2,motif_3,motif_4,motif_5,motif_6,motif_7,motif_8,motif_9	2.67e-23	1.0	true	1	all	1.8e-101	326.2	any_required	PF00067	1	1	complete	True	True	True	True	True	complete	True	True	retained
GMO.00000895.v1.g085750.t1	aos_hpl	Oxylipin and volatile-product chemistry								326.0	1.1999999999999999e-95	512	proteome_v1_exact	full_length	round2	GMO.00000895.v1.g085750.t1	confirmed	confirmed	strong_only	True	False	10	10	motif_1,motif_10,motif_2,motif_3,motif_4,motif_5,motif_6,motif_7,motif_8,motif_9	2.67e-23	1.0	true	1	all	2.6e-101	325.7	any_required	PF00067	1	1	complete	True	True	True	True	True	complete	True	True	retained
GMO.00002253.v1.g371350.t1	aos_hpl	Oxylipin and volatile-product chemistry								325.6	1.5e-95	536	proteome_v1_exact	full_length	round2	GMO.00002253.v1.g371350.t1	confirmed	confirmed	strong_only	True	False	10	10	motif_1,motif_10,motif_2,motif_3,motif_4,motif_5,motif_6,motif_7,motif_8,motif_9	2.7200000000000002e-21	1.0	true	1	all	3.1000000000000004e-101	325.4	any_required	PF00067	1	1	complete	True	True	True	True	True	complete	True	True	retained
GMO.00002453.v1.g536210.t1	aos_hpl	Oxylipin and volatile-product chemistry								325.4	1.7e-95	506	proteome_v1_exact	full_length	round2	GMO.00002453.v1.g536210.t1	confirmed	confirmed	strong_only	True	False	10	10	motif_1,motif_10,motif_2,motif_3,motif_4,motif_5,motif_6,motif_7,motif_8,motif_9	2.16e-25	1.0	true	1	all	3.7e-101	325.1	any_required	PF00067	1	1	complete	True	True	True	True	True	complete	True	True	retained
GMO.00000555.v1.g022800.t1	aos_hpl	Oxylipin and volatile-product chemistry								325.3	1.9e-95	513	proteome_v1_exact	full_length	round2	GMO.00000555.v1.g022800.t1	confirmed	confirmed	strong_only	True	False	10	10	motif_1,motif_10,motif_2,motif_3,motif_4,motif_5,motif_6,motif_7,motif_8,motif_9	4.57e-24	1.0	true	1	all	3.9e-101	325.0	any_required	PF00067	1	1	complete	True	True	True	True	True	complete	True	True	retained
GMO.00002453.v1.g536170.t1	aos_hpl	Oxylipin and volatile-product chemistry								324.4	3.5e-95	511	proteome_v1_exact	full_length	round2	GMO.00002453.v1.g536170.t1	confirmed	confirmed	strong_only	True	False	10	10	motif_1,motif_10,motif_2,motif_3,motif_4,motif_5,motif_6,motif_7,motif_8,motif_9	4.0599999999999995e-24	1.0	true	1	all	7.6e-101	324.1	any_required	PF00067	1	1	complete	True	True	True	True	True	complete	True	True	retained
GMO.00000827.v1.g069840.t1	aos_hpl	Oxylipin and volatile-product chemistry								323.8	5.3999999999999996e-95	509	proteome_v1_exact	full_length	round2	GMO.00000827.v1.g069840.t1	confirmed	confirmed	strong_only	True	False	9	10	motif_1,motif_2,motif_3,motif_4,motif_5,motif_6,motif_7,motif_8,motif_9	1.38e-19	0.9	true	1	all	1.1000000000000001e-100	323.6	any_required	PF00067	1	1	complete	True	True	True	True	True	complete	True	True	retained
GMO.00002319.v1.g469790.t1	aos_hpl	Oxylipin and volatile-product chemistry								323.8	5.3999999999999996e-95	509	proteome_v1_exact	full_length	round2	GMO.00002319.v1.g469790.t1	confirmed	confirmed	strong_only	True	False	9	10	motif_1,motif_2,motif_3,motif_4,motif_5,motif_6,motif_7,motif_8,motif_9	1.38e-19	0.9	true	1	all	1.1000000000000001e-100	323.6	any_required	PF00067	1	1	complete	True	True	True	True	True	complete	True	True	retained
GMO.00002453.v1.g536220.t1	aos_hpl	Oxylipin and volatile-product chemistry								323.1	8.6e-95	512	proteome_v1_exact	full_length	round2	GMO.00002453.v1.g536220.t1	confirmed	confirmed	strong_only	True	False	10	10	motif_1,motif_10,motif_2,motif_3,motif_4,motif_5,motif_6,motif_7,motif_8,motif_9	5.04e-23	1.0	true	1	all	1.9e-100	322.8	any_required	PF00067	1	1	complete	True	True	True	True	True	complete	True	True	retained
GMO.00000895.v1.g085720.t1	aos_hpl	Oxylipin and volatile-product chemistry								322.6	1.2e-94	512	proteome_v1_exact	full_length	round2	GMO.00000895.v1.g085720.t1	confirmed	confirmed	strong_only	True	False	10	10	motif_1,motif_10,motif_2,motif_3,motif_4,motif_5,motif_6,motif_7,motif_8,motif_9	5.04e-23	1.0	true	1	all	2.6e-100	322.3	any_required	PF00067	1	1	complete	True	True	True	True	True	complete	True	True	retained
GMO.00002453.v1.g535730.t1	aos_hpl	Oxylipin and volatile-product chemistry								322.5	1.4e-94	527	proteome_v1_exact	full_length	round2	GMO.00002453.v1.g535730.t1	confirmed	confirmed	strong_only	True	False	10	10	motif_1,motif_10,motif_2,motif_3,motif_4,motif_5,motif_6,motif_7,motif_8,motif_9	2.05e-22	1.0	true	1	all	3.1e-100	322.1	any_required	PF00067	1	1	complete	True	True	True	True	True	complete	True	True	retained
GMO.00000895.v1.g086220.t1	aos_hpl	Oxylipin and volatile-product chemistry								321.8	2.2e-94	527	proteome_v1_exact	full_length	round2	GMO.00000895.v1.g086220.t1	confirmed	confirmed	strong_only	True	False	10	10	motif_1,motif_10,motif_2,motif_3,motif_4,motif_5,motif_6,motif_7,motif_8,motif_9	2.05e-22	1.0	true	1	all	5e-100	321.4	any_required	PF00067	1	1	complete	True	True	True	True	True	complete	True	True	retained
GMO.00002288.v1.g440320.t1	aos_hpl	Oxylipin and volatile-product chemistry								321.0	3.7e-94	522	proteome_v1_exact	full_length	round2	GMO.00002288.v1.g440320.t1	confirmed	confirmed	strong_only	True	False	9	10	motif_1,motif_10,motif_2,motif_3,motif_4,motif_6,motif_7,motif_8,motif_9	5.69e-28	0.9	true	1	all	9.1e-100	320.5	any_required	PF00067	1	1	complete	True	True	True	True	True	complete	True	True	retained
GMO.00001376.v1.g170200.t1	aos_hpl	Oxylipin and volatile-product chemistry								319.8	8.699999999999999e-94	523	proteome_v1_exact	full_length	round2	GMO.00001376.v1.g170200.t1	confirmed	confirmed	strong_only	True	False	9	10	motif_1,motif_10,motif_2,motif_3,motif_4,motif_6,motif_7,motif_8,motif_9	5.69e-28	0.9	true	1	all	2.5e-99	319.1	any_required	PF00067	1	1	complete	True	True	True	True	True	complete	True	True	retained
GMO.00002315.v1.g452130.t1	aos_hpl	Oxylipin and volatile-product chemistry								315.0	2.3999999999999998e-92	521	proteome_v1_exact	full_length	round2	GMO.00002315.v1.g452130.t1	confirmed	confirmed	strong_only	True	False	10	10	motif_1,motif_10,motif_2,motif_3,motif_4,motif_5,motif_6,motif_7,motif_8,motif_9	1e-22	1.0	true	1	all	4.9e-98	314.8	any_required	PF00067	1	1	complete	True	True	True	True	True	complete	True	True	retained
GMO.00002697.v1.g661790.t1	aos_hpl	Oxylipin and volatile-product chemistry								315.0	2.3999999999999998e-92	521	proteome_v1_exact	full_length	round2	GMO.00002697.v1.g661790.t1	confirmed	confirmed	strong_only	True	False	10	10	motif_1,motif_10,motif_2,motif_3,motif_4,motif_5,motif_6,motif_7,motif_8,motif_9	1e-22	1.0	true	1	all	4.9e-98	314.8	any_required	PF00067	1	1	complete	True	True	True	True	True	complete	True	True	retained
GMO.00001525.v1.g191900.t1	aos_hpl	Oxylipin and volatile-product chemistry								314.9	2.7e-92	546	proteome_v1_exact	full_length	round2	GMO.00001525.v1.g191900.t1	confirmed	confirmed	strong_only	True	False	10	10	motif_1,motif_10,motif_2,motif_3,motif_4,motif_5,motif_6,motif_7,motif_8,motif_9	2.08e-23	1.0	true	1	all	6.5e-98	314.4	any_required	PF00067	1	1	complete	True	True	True	True	True	complete	True	True	retained
GMO.00001315.v1.g149120.t1	aos_hpl	Oxylipin and volatile-product chemistry								314.1	4.7999999999999995e-92	510	proteome_v1_exact	full_length	round2	GMO.00001315.v1.g149120.t1	confirmed	confirmed	strong_only	True	False	10	10	motif_1,motif_10,motif_2,motif_3,motif_4,motif_5,motif_6,motif_7,motif_8,motif_9	1.17e-22	1.0	true	1	all	9.999999999999999e-98	313.8	any_required	PF00067	1	1	complete	True	True	True	True	True	complete	True	True	retained
GMO.00002325.v1.g480450.t1	aos_hpl	Oxylipin and volatile-product chemistry								314.1	4.7999999999999995e-92	510	proteome_v1_exact	full_length	round2	GMO.00002325.v1.g480450.t1	confirmed	confirmed	strong_only	True	False	10	10	motif_1,motif_10,motif_2,motif_3,motif_4,motif_5,motif_6,motif_7,motif_8,motif_9	1.17e-22	1.0	true	1	all	9.999999999999999e-98	313.8	any_required	PF00067	1	1	complete	True	True	True	True	True	complete	True	True	retained
GMO.00000895.v1.g085710.t1	aos_hpl	Oxylipin and volatile-product chemistry								313.2	8.7e-92	523	proteome_v1_exact	full_length	round2	GMO.00000895.v1.g085710.t1	confirmed	confirmed	strong_only	True	False	10	10	motif_1,motif_10,motif_2,motif_3,motif_4,motif_5,motif_6,motif_7,motif_8,motif_9	6.2499999999999996e-24	1.0	true	1	all	1.9e-97	312.9	any_required	PF00067	1	1	complete	True	True	True	True	True	complete	True	True	retained
GMO.00000555.v1.g022820.t1	aos_hpl	Oxylipin and volatile-product chemistry								312.9	1.0999999999999999e-91	511	proteome_v1_exact	full_length	round2	GMO.00000555.v1.g022820.t1	confirmed	confirmed	strong_only	True	False	10	10	motif_1,motif_10,motif_2,motif_3,motif_4,motif_5,motif_6,motif_7,motif_8,motif_9	3.47e-24	1.0	true	1	all	2.4e-97	312.6	any_required	PF00067	1	1	complete	True	True	True	True	True	complete	True	True	retained
GMO.00002325.v1.g480500.t1	aos_hpl	Oxylipin and volatile-product chemistry								312.7	1.1999999999999999e-91	511	proteome_v1_exact	full_length	round2	GMO.00002325.v1.g480500.t1	confirmed	confirmed	strong_only	True	False	10	10	motif_1,motif_10,motif_2,motif_3,motif_4,motif_5,motif_6,motif_7,motif_8,motif_9	3.47e-24	1.0	true	1	all	2.6e-97	312.4	any_required	PF00067	1	1	complete	True	True	True	True	True	complete	True	True	retained
GMO.00002356.v1.g502710.t1	aos_hpl	Oxylipin and volatile-product chemistry								312.7	1.1999999999999999e-91	542	proteome_v1_exact	full_length	round2	GMO.00002356.v1.g502710.t1	confirmed	confirmed	strong_only	True	False	10	10	motif_1,motif_10,motif_2,motif_3,motif_4,motif_5,motif_6,motif_7,motif_8,motif_9	2.08e-23	1.0	true	1	all	2.8e-97	312.3	any_required	PF00067	1	1	complete	True	True	True	True	True	complete	True	True	retained
GMO.00002325.v1.g480570.t1	aos_hpl	Oxylipin and volatile-product chemistry								311.9	2.1999999999999998e-91	511	proteome_v1_exact	full_length	round2	GMO.00002325.v1.g480570.t1	confirmed	confirmed	strong_only	True	False	10	10	motif_1,motif_10,motif_2,motif_3,motif_4,motif_5,motif_6,motif_7,motif_8,motif_9	8.93e-24	1.0	true	1	all	4.6e-97	311.6	any_required	PF00067	1	1	complete	True	True	True	True	True	complete	True	True	retained
GMO.00002518.v1.g587870.t1	aos_hpl	Oxylipin and volatile-product chemistry								311.7	2.6e-91	516	proteome_v1_exact	full_length	round2	GMO.00002518.v1.g587870.t1	confirmed	confirmed	strong_only	True	False	10	10	motif_1,motif_10,motif_2,motif_3,motif_4,motif_5,motif_6,motif_7,motif_8,motif_9	6.22e-20	1.0	true	1	all	5.500000000000001e-97	311.4	any_required	PF00067	1	1	complete	True	True	True	True	True	complete	True	True	retained
GMO.00002728.v1.g672360.t1	aos_hpl	Oxylipin and volatile-product chemistry								311.1	3.8e-91	534	proteome_v1_exact	full_length	round2	GMO.00002728.v1.g672360.t1	confirmed	confirmed	strong_only	True	False	10	10	motif_1,motif_10,motif_2,motif_3,motif_4,motif_5,motif_6,motif_7,motif_8,motif_9	6.24e-23	1.0	true	1	all	8.6e-97	310.7	any_required	PF00067	1	1	complete	True	True	True	True	True	complete	True	True	retained
GMO.00001595.v1.g201920.t1	aos_hpl	Oxylipin and volatile-product chemistry								310.3	6.699999999999999e-91	534	proteome_v1_exact	full_length	round2	GMO.00001595.v1.g201920.t1	confirmed	confirmed	strong_only	True	False	10	10	motif_1,motif_10,motif_2,motif_3,motif_4,motif_5,motif_6,motif_7,motif_8,motif_9	6.24e-23	1.0	true	1	all	1.4999999999999999e-96	310.0	any_required	PF00067	1	1	complete	True	True	True	True	True	complete	True	True	retained
GMO.00002453.v1.g536240.t1	aos_hpl	Oxylipin and volatile-product chemistry								308.5	2.3e-90	523	proteome_v1_exact	full_length	round2	GMO.00002453.v1.g536240.t1	confirmed	confirmed	strong_only	True	False	10	10	motif_1,motif_10,motif_2,motif_3,motif_4,motif_5,motif_6,motif_7,motif_8,motif_9	6.2499999999999996e-24	1.0	true	1	all	5.1e-96	308.2	any_required	PF00067	1	1	complete	True	True	True	True	True	complete	True	True	retained
GMO.00002768.v1.g679550.t1	aos_hpl	Oxylipin and volatile-product chemistry								308.5	2.3999999999999997e-90	503	proteome_v1_exact	full_length	round2	GMO.00002768.v1.g679550.t1	confirmed	confirmed	strong_only	True	False	10	10	motif_1,motif_10,motif_2,motif_3,motif_4,motif_5,motif_6,motif_7,motif_8,motif_9	5.02e-20	1.0	true	1	all	4.899999999999999e-96	308.3	any_required	PF00067	1	1	complete	True	True	True	True	True	complete	True	True	retained
GMO.00001773.v1.g241060.t1	aos_hpl	Oxylipin and volatile-product chemistry								306.6	8.5e-90	526	proteome_v1_exact	full_length	round2	GMO.00001773.v1.g241060.t1	confirmed	confirmed	strong_only	True	False	9	10	motif_1,motif_2,motif_3,motif_4,motif_5,motif_6,motif_7,motif_8,motif_9	8.12e-22	0.9	true	1	all	1.7e-95	306.4	any_required	PF00067	1	1	complete	True	True	True	True	True	complete	True	True	retained
GMO.00000555.v1.g022860.t1	aos_hpl	Oxylipin and volatile-product chemistry								305.0	2.6000000000000002e-89	510	proteome_v1_exact	full_length	round2	GMO.00000555.v1.g022860.t1	confirmed	confirmed	strong_only	True	False	10	10	motif_1,motif_10,motif_2,motif_3,motif_4,motif_5,motif_6,motif_7,motif_8,motif_9	1.64e-24	1.0	true	1	all	5.6999999999999996e-95	304.7	any_required	PF00067	1	1	complete	True	True	True	True	True	complete	True	True	retained
GMO.00002325.v1.g480460.t1	aos_hpl	Oxylipin and volatile-product chemistry								305.0	2.6000000000000002e-89	510	proteome_v1_exact	full_length	round2	GMO.00002325.v1.g480460.t1	confirmed	confirmed	strong_only	True	False	10	10	motif_1,motif_10,motif_2,motif_3,motif_4,motif_5,motif_6,motif_7,motif_8,motif_9	1.64e-24	1.0	true	1	all	5.6999999999999996e-95	304.7	any_required	PF00067	1	1	complete	True	True	True	True	True	complete	True	True	retained
GMO.00002253.v1.g388160.t1	aos_hpl	Oxylipin and volatile-product chemistry								304.2	4.6e-89	506	proteome_v1_exact	full_length	round2	GMO.00002253.v1.g388160.t1	confirmed	confirmed	strong_only	True	False	10	10	motif_1,motif_10,motif_2,motif_3,motif_4,motif_5,motif_6,motif_7,motif_8,motif_9	6.0099999999999995e-24	1.0	true	1	all	1e-94	303.9	any_required	PF00067	1	1	complete	True	True	True	True	True	complete	True	True	retained
GMO.00002518.v1.g587860.t1	aos_hpl	Oxylipin and volatile-product chemistry								303.9	5.8000000000000005e-89	533	proteome_v1_exact	full_length	round2	GMO.00002518.v1.g587860.t1	confirmed	confirmed	strong_only	True	False	10	10	motif_1,motif_10,motif_2,motif_3,motif_4,motif_5,motif_6,motif_7,motif_8,motif_9	1.28e-23	1.0	true	1	all	1.2e-94	303.6	any_required	PF00067	1	1	complete	True	True	True	True	True	complete	True	True	retained
GMO.00001014.v1.g091340.t1	aos_hpl	Oxylipin and volatile-product chemistry								303.7	6.8e-89	535	proteome_v1_exact	full_length	round2	GMO.00001014.v1.g091340.t1	confirmed	confirmed	strong_only	True	False	10	10	motif_1,motif_10,motif_2,motif_3,motif_4,motif_5,motif_6,motif_7,motif_8,motif_9	1.28e-23	1.0	true	1	all	1.5e-94	303.4	any_required	PF00067	1	1	complete	True	True	True	True	True	complete	True	True	retained
GMO.00001014.v1.g091350.t2	aos_hpl	Oxylipin and volatile-product chemistry								303.3	8.8e-89	451	proteome_v1_exact	full_length	round2	GMO.00001014.v1.g091350.t2	confirmed	confirmed	strong_only	True	False	9	10	motif_1,motif_10,motif_2,motif_3,motif_4,motif_5,motif_6,motif_8,motif_9	6.22e-20	0.9	true	1	all	1.8e-94	303.0	any_required	PF00067	1	1	complete	True	True	True	True	True	complete	True	True	retained
GMO.00001343.v1.g161760.t1	aos_hpl	Oxylipin and volatile-product chemistry								297.2	6.1e-87	509	proteome_v1_exact	full_length	round2	GMO.00001343.v1.g161760.t1	confirmed	confirmed	strong_only	True	False	9	10	motif_1,motif_10,motif_2,motif_3,motif_4,motif_5,motif_6,motif_7,motif_8	3.82e-23	0.9	true	1	all	1.3e-92	296.9	any_required	PF00067	1	1	complete	True	True	True	True	True	complete	True	True	retained
GMO.00002645.v1.g652180.t1	aos_hpl	Oxylipin and volatile-product chemistry								296.6	9.7e-87	609	proteome_v1_exact	full_length	round2	GMO.00002645.v1.g652180.t1	confirmed	confirmed	strong_only	True	False	9	10	motif_1,motif_10,motif_2,motif_3,motif_4,motif_5,motif_6,motif_8,motif_9	1.96e-18	0.9	true	1	all	2.2999999999999998e-92	296.1	any_required	PF00067	1	1	complete	True	True	True	True	True	complete	True	True	retained
GMO.00001111.v1.g110750.t2	aos_hpl	Oxylipin and volatile-product chemistry								296.1	1.3e-86	507	proteome_v1_exact	full_length	round2	GMO.00001111.v1.g110750.t2	confirmed	confirmed	strong_only	True	False	9	10	motif_1,motif_2,motif_3,motif_4,motif_5,motif_6,motif_7,motif_8,motif_9	9.71e-21	0.9	true	1	all	2.8e-92	295.9	any_required	PF00067	1	1	complete	True	True	True	True	True	complete	True	True	retained
GMO.00002601.v1.g630240.t1	aos_hpl	Oxylipin and volatile-product chemistry								295.9	1.6e-86	609	proteome_v1_exact	full_length	round2	GMO.00002601.v1.g630240.t1	confirmed	confirmed	strong_only	True	False	9	10	motif_1,motif_10,motif_2,motif_3,motif_4,motif_5,motif_6,motif_8,motif_9	1.96e-18	0.9	true	1	all	3.8e-92	295.4	any_required	PF00067	1	1	complete	True	True	True	True	True	complete	True	True	retained
GMO.00001385.v1.g173490.t2	aos_hpl	Oxylipin and volatile-product chemistry								294.1	5.6e-86	509	proteome_v1_exact	full_length	round2	GMO.00001385.v1.g173490.t2	confirmed	confirmed	strong_only	True	False	9	10	motif_1,motif_10,motif_2,motif_3,motif_4,motif_5,motif_6,motif_7,motif_8	1.88e-22	0.9	true	1	all	1.1999999999999999e-91	293.8	any_required	PF00067	1	1	complete	True	True	True	True	True	complete	True	True	retained
GMO.00000684.v1.g046560.t1	aos_hpl	Oxylipin and volatile-product chemistry								292.6	1.5e-85	361	proteome_v1_exact	full_length	round2	GMO.00000684.v1.g046560.t1	confirmed	confirmed	strong_only	True	False	6	10	motif_1,motif_10,motif_2,motif_3,motif_4,motif_5	2.04e-24	0.6	true	1	all	3.1e-91	292.4	any_required	PF00067	1	1	complete	True	True	True	True	True	complete	True	True	retained
GMO.00002294.v1.g447480.t1	aos_hpl	Oxylipin and volatile-product chemistry								292.6	1.5e-85	361	proteome_v1_exact	full_length	round2	GMO.00002294.v1.g447480.t1	confirmed	confirmed	strong_only	True	False	6	10	motif_1,motif_10,motif_2,motif_3,motif_4,motif_5	2.04e-24	0.6	true	1	all	3.1e-91	292.4	any_required	PF00067	1	1	complete	True	True	True	True	True	complete	True	True	retained
GMO.00002452.v1.g534740.t1	aos_hpl	Oxylipin and volatile-product chemistry								292.4	1.8e-85	514	proteome_v1_exact	full_length	round2	GMO.00002452.v1.g534740.t1	confirmed	confirmed	strong_only	True	False	7	10	motif_1,motif_10,motif_2,motif_3,motif_4,motif_5,motif_9	2.18e-16	0.7	true	1	all	4.3e-91	291.9	any_required	PF00067	1	1	complete	True	True	True	True	True	complete	True	True	retained
GMO.00000748.v1.g065510.t1	aos_hpl	Oxylipin and volatile-product chemistry								290.0	9.4e-85	514	proteome_v1_exact	full_length	round2	GMO.00000748.v1.g065510.t1	confirmed	confirmed	strong_only	True	False	7	10	motif_1,motif_10,motif_2,motif_3,motif_4,motif_5,motif_9	2.18e-16	0.7	true	1	all	2.2e-90	289.6	any_required	PF00067	1	1	complete	True	True	True	True	True	complete	True	True	retained
GMO.00002283.v1.g429740.t1	aos_hpl	Oxylipin and volatile-product chemistry								289.8	1.1e-84	541	proteome_v1_exact	full_length	round2	GMO.00002283.v1.g429740.t1	confirmed	confirmed	strong_only	True	False	8	10	motif_1,motif_10,motif_2,motif_3,motif_4,motif_7,motif_8,motif_9	3.29e-20	0.8	true	1	all	2.3e-90	289.6	any_required	PF00067	1	1	complete	True	True	True	True	True	complete	True	True	retained
GMO.00002589.v1.g625320.t1	aos_hpl	Oxylipin and volatile-product chemistry								289.8	1.1e-84	541	proteome_v1_exact	full_length	round2	GMO.00002589.v1.g625320.t1	confirmed	confirmed	strong_only	True	False	8	10	motif_1,motif_10,motif_2,motif_3,motif_4,motif_7,motif_8,motif_9	3.29e-20	0.8	true	1	all	2.3e-90	289.6	any_required	PF00067	1	1	complete	True	True	True	True	True	complete	True	True	retained
GMO.00000684.v1.g046500.t1	aos_hpl	Oxylipin and volatile-product chemistry								288.6	2.5e-84	361	proteome_v1_exact	full_length	round2	GMO.00000684.v1.g046500.t1	confirmed	confirmed	strong_only	True	False	6	10	motif_1,motif_10,motif_2,motif_3,motif_4,motif_5	7.9e-25	0.6	true	1	all	5.199999999999999e-90	288.4	any_required	PF00067	1	1	complete	True	True	True	True	True	complete	True	True	retained
GMO.00002294.v1.g447430.t1	aos_hpl	Oxylipin and volatile-product chemistry								288.6	2.5e-84	361	proteome_v1_exact	full_length	round2	GMO.00002294.v1.g447430.t1	confirmed	confirmed	strong_only	True	False	6	10	motif_1,motif_10,motif_2,motif_3,motif_4,motif_5	7.9e-25	0.6	true	1	all	5.199999999999999e-90	288.4	any_required	PF00067	1	1	complete	True	True	True	True	True	complete	True	True	retained
GMO.00002216.v1.g353960.t1	aos_hpl	Oxylipin and volatile-product chemistry								287.1	7.1e-84	511	proteome_v1_exact	full_length	round2	GMO.00002216.v1.g353960.t1	confirmed	confirmed	strong_only	True	False	7	10	motif_1,motif_2,motif_3,motif_4,motif_5,motif_8,motif_9	1.58e-18	0.7	true	1	all	1.8e-89	286.6	any_required	PF00067	1	1	complete	True	True	True	True	True	complete	True	True	retained
GMO.00002364.v1.g514290.t3	aos_hpl	Oxylipin and volatile-product chemistry								286.1	1.3999999999999999e-83	519	proteome_v1_exact	full_length	round2	GMO.00002364.v1.g514290.t3	confirmed	confirmed	strong_only	True	False	7	10	motif_1,motif_2,motif_3,motif_4,motif_5,motif_7,motif_9	3.2e-14	0.7	true	1	all	3.2e-89	285.8	any_required	PF00067	1	1	complete	True	True	True	True	True	complete	True	True	retained
GMO.00002802.v1.g688190.t1	aos_hpl	Oxylipin and volatile-product chemistry								286.1	1.3999999999999999e-83	523	proteome_v1_exact	full_length	round2	GMO.00002802.v1.g688190.t1	confirmed	confirmed	strong_only	True	False	7	10	motif_1,motif_2,motif_3,motif_4,motif_5,motif_8,motif_9	4.21e-20	0.7	true	1	all	3.2e-89	285.8	any_required	PF00067	1	1	complete	True	True	True	True	True	complete	True	True	retained
GMO.00002654.v1.g655770.t1	aos_hpl	Oxylipin and volatile-product chemistry								284.5	4.2999999999999996e-83	523	proteome_v1_exact	full_length	round2	GMO.00002654.v1.g655770.t1	confirmed	confirmed	strong_only	True	False	7	10	motif_1,motif_2,motif_3,motif_4,motif_5,motif_8,motif_9	4.21e-20	0.7	true	1	all	9.300000000000001e-89	284.2	any_required	PF00067	1	1	complete	True	True	True	True	True	complete	True	True	retained
GMO.00000837.v1.g071980.t1	aos_hpl	Oxylipin and volatile-product chemistry								284.2	5.7e-83	551	proteome_v1_exact	full_length	round2	GMO.00000837.v1.g071980.t1	confirmed	confirmed	strong_only	True	False	8	10	motif_1,motif_10,motif_2,motif_3,motif_4,motif_5,motif_8,motif_9	3.06e-16	0.8	true	1	all	1.4e-88	283.7	any_required	PF00067	1	1	complete	True	True	True	True	True	complete	True	True	retained
GMO.00002319.v1.g458010.t1	aos_hpl	Oxylipin and volatile-product chemistry								284.2	5.7e-83	551	proteome_v1_exact	full_length	round2	GMO.00002319.v1.g458010.t1	confirmed	confirmed	strong_only	True	False	8	10	motif_1,motif_10,motif_2,motif_3,motif_4,motif_5,motif_8,motif_9	3.06e-16	0.8	true	1	all	1.4e-88	283.7	any_required	PF00067	1	1	complete	True	True	True	True	True	complete	True	True	retained
GMO.00001343.v1.g161770.t2	aos_hpl	Oxylipin and volatile-product chemistry								283.4	9.7e-83	506	proteome_v1_exact	full_length	round2	GMO.00001343.v1.g161770.t2	confirmed	confirmed	strong_only	True	False	9	10	motif_1,motif_10,motif_2,motif_3,motif_4,motif_5,motif_6,motif_7,motif_8	3.82e-23	0.9	true	1	all	1.9e-88	283.2	any_required	PF00067	1	1	complete	True	True	True	True	True	complete	True	True	retained
GMO.00001385.v1.g173480.t2	aos_hpl	Oxylipin and volatile-product chemistry								283.3	1.0000000000000001e-82	505	proteome_v1_exact	full_length	round2	GMO.00001385.v1.g173480.t2	confirmed	confirmed	strong_only	True	False	9	10	motif_1,motif_10,motif_2,motif_3,motif_4,motif_5,motif_6,motif_7,motif_8	3.82e-23	0.9	true	1	all	2.2e-88	283.0	any_required	PF00067	1	1	complete	True	True	True	True	True	complete	True	True	retained
GMO.00000395.v1.g009900.t1	aos_hpl	Oxylipin and volatile-product chemistry								283.0	1.1999999999999999e-82	509	proteome_v1_exact	full_length	round2	GMO.00000395.v1.g009900.t1	confirmed	confirmed	strong_only	True	False	8	10	motif_1,motif_10,motif_2,motif_3,motif_4,motif_5,motif_8,motif_9	4.21e-20	0.8	true	1	all	2.7e-88	282.7	any_required	PF00067	1	1	complete	True	True	True	True	True	complete	True	True	retained
GMO.00002253.v1.g370380.t1	aos_hpl	Oxylipin and volatile-product chemistry								283.0	1.1999999999999999e-82	509	proteome_v1_exact	full_length	round2	GMO.00002253.v1.g370380.t1	confirmed	confirmed	strong_only	True	False	8	10	motif_1,motif_10,motif_2,motif_3,motif_4,motif_5,motif_8,motif_9	4.21e-20	0.8	true	1	all	2.7e-88	282.7	any_required	PF00067	1	1	complete	True	True	True	True	True	complete	True	True	retained
GMO.00002497.v1.g563220.t2	aos_hpl	Oxylipin and volatile-product chemistry								282.6	1.6e-82	455	proteome_v1_exact	full_length	round2	GMO.00002497.v1.g563220.t2	confirmed	confirmed	strong_only	True	False	9	10	motif_1,motif_10,motif_2,motif_3,motif_4,motif_5,motif_6,motif_8,motif_9	1.36e-22	0.9	true	1	all	3.5e-88	282.4	any_required	PF00067	1	1	complete	True	True	True	True	True	complete	True	True	retained
GMO.00002288.v1.g440240.t1	aos_hpl	Oxylipin and volatile-product chemistry								282.5	1.7e-82	427	proteome_v1_exact	full_length	round2	GMO.00002288.v1.g440240.t1	confirmed	confirmed	strong_only	True	False	7	10	motif_1,motif_10,motif_2,motif_3,motif_4,motif_5,motif_8	1.33e-22	0.7	true	1	all	3.7e-88	282.3	any_required	PF00067	1	1	complete	True	True	True	True	True	complete	True	True	retained
GMO.00002498.v1.g566910.t2	aos_hpl	Oxylipin and volatile-product chemistry								281.9	2.7999999999999997e-82	455	proteome_v1_exact	full_length	round2	GMO.00002498.v1.g566910.t2	confirmed	confirmed	strong_only	True	False	9	10	motif_1,motif_10,motif_2,motif_3,motif_4,motif_5,motif_6,motif_8,motif_9	1.36e-22	0.9	true	1	all	6e-88	281.6	any_required	PF00067	1	1	complete	True	True	True	True	True	complete	True	True	retained
GMO.00001266.v1.g138010.t1	aos_hpl	Oxylipin and volatile-product chemistry								280.1	9.4e-82	567	proteome_v1_exact	full_length	round2	GMO.00001266.v1.g138010.t1	confirmed	confirmed	strong_only	True	False	9	10	motif_1,motif_10,motif_2,motif_3,motif_4,motif_5,motif_7,motif_8,motif_9	1.52e-24	0.9	true	1	all	2.1e-87	279.8	any_required	PF00067	1	1	complete	True	True	True	True	True	complete	True	True	retained
GMO.00002294.v1.g448420.t1	aos_hpl	Oxylipin and volatile-product chemistry								280.1	9.5e-82	567	proteome_v1_exact	full_length	round2	GMO.00002294.v1.g448420.t1	confirmed	confirmed	strong_only	True	False	9	10	motif_1,motif_10,motif_2,motif_3,motif_4,motif_5,motif_7,motif_8,motif_9	4.04e-23	0.9	true	1	all	2.1e-87	279.8	any_required	PF00067	1	1	complete	True	True	True	True	True	complete	True	True	retained
GMO.00001745.v1.g234860.t1	aos_hpl	Oxylipin and volatile-product chemistry								279.8	1.1e-81	519	proteome_v1_exact	full_length	round2	GMO.00001745.v1.g234860.t1	confirmed	confirmed	strong_only	True	False	8	10	motif_1,motif_10,motif_2,motif_3,motif_4,motif_5,motif_8,motif_9	6.92e-17	0.8	true	1	all	2.8e-87	279.4	any_required	PF00067	1	1	complete	True	True	True	True	True	complete	True	True	retained
GMO.00001690.v1.g223060.t1	aos_hpl	Oxylipin and volatile-product chemistry								279.5	1.5e-81	556	proteome_v1_exact	full_length	round2	GMO.00001690.v1.g223060.t1	confirmed	confirmed	strong_only	True	False	8	10	motif_1,motif_10,motif_2,motif_3,motif_4,motif_5,motif_8,motif_9	1.06e-17	0.8	true	1	all	3.4000000000000003e-87	279.1	any_required	PF00067	1	1	complete	True	True	True	True	True	complete	True	True	retained
GMO.00002465.v1.g547360.t1	aos_hpl	Oxylipin and volatile-product chemistry								279.5	1.5e-81	556	proteome_v1_exact	full_length	round2	GMO.00002465.v1.g547360.t1	confirmed	confirmed	strong_only	True	False	8	10	motif_1,motif_10,motif_2,motif_3,motif_4,motif_5,motif_8,motif_9	1.06e-17	0.8	true	1	all	3.4000000000000003e-87	279.1	any_required	PF00067	1	1	complete	True	True	True	True	True	complete	True	True	retained
GMO.00000558.v1.g024250.t2	aos_hpl	Oxylipin and volatile-product chemistry								277.9	4.5e-81	464	proteome_v1_exact	full_length	round2	GMO.00000558.v1.g024250.t2	confirmed	confirmed	strong_only	True	False	8	10	motif_1,motif_10,motif_2,motif_3,motif_4,motif_5,motif_8,motif_9	4.82e-19	0.8	true	1	all	9.3e-87	277.7	any_required	PF00067	1	1	complete	True	True	True	True	True	complete	True	True	retained
GMO.00002319.v1.g462560.t1	aos_hpl	Oxylipin and volatile-product chemistry								276.7	1e-80	528	proteome_v1_exact	full_length	round2	GMO.00002319.v1.g462560.t1	confirmed	confirmed	strong_only	True	False	7	10	motif_1,motif_2,motif_3,motif_4,motif_5,motif_8,motif_9	1.24e-19	0.7	true	1	all	2.4e-86	276.3	any_required	PF00067	1	1	complete	True	True	True	True	True	complete	True	True	retained
GMO.00000855.v1.g077950.t1	aos_hpl	Oxylipin and volatile-product chemistry								276.4	1.2000000000000001e-80	529	proteome_v1_exact	full_length	round2	GMO.00000855.v1.g077950.t1	confirmed	confirmed	strong_only	True	False	7	10	motif_1,motif_2,motif_3,motif_4,motif_5,motif_8,motif_9	1.24e-19	0.7	true	1	all	2.8e-86	276.1	any_required	PF00067	1	1	complete	True	True	True	True	True	complete	True	True	retained
GMO.00002354.v1.g500740.t2	aos_hpl	Oxylipin and volatile-product chemistry								275.8	2e-80	513	proteome_v1_exact	full_length	round2	GMO.00002354.v1.g500740.t2	confirmed	confirmed	strong_only	True	False	9	10	motif_1,motif_10,motif_2,motif_3,motif_4,motif_5,motif_7,motif_8,motif_9	1.12e-17	0.9	true	1	all	4.4e-86	275.4	any_required	PF00067	1	1	complete	True	True	True	True	True	complete	True	True	retained
GMO.00002325.v1.g478320.t2	aos_hpl	Oxylipin and volatile-product chemistry								275.6	2.1e-80	450	proteome_v1_exact	full_length	round2	GMO.00002325.v1.g478320.t2	confirmed	confirmed	strong_only	True	False	8	10	motif_1,motif_10,motif_2,motif_3,motif_4,motif_5,motif_8,motif_9	4.82e-19	0.8	true	1	all	4.6e-86	275.4	any_required	PF00067	1	1	complete	True	True	True	True	True	complete	True	True	retained
GMO.00000855.v1.g077940.t1	aos_hpl	Oxylipin and volatile-product chemistry								275.2	3e-80	526	proteome_v1_exact	full_length	round2	GMO.00000855.v1.g077940.t1	confirmed	confirmed	strong_only	True	False	7	10	motif_1,motif_2,motif_3,motif_4,motif_5,motif_8,motif_9	7.26e-19	0.7	true	1	all	7.3e-86	274.7	any_required	PF00067	1	1	complete	True	True	True	True	True	complete	True	True	retained
GMO.00002636.v1.g647730.t2	aos_hpl	Oxylipin and volatile-product chemistry								274.9	3.5e-80	427	proteome_v1_exact	full_length	round2	GMO.00002636.v1.g647730.t2	confirmed	confirmed	strong_only	True	False	8	10	motif_1,motif_10,motif_2,motif_3,motif_4,motif_5,motif_8,motif_9	6.92e-17	0.8	true	1	all	8.200000000000001e-86	274.5	any_required	PF00067	1	1	complete	True	True	True	True	True	complete	True	True	retained
GMO.00001385.v1.g173500.t2	aos_hpl	Oxylipin and volatile-product chemistry								274.7	4.3e-80	508	proteome_v1_exact	full_length	round2	GMO.00001385.v1.g173500.t2	confirmed	confirmed	strong_only	True	False	9	10	motif_1,motif_10,motif_2,motif_3,motif_4,motif_5,motif_6,motif_7,motif_8	1.95e-23	0.9	true	1	all	8.9e-86	274.4	any_required	PF00067	1	1	complete	True	True	True	True	True	complete	True	True	retained
GMO.00001183.v1.g117980.t2	aos_hpl	Oxylipin and volatile-product chemistry								274.4	5.1e-80	513	proteome_v1_exact	full_length	round2	GMO.00001183.v1.g117980.t2	confirmed	confirmed	strong_only	True	False	9	10	motif_1,motif_10,motif_2,motif_3,motif_4,motif_5,motif_7,motif_8,motif_9	1.12e-17	0.9	true	1	all	1.1e-85	274.1	any_required	PF00067	1	1	complete	True	True	True	True	True	complete	True	True	retained
GMO.00001343.v1.g161740.t2	aos_hpl	Oxylipin and volatile-product chemistry								273.8	7.7e-80	508	proteome_v1_exact	full_length	round2	GMO.00001343.v1.g161740.t2	confirmed	confirmed	strong_only	True	False	9	10	motif_1,motif_10,motif_2,motif_3,motif_4,motif_5,motif_6,motif_7,motif_8	1.95e-23	0.9	true	1	all	1.7e-85	273.5	any_required	PF00067	1	1	complete	True	True	True	True	True	complete	True	True	retained
GMO.00002276.v1.g411740.t1	aos_hpl	Oxylipin and volatile-product chemistry								273.7	8.4e-80	582	proteome_v1_exact	full_length	round2	GMO.00002276.v1.g411740.t1	confirmed	confirmed	strong_only	True	False	8	10	motif_1,motif_10,motif_2,motif_3,motif_4,motif_5,motif_6,motif_9	6.93e-20	0.8	true	1	all	2.1e-85	273.2	any_required	PF00067	1	1	complete	True	True	True	True	True	complete	True	True	retained
GMO.00002556.v1.g618810.t1	aos_hpl	Oxylipin and volatile-product chemistry								272.9	1.5e-79	542	proteome_v1_exact	full_length	round2	GMO.00002556.v1.g618810.t1	confirmed	confirmed	strong_only	True	False	9	10	motif_1,motif_10,motif_2,motif_3,motif_4,motif_5,motif_7,motif_8,motif_9	3.04e-21	0.9	true	1	all	3.3e-85	272.6	any_required	PF00067	1	1	complete	True	True	True	True	True	complete	True	True	retained
GMO.00002176.v1.g318380.t2	aos_hpl	Oxylipin and volatile-product chemistry								270.8	6.2e-79	508	proteome_v1_exact	full_length	round2	GMO.00002176.v1.g318380.t2	confirmed	confirmed	strong_only	True	False	9	10	motif_1,motif_10,motif_2,motif_3,motif_4,motif_5,motif_6,motif_7,motif_8	1.95e-23	0.9	true	1	all	1.4e-84	270.5	any_required	PF00067	1	1	complete	True	True	True	True	True	complete	True	True	retained
GMO.00002275.v1.g406490.t1	aos_hpl	Oxylipin and volatile-product chemistry								270.7	6.9e-79	585	proteome_v1_exact	full_length	round2	GMO.00002275.v1.g406490.t1	confirmed	confirmed	strong_only	True	False	8	10	motif_1,motif_10,motif_2,motif_3,motif_4,motif_5,motif_6,motif_9	6.93e-20	0.8	true	1	all	1.6999999999999999e-84	270.2	any_required	PF00067	1	1	complete	True	True	True	True	True	complete	True	True	retained
GMO.00002700.v1.g662400.t1	aos_hpl	Oxylipin and volatile-product chemistry								270.5	8.1e-79	535	proteome_v1_exact	full_length	round2	GMO.00002700.v1.g662400.t1	confirmed	confirmed	strong_only	True	False	9	10	motif_1,motif_10,motif_2,motif_3,motif_4,motif_5,motif_7,motif_8,motif_9	1.27e-20	0.9	true	1	all	1.6999999999999999e-84	270.2	any_required	PF00067	1	1	complete	True	True	True	True	True	complete	True	True	retained
GMO.00002312.v1.g451540.t1	aos_hpl	Oxylipin and volatile-product chemistry								270.2	9.7e-79	535	proteome_v1_exact	full_length	round2	GMO.00002312.v1.g451540.t1	confirmed	confirmed	strong_only	True	False	9	10	motif_1,motif_10,motif_2,motif_3,motif_4,motif_5,motif_7,motif_8,motif_9	1.27e-20	0.9	true	1	all	2.1e-84	269.9	any_required	PF00067	1	1	complete	True	True	True	True	True	complete	True	True	retained
GMO.00000895.v1.g085790.t2	aos_hpl	Oxylipin and volatile-product chemistry								269.3	1.9000000000000002e-78	406	proteome_v1_exact	full_length	round2	GMO.00000895.v1.g085790.t2	confirmed	confirmed	strong_only	True	False	7	10	motif_1,motif_10,motif_2,motif_3,motif_4,motif_5,motif_6	7.520000000000001e-27	0.7	true	1	all	4.4e-84	268.8	any_required	PF00067	1	1	complete	True	True	True	True	True	complete	True	True	retained
GMO.00001247.v1.g133700.t1	aos_hpl	Oxylipin and volatile-product chemistry								268.8	2.6e-78	516	proteome_v1_exact	full_length	round2	GMO.00001247.v1.g133700.t1	confirmed	confirmed	strong_only	True	False	7	10	motif_1,motif_10,motif_2,motif_3,motif_4,motif_8,motif_9	4.86e-16	0.7	true	1	all	6.2999999999999995e-84	268.3	any_required	PF00067	1	1	complete	True	True	True	True	True	complete	True	True	retained
GMO.00002468.v1.g549140.t1	aos_hpl	Oxylipin and volatile-product chemistry								268.8	2.6e-78	516	proteome_v1_exact	full_length	round2	GMO.00002468.v1.g549140.t1	confirmed	confirmed	strong_only	True	False	7	10	motif_1,motif_10,motif_2,motif_3,motif_4,motif_8,motif_9	4.86e-16	0.7	true	1	all	6.2999999999999995e-84	268.3	any_required	PF00067	1	1	complete	True	True	True	True	True	complete	True	True	retained
GMO.00000855.v1.g077930.t1	aos_hpl	Oxylipin and volatile-product chemistry								268.7	2.7e-78	526	proteome_v1_exact	full_length	round2	GMO.00000855.v1.g077930.t1	confirmed	confirmed	strong_only	True	False	7	10	motif_1,motif_2,motif_3,motif_4,motif_5,motif_8,motif_9	7.26e-19	0.7	true	1	all	6.7e-84	268.2	any_required	PF00067	1	1	complete	True	True	True	True	True	complete	True	True	retained
GMO.00001695.v1.g225560.t2	aos_hpl	Oxylipin and volatile-product chemistry								268.6	3e-78	518	proteome_v1_exact	full_length	round2	GMO.00001695.v1.g225560.t2	confirmed	confirmed	strong_only	True	False	9	10	motif_1,motif_10,motif_2,motif_3,motif_4,motif_5,motif_6,motif_7,motif_8	4.89e-22	0.9	true	1	all	6.2e-84	268.3	any_required	PF00067	1	1	complete	True	True	True	True	True	complete	True	True	retained
GMO.00002319.v1.g462530.t1	aos_hpl	Oxylipin and volatile-product chemistry								268.3	3.7e-78	526	proteome_v1_exact	full_length	round2	GMO.00002319.v1.g462530.t1	confirmed	confirmed	strong_only	True	False	7	10	motif_1,motif_2,motif_3,motif_4,motif_5,motif_8,motif_9	7.26e-19	0.7	true	1	all	8.899999999999999e-84	267.8	any_required	PF00067	1	1	complete	True	True	True	True	True	complete	True	True	retained
GMO.00001111.v1.g114800.t1	aos_hpl	Oxylipin and volatile-product chemistry								268.0	4.6e-78	521	proteome_v1_exact	full_length	round2	GMO.00001111.v1.g114800.t1	confirmed	confirmed	strong_only	True	False	8	10	motif_1,motif_10,motif_2,motif_3,motif_4,motif_5,motif_8,motif_9	2.71e-17	0.8	true	1	all	1e-83	267.6	any_required	PF00067	1	1	complete	True	True	True	True	True	complete	True	True	retained
GMO.00001695.v1.g225550.t1	aos_hpl	Oxylipin and volatile-product chemistry								267.4	6.7e-78	519	proteome_v1_exact	full_length	round2	GMO.00001695.v1.g225550.t1	confirmed	confirmed	strong_only	True	False	9	10	motif_1,motif_10,motif_2,motif_3,motif_4,motif_5,motif_6,motif_7,motif_8	3.23e-23	0.9	true	1	all	1.3999999999999999e-83	267.2	any_required	PF00067	1	1	complete	True	True	True	True	True	complete	True	True	retained
GMO.00000095.v1.g000830.t1	aos_hpl	Oxylipin and volatile-product chemistry								267.2	7.7e-78	476	proteome_v1_exact	full_length	round2	GMO.00000095.v1.g000830.t1	confirmed	confirmed	strong_only	True	False	9	10	motif_1,motif_10,motif_2,motif_3,motif_4,motif_5,motif_6,motif_7,motif_8	8.030000000000001e-21	0.9	true	1	all	1.5999999999999999e-83	267.0	any_required	PF00067	1	1	complete	True	True	True	True	True	complete	True	True	retained
GMO.00002176.v1.g318430.t1	aos_hpl	Oxylipin and volatile-product chemistry								267.2	7.7e-78	476	proteome_v1_exact	full_length	round2	GMO.00002176.v1.g318430.t1	confirmed	confirmed	strong_only	True	False	9	10	motif_1,motif_10,motif_2,motif_3,motif_4,motif_5,motif_6,motif_7,motif_8	8.030000000000001e-21	0.9	true	1	all	1.5999999999999999e-83	267.0	any_required	PF00067	1	1	complete	True	True	True	True	True	complete	True	True	retained
GMO.00002500.v1.g573140.t1	aos_hpl	Oxylipin and volatile-product chemistry								266.8	1e-77	544	proteome_v1_exact	full_length	round2	GMO.00002500.v1.g573140.t1	confirmed	confirmed	strong_only	True	False	7	10	motif_1,motif_10,motif_2,motif_3,motif_4,motif_8,motif_9	1.19e-17	0.7	true	1	all	2.3999999999999997e-83	266.4	any_required	PF00067	1	1	complete	True	True	True	True	True	complete	True	True	retained
GMO.00002556.v1.g618500.t2	aos_hpl	Oxylipin and volatile-product chemistry								266.4	1.4e-77	520	proteome_v1_exact	full_length	round2	GMO.00002556.v1.g618500.t2	confirmed	confirmed	strong_only	True	False	9	10	motif_1,motif_10,motif_2,motif_3,motif_4,motif_5,motif_6,motif_7,motif_8	3.23e-23	0.9	true	1	all	2.9e-83	266.1	any_required	PF00067	1	1	complete	True	True	True	True	True	complete	True	True	retained
GMO.00001808.v1.g249080.t2	aos_hpl	Oxylipin and volatile-product chemistry								265.6	2.4e-77	504	proteome_v1_exact	full_length	round2	GMO.00001808.v1.g249080.t2	confirmed	confirmed	strong_only	True	False	8	10	motif_1,motif_2,motif_3,motif_4,motif_5,motif_7,motif_8,motif_9	1.91e-17	0.8	true	1	all	5.5e-83	265.2	any_required	PF00067	1	1	complete	True	True	True	True	True	complete	True	True	retained
GMO.00001599.v1.g207000.t2	aos_hpl	Oxylipin and volatile-product chemistry								265.5	2.6e-77	374	proteome_v1_exact	full_length	round2	GMO.00001599.v1.g207000.t2	confirmed	confirmed	strong_only	True	False	6	10	motif_1,motif_10,motif_2,motif_3,motif_4,motif_5	7.91e-18	0.6	true	1	all	5.1999999999999994e-83	265.3	any_required	PF00067	1	1	complete	True	True	True	True	True	complete	True	True	retained
GMO.00002312.v1.g451550.t1	aos_hpl	Oxylipin and volatile-product chemistry								265.4	2.7e-77	535	proteome_v1_exact	full_length	round2	GMO.00002312.v1.g451550.t1	confirmed	confirmed	strong_only	True	False	9	10	motif_1,motif_10,motif_2,motif_3,motif_4,motif_5,motif_7,motif_8,motif_9	1.27e-20	0.9	true	1	all	5.8e-83	265.1	any_required	PF00067	1	1	complete	True	True	True	True	True	complete	True	True	retained
GMO.00002700.v1.g662350.t1	aos_hpl	Oxylipin and volatile-product chemistry								265.4	2.7e-77	535	proteome_v1_exact	full_length	round2	GMO.00002700.v1.g662350.t1	confirmed	confirmed	strong_only	True	False	9	10	motif_1,motif_10,motif_2,motif_3,motif_4,motif_5,motif_7,motif_8,motif_9	1.27e-20	0.9	true	1	all	5.8e-83	265.1	any_required	PF00067	1	1	complete	True	True	True	True	True	complete	True	True	retained
GMO.00001309.v1.g145170.t1	aos_hpl	Oxylipin and volatile-product chemistry								261.6	4e-76	319	proteome_v1_exact	full_length	round2	GMO.00001309.v1.g145170.t1	confirmed	confirmed	strong_only	True	False	6	10	motif_1,motif_10,motif_2,motif_3,motif_4,motif_5	1.92e-21	0.6	true	1	all	9.099999999999999e-82	261.2	any_required	PF00067	1	1	complete	True	True	True	True	True	complete	True	True	retained
GMO.00002523.v1.g604530.t1	aos_hpl	Oxylipin and volatile-product chemistry								261.3	4.9000000000000003e-76	464	proteome_v1_exact	full_length	round2	GMO.00002523.v1.g604530.t1	confirmed	confirmed	strong_only	True	False	9	10	motif_1,motif_2,motif_3,motif_4,motif_5,motif_6,motif_7,motif_8,motif_9	3.54e-18	0.9	true	1	all	1.1e-81	260.9	any_required	PF00067	1	1	complete	True	True	True	True	True	complete	True	True	retained
GMO.00002805.v1.g688290.t1	aos_hpl	Oxylipin and volatile-product chemistry								261.3	4.9000000000000003e-76	464	proteome_v1_exact	full_length	round2	GMO.00002805.v1.g688290.t1	confirmed	confirmed	strong_only	True	False	9	10	motif_1,motif_2,motif_3,motif_4,motif_5,motif_6,motif_7,motif_8,motif_9	3.54e-18	0.9	true	1	all	1.1e-81	260.9	any_required	PF00067	1	1	complete	True	True	True	True	True	complete	True	True	retained
GMO.00000847.v1.g076180.t1	aos_hpl	Oxylipin and volatile-product chemistry								260.6	7.6e-76	510	proteome_v1_exact	full_length	round2	GMO.00000847.v1.g076180.t1	confirmed	confirmed	strong_only	True	False	7	10	motif_1,motif_10,motif_2,motif_3,motif_4,motif_5,motif_8	4.59e-19	0.7	true	1	all	1.8000000000000002e-81	260.2	any_required	PF00067	1	1	complete	True	True	True	True	True	complete	True	True	retained
GMO.00002319.v1.g459170.t1	aos_hpl	Oxylipin and volatile-product chemistry								259.8	1.4e-75	510	proteome_v1_exact	full_length	round2	GMO.00002319.v1.g459170.t1	confirmed	confirmed	strong_only	True	False	7	10	motif_1,motif_10,motif_2,motif_3,motif_4,motif_5,motif_8	4.59e-19	0.7	true	1	all	3.4000000000000003e-81	259.3	any_required	PF00067	1	1	complete	True	True	True	True	True	complete	True	True	retained
GMO.00002319.v1.g459180.t1	aos_hpl	Oxylipin and volatile-product chemistry								258.5	3.3999999999999997e-75	510	proteome_v1_exact	full_length	round2	GMO.00002319.v1.g459180.t1	confirmed	confirmed	strong_only	True	False	7	10	motif_1,motif_10,motif_2,motif_3,motif_4,motif_5,motif_8	4.59e-19	0.7	true	1	all	7.7e-81	258.2	any_required	PF00067	1	1	complete	True	True	True	True	True	complete	True	True	retained
GMO.00002556.v1.g618490.t2	aos_hpl	Oxylipin and volatile-product chemistry								257.1	9.4e-75	518	proteome_v1_exact	full_length	round2	GMO.00002556.v1.g618490.t2	confirmed	confirmed	strong_only	True	False	9	10	motif_1,motif_10,motif_2,motif_3,motif_4,motif_5,motif_6,motif_7,motif_8	4.89e-22	0.9	true	1	all	2e-80	256.8	any_required	PF00067	1	1	complete	True	True	True	True	True	complete	True	True	retained
GMO.00001343.v1.g163340.t2	aos_hpl	Oxylipin and volatile-product chemistry								255.5	2.9000000000000004e-74	495	proteome_v1_exact	full_length	round2	GMO.00001343.v1.g163340.t2	confirmed	confirmed	strong_only	True	False	9	10	motif_1,motif_10,motif_2,motif_3,motif_4,motif_5,motif_6,motif_7,motif_8	4.110000000000001e-21	0.9	true	1	all	5.900000000000001e-80	255.2	any_required	PF00067	1	1	complete	True	True	True	True	True	complete	True	True	retained
GMO.00001385.v1.g171860.t2	aos_hpl	Oxylipin and volatile-product chemistry								255.5	2.9000000000000004e-74	495	proteome_v1_exact	full_length	round2	GMO.00001385.v1.g171860.t2	confirmed	confirmed	strong_only	True	False	9	10	motif_1,motif_10,motif_2,motif_3,motif_4,motif_5,motif_6,motif_7,motif_8	4.110000000000001e-21	0.9	true	1	all	5.900000000000001e-80	255.2	any_required	PF00067	1	1	complete	True	True	True	True	True	complete	True	True	retained
GMO.00002363.v1.g506270.t1	aos_hpl	Oxylipin and volatile-product chemistry								255.4	2.9000000000000004e-74	526	proteome_v1_exact	full_length	round2	GMO.00002363.v1.g506270.t1	confirmed	confirmed	strong_only	True	False	8	10	motif_1,motif_2,motif_3,motif_4,motif_5,motif_7,motif_8,motif_9	1.78e-16	0.8	true	1	all	7.100000000000001e-80	255.0	any_required	PF00067	1	1	complete	True	True	True	True	True	complete	True	True	retained
GMO.00000847.v1.g076170.t1	aos_hpl	Oxylipin and volatile-product chemistry								253.9	8.300000000000001e-74	510	proteome_v1_exact	full_length	round2	GMO.00000847.v1.g076170.t1	confirmed	confirmed	strong_only	True	False	7	10	motif_1,motif_10,motif_2,motif_3,motif_4,motif_5,motif_8	4.59e-19	0.7	true	1	all	1.9e-79	253.6	any_required	PF00067	1	1	complete	True	True	True	True	True	complete	True	True	retained
GMO.00001278.v1.g140690.t1	aos_hpl	Oxylipin and volatile-product chemistry								253.7	9.5e-74	541	proteome_v1_exact	full_length	round2	GMO.00001278.v1.g140690.t1	confirmed	confirmed	strong_only	True	False	9	10	motif_1,motif_10,motif_2,motif_3,motif_4,motif_6,motif_7,motif_8,motif_9	1.36e-24	0.9	true	1	all	2.1e-79	253.4	any_required	PF00067	1	1	complete	True	True	True	True	True	complete	True	True	retained
GMO.00002494.v1.g559460.t1	aos_hpl	Oxylipin and volatile-product chemistry								253.7	9.5e-74	541	proteome_v1_exact	full_length	round2	GMO.00002494.v1.g559460.t1	confirmed	confirmed	strong_only	True	False	9	10	motif_1,motif_10,motif_2,motif_3,motif_4,motif_6,motif_7,motif_8,motif_9	1.36e-24	0.9	true	1	all	2.1e-79	253.4	any_required	PF00067	1	1	complete	True	True	True	True	True	complete	True	True	retained
GMO.00000693.v1.g047280.t1	aos_hpl	Oxylipin and volatile-product chemistry								252.8	1.8e-73	477	proteome_v1_exact	full_length	round2	GMO.00000693.v1.g047280.t1	confirmed	confirmed	strong_only	True	False	9	10	motif_1,motif_2,motif_3,motif_4,motif_5,motif_6,motif_7,motif_8,motif_9	1.41e-16	0.9	true	1	all	4.2e-79	252.4	any_required	PF00067	1	1	complete	True	True	True	True	True	complete	True	True	retained
GMO.00002317.v1.g455050.t1	aos_hpl	Oxylipin and volatile-product chemistry								252.2	2.8e-73	477	proteome_v1_exact	full_length	round2	GMO.00002317.v1.g455050.t1	confirmed	confirmed	strong_only	True	False	9	10	motif_1,motif_2,motif_3,motif_4,motif_5,motif_6,motif_7,motif_8,motif_9	1.41e-16	0.9	true	1	all	6.4e-79	251.8	any_required	PF00067	1	1	complete	True	True	True	True	True	complete	True	True	retained
GMO.00001330.v1.g153530.t1	aos_hpl	Oxylipin and volatile-product chemistry								252.1	3.1000000000000003e-73	439	proteome_v1_exact	full_length	round2	GMO.00001330.v1.g153530.t1	confirmed	confirmed	strong_only	True	False	9	10	motif_10,motif_2,motif_3,motif_4,motif_5,motif_6,motif_7,motif_8,motif_9	3.57e-20	0.9	true	1	all	7.2e-79	251.7	any_required	PF00067	1	1	complete	True	True	True	True	True	complete	True	True	retained
GMO.00002453.v1.g537630.t2	aos_hpl	Oxylipin and volatile-product chemistry								251.8	3.8e-73	444	proteome_v1_exact	full_length	round2	GMO.00002453.v1.g537630.t2	confirmed	confirmed	strong_only	True	False	9	10	motif_1,motif_2,motif_3,motif_4,motif_5,motif_6,motif_7,motif_8,motif_9	2.73e-16	0.9	true	1	all	8.2e-79	251.5	any_required	PF00067	1	1	complete	True	True	True	True	True	complete	True	True	retained
GMO.00000574.v1.g029490.t2	aos_hpl	Oxylipin and volatile-product chemistry								250.3	1.0000000000000001e-72	433	proteome_v1_exact	full_length	round2	GMO.00000574.v1.g029490.t2	confirmed	confirmed	strong_only	True	False	6	10	motif_1,motif_2,motif_3,motif_4,motif_5,motif_8	1.91e-17	0.6	true	1	all	2.1e-78	250.1	any_required	PF00067	1	1	complete	True	True	True	True	True	complete	True	True	retained
GMO.00002325.v1.g480350.t1	aos_hpl	Oxylipin and volatile-product chemistry								249.7	1.6e-72	525	proteome_v1_exact	full_length	round2	GMO.00002325.v1.g480350.t1	confirmed	confirmed	strong_only	True	False	8	10	motif_1,motif_10,motif_2,motif_3,motif_4,motif_5,motif_7,motif_8	2.17e-19	0.8	true	1	all	3.6e-78	249.3	any_required	PF00067	1	1	complete	True	True	True	True	True	complete	True	True	retained
GMO.00002319.v1.g473260.t4	aos_hpl	Oxylipin and volatile-product chemistry								249.5	1.8e-72	548	proteome_v1_exact	full_length	round2	GMO.00002319.v1.g473260.t4	confirmed	confirmed	strong_only	True	False	7	10	motif_1,motif_10,motif_2,motif_3,motif_4,motif_7,motif_8	8.46e-20	0.7	true	1	all	4.1000000000000003e-78	249.1	any_required	PF00067	1	1	complete	True	True	True	True	True	complete	True	True	retained
GMO.00000895.v1.g084320.t2	aos_hpl	Oxylipin and volatile-product chemistry								248.9	2.8e-72	444	proteome_v1_exact	full_length	round2	GMO.00000895.v1.g084320.t2	confirmed	confirmed	strong_only	True	False	9	10	motif_1,motif_2,motif_3,motif_4,motif_5,motif_6,motif_7,motif_8,motif_9	2.73e-16	0.9	true	1	all	6.2e-78	248.6	any_required	PF00067	1	1	complete	True	True	True	True	True	complete	True	True	retained
GMO.00002253.v1.g369750.t1	aos_hpl	Oxylipin and volatile-product chemistry								248.7	3.1e-72	505	proteome_v1_exact	full_length	round2	GMO.00002253.v1.g369750.t1	confirmed	confirmed	strong_only	True	False	9	10	motif_1,motif_2,motif_3,motif_4,motif_5,motif_6,motif_7,motif_8,motif_9	4.16e-18	0.9	true	1	all	7.4e-78	248.3	any_required	PF00067	1	1	complete	True	True	True	True	True	complete	True	True	retained
GMO.00001343.v1.g163350.t2	aos_hpl	Oxylipin and volatile-product chemistry								248.6	3.5e-72	457	proteome_v1_exact	full_length	round2	GMO.00001343.v1.g163350.t2	confirmed	confirmed	strong_only	True	False	9	10	motif_1,motif_10,motif_2,motif_3,motif_4,motif_5,motif_6,motif_7,motif_8	2.8e-20	0.9	true	1	all	7.600000000000001e-78	248.3	any_required	PF00067	1	1	complete	True	True	True	True	True	complete	True	True	retained
GMO.00000847.v1.g076200.t1	aos_hpl	Oxylipin and volatile-product chemistry								248.2	4.5e-72	501	proteome_v1_exact	full_length	round2	GMO.00000847.v1.g076200.t1	confirmed	confirmed	strong_only	True	False	6	10	motif_1,motif_2,motif_3,motif_4,motif_5,motif_8	8.170000000000001e-21	0.6	true	1	all	1e-77	247.8	any_required	PF00067	1	1	complete	True	True	True	True	True	complete	True	True	retained
GMO.00002319.v1.g459150.t1	aos_hpl	Oxylipin and volatile-product chemistry								248.2	4.5e-72	501	proteome_v1_exact	full_length	round2	GMO.00002319.v1.g459150.t1	confirmed	confirmed	strong_only	True	False	6	10	motif_1,motif_2,motif_3,motif_4,motif_5,motif_8	8.170000000000001e-21	0.6	true	1	all	1e-77	247.8	any_required	PF00067	1	1	complete	True	True	True	True	True	complete	True	True	retained
GMO.00000872.v1.g080170.t2	aos_hpl	Oxylipin and volatile-product chemistry								247.2	8.8e-72	545	proteome_v1_exact	full_length	round2	GMO.00000872.v1.g080170.t2	confirmed	confirmed	strong_only	True	False	7	10	motif_1,motif_10,motif_2,motif_3,motif_4,motif_7,motif_8	8.46e-20	0.7	true	1	all	2e-77	246.9	any_required	PF00067	1	1	complete	True	True	True	True	True	complete	True	True	retained
GMO.00002319.v1.g459160.t1	aos_hpl	Oxylipin and volatile-product chemistry								245.3	3.6e-71	503	proteome_v1_exact	full_length	round2	GMO.00002319.v1.g459160.t1	confirmed	confirmed	strong_only	True	False	6	10	motif_1,motif_2,motif_3,motif_4,motif_5,motif_8	2.99e-19	0.6	true	1	all	8.4e-77	244.8	any_required	PF00067	1	1	complete	True	True	True	True	True	complete	True	True	retained
GMO.00001056.v1.g099770.t1	aos_hpl	Oxylipin and volatile-product chemistry								244.6	5.6e-71	483	proteome_v1_exact	full_length	round2	GMO.00001056.v1.g099770.t1	confirmed	confirmed	strong_only	True	False	8	10	motif_1,motif_2,motif_3,motif_4,motif_5,motif_7,motif_8,motif_9	9.4e-19	0.8	true	1	all	1.2e-76	244.3	any_required	PF00067	1	1	complete	True	True	True	True	True	complete	True	True	retained
GMO.00002363.v1.g508920.t1	aos_hpl	Oxylipin and volatile-product chemistry								243.4	1.3e-70	483	proteome_v1_exact	full_length	round2	GMO.00002363.v1.g508920.t1	confirmed	confirmed	strong_only	True	False	8	10	motif_1,motif_2,motif_3,motif_4,motif_5,motif_7,motif_8,motif_9	9.4e-19	0.8	true	1	all	2.8e-76	243.1	any_required	PF00067	1	1	complete	True	True	True	True	True	complete	True	True	retained
GMO.00000847.v1.g076190.t1	aos_hpl	Oxylipin and volatile-product chemistry								243.3	1.4e-70	503	proteome_v1_exact	full_length	round2	GMO.00000847.v1.g076190.t1	confirmed	confirmed	strong_only	True	False	6	10	motif_1,motif_2,motif_3,motif_4,motif_5,motif_8	2.99e-19	0.6	true	1	all	3.3e-76	242.9	any_required	PF00067	1	1	complete	True	True	True	True	True	complete	True	True	retained
GMO.00001343.v1.g160020.t2	aos_hpl	Oxylipin and volatile-product chemistry								241.7	4.1999999999999996e-70	512	proteome_v1_exact	full_length	round2	GMO.00001343.v1.g160020.t2	confirmed	confirmed	strong_only	True	False	6	10	motif_1,motif_2,motif_3,motif_4,motif_7,motif_8	1.39e-18	0.6	true	1	all	3.6e-75	239.4	any_required	PF00067	1	1	complete	True	True	True	True	True	complete	True	True	retained
GMO.00001385.v1.g175310.t2	aos_hpl	Oxylipin and volatile-product chemistry								241.7	4.1999999999999996e-70	512	proteome_v1_exact	full_length	round2	GMO.00001385.v1.g175310.t2	confirmed	confirmed	strong_only	True	False	6	10	motif_1,motif_2,motif_3,motif_4,motif_7,motif_8	1.39e-18	0.6	true	1	all	3.6e-75	239.4	any_required	PF00067	1	1	complete	True	True	True	True	True	complete	True	True	retained
GMO.00002770.v1.g681890.t2	aos_hpl	Oxylipin and volatile-product chemistry								241.1	6.499999999999999e-70	332	proteome_v1_exact	full_length	round2	GMO.00002770.v1.g681890.t2	confirmed	confirmed	strong_only	True	False	6	10	motif_1,motif_10,motif_2,motif_3,motif_4,motif_5	3.57e-20	0.6	true	1	all	1.4e-75	240.8	any_required	PF00067	1	1	complete	True	True	True	True	True	complete	True	True	retained
GMO.00002612.v1.g635740.t1	aos_hpl	Oxylipin and volatile-product chemistry								236.9	1.2e-68	517	proteome_v1_exact	full_length	round2	GMO.00002612.v1.g635740.t1	confirmed	confirmed	strong_only	True	False	9	10	motif_1,motif_10,motif_2,motif_3,motif_4,motif_5,motif_7,motif_8,motif_9	6.09e-14	0.9	true	1	all	4e-74	236.0	any_required	PF00067	1	1	complete	True	True	True	True	True	complete	True	True	retained
GMO.00000602.v1.g037050.t2	aos_hpl	Oxylipin and volatile-product chemistry								236.3	1.8999999999999998e-68	475	proteome_v1_exact	full_length	round2	GMO.00000602.v1.g037050.t2	confirmed	confirmed	strong_only	True	False	9	10	motif_1,motif_2,motif_3,motif_4,motif_5,motif_6,motif_7,motif_8,motif_9	7.73e-16	0.9	true	1	all	3.8000000000000004e-74	236.1	any_required	PF00067	1	1	complete	True	True	True	True	True	complete	True	True	retained
GMO.00002354.v1.g495850.t2	aos_hpl	Oxylipin and volatile-product chemistry								236.3	1.8999999999999998e-68	475	proteome_v1_exact	full_length	round2	GMO.00002354.v1.g495850.t2	confirmed	confirmed	strong_only	True	False	9	10	motif_1,motif_2,motif_3,motif_4,motif_5,motif_6,motif_7,motif_8,motif_9	7.73e-16	0.9	true	1	all	3.8000000000000004e-74	236.1	any_required	PF00067	1	1	complete	True	True	True	True	True	complete	True	True	retained
GMO.00002601.v1.g631280.t1	aos_hpl	Oxylipin and volatile-product chemistry								234.7	5.4999999999999994e-68	518	proteome_v1_exact	full_length	round2	GMO.00002601.v1.g631280.t1	confirmed	confirmed	strong_only	True	False	9	10	motif_1,motif_10,motif_2,motif_3,motif_4,motif_5,motif_7,motif_8,motif_9	2.35e-14	0.9	true	1	all	1.9e-73	233.8	any_required	PF00067	1	1	complete	True	True	True	True	True	complete	True	True	retained
GMO.00001595.v1.g202620.t2	aos_hpl	Oxylipin and volatile-product chemistry								234.1	8.7e-68	353	proteome_v1_exact	full_length	round2	GMO.00001595.v1.g202620.t2	confirmed	confirmed	strong_only	True	False	5	10	motif_1,motif_2,motif_3,motif_4,motif_5	8.12e-22	0.5	true	1	all	1.8e-73	233.8	any_required	PF00067	1	1	complete	True	True	True	True	True	complete	True	True	retained
GMO.00002284.v1.g432820.t2	aos_hpl	Oxylipin and volatile-product chemistry								232.7	2.3e-67	428	proteome_v1_exact	full_length	round2	GMO.00002284.v1.g432820.t2	confirmed	confirmed	strong_only	True	False	7	10	motif_1,motif_2,motif_3,motif_4,motif_5,motif_6,motif_9	2.25e-16	0.7	true	1	all	5.2e-73	232.3	any_required	PF00067	1	1	complete	True	True	True	True	True	complete	True	True	retained
GMO.00002486.v1.g552560.t2	aos_hpl	Oxylipin and volatile-product chemistry								232.6	2.5000000000000003e-67	428	proteome_v1_exact	full_length	round2	GMO.00002486.v1.g552560.t2	confirmed	confirmed	strong_only	True	False	7	10	motif_1,motif_2,motif_3,motif_4,motif_5,motif_6,motif_9	2.25e-16	0.7	true	1	all	5.7e-73	232.2	any_required	PF00067	1	1	complete	True	True	True	True	True	complete	True	True	retained
GMO.00002253.v1.g390980.t1	aos_hpl	Oxylipin and volatile-product chemistry								232.0	3.8e-67	491	proteome_v1_exact	full_length	round2	GMO.00002253.v1.g390980.t1	confirmed	confirmed	strong_only	True	False	7	10	motif_1,motif_2,motif_3,motif_4,motif_5,motif_7,motif_9	9.38e-16	0.7	true	1	all	8.8e-73	231.6	any_required	PF00067	1	1	complete	True	True	True	True	True	complete	True	True	retained
GMO.00000616.v1.g037230.t1	aos_hpl	Oxylipin and volatile-product chemistry								229.9	1.6e-66	521	proteome_v1_exact	full_length	round2	GMO.00000616.v1.g037230.t1	confirmed	confirmed	strong_only	True	False	8	10	motif_1,motif_10,motif_2,motif_3,motif_4,motif_5,motif_7,motif_8	2.3400000000000006e-21	0.8	true	1	all	4.6e-72	229.2	any_required	PF00067	1	1	complete	True	True	True	True	True	complete	True	True	retained
GMO.00002354.v1.g497510.t1	aos_hpl	Oxylipin and volatile-product chemistry								229.9	1.6e-66	521	proteome_v1_exact	full_length	round2	GMO.00002354.v1.g497510.t1	confirmed	confirmed	strong_only	True	False	8	10	motif_1,motif_10,motif_2,motif_3,motif_4,motif_5,motif_7,motif_8	2.3400000000000006e-21	0.8	true	1	all	4.6e-72	229.2	any_required	PF00067	1	1	complete	True	True	True	True	True	complete	True	True	retained
GMO.00001343.v1.g157710.t1	aos_hpl	Oxylipin and volatile-product chemistry								228.9	3.1000000000000003e-66	530	proteome_v1_exact	full_length	round2	GMO.00001343.v1.g157710.t1	confirmed	confirmed	strong_only	True	False	8	10	motif_1,motif_2,motif_3,motif_4,motif_5,motif_7,motif_8,motif_9	1.04e-17	0.8	true	1	all	7.2e-72	228.6	any_required	PF00067	1	1	complete	True	True	True	True	True	complete	True	True	retained
GMO.00001385.v1.g177530.t1	aos_hpl	Oxylipin and volatile-product chemistry								228.9	3.1000000000000003e-66	530	proteome_v1_exact	full_length	round2	GMO.00001385.v1.g177530.t1	confirmed	confirmed	strong_only	True	False	8	10	motif_1,motif_2,motif_3,motif_4,motif_5,motif_7,motif_8,motif_9	1.04e-17	0.8	true	1	all	7.2e-72	228.6	any_required	PF00067	1	1	complete	True	True	True	True	True	complete	True	True	retained
GMO.00000855.v1.g077960.t1	aos_hpl	Oxylipin and volatile-product chemistry								228.3	5.1e-66	358	proteome_v1_exact	full_length	round2	GMO.00000855.v1.g077960.t1	confirmed	confirmed	strong_only	True	False	5	10	motif_1,motif_2,motif_3,motif_4,motif_5	1.76e-19	0.5	true	1	all	1e-71	228.1	any_required	PF00067	1	1	complete	True	True	True	True	True	complete	True	True	retained
GMO.00002319.v1.g462570.t1	aos_hpl	Oxylipin and volatile-product chemistry								224.6	6.6e-65	358	proteome_v1_exact	full_length	round2	GMO.00002319.v1.g462570.t1	confirmed	confirmed	strong_only	True	False	5	10	motif_1,motif_2,motif_3,motif_4,motif_5	1.76e-19	0.5	true	1	all	1.3e-70	224.4	any_required	PF00067	1	1	complete	True	True	True	True	True	complete	True	True	retained
GMO.00002276.v1.g412500.t1	aos_hpl	Oxylipin and volatile-product chemistry								222.1	3.8e-64	477	proteome_v1_exact	full_length	round2	GMO.00002276.v1.g412500.t1	confirmed	confirmed	strong_only	True	False	7	10	motif_1,motif_2,motif_3,motif_4,motif_5,motif_7,motif_9	1.27e-16	0.7	true	1	all	8.5e-70	221.7	any_required	PF00067	1	1	complete	True	True	True	True	True	complete	True	True	retained
GMO.00002254.v1.g391910.t4	aos_hpl	Oxylipin and volatile-product chemistry								221.4	6.1e-64	389	proteome_v1_exact	full_length	round2	GMO.00002254.v1.g391910.t4	confirmed	confirmed	strong_only	True	False	7	10	motif_1,motif_2,motif_3,motif_4,motif_5,motif_6,motif_9	4.16e-18	0.7	true	1	all	3.1e-65	206.7	any_required	PF00067	1	1	complete	True	True	True	True	True	complete	True	True	retained
GMO.00002275.v1.g405750.t1	aos_hpl	Oxylipin and volatile-product chemistry								221.4	6.1e-64	477	proteome_v1_exact	full_length	round2	GMO.00002275.v1.g405750.t1	confirmed	confirmed	strong_only	True	False	8	10	motif_1,motif_2,motif_3,motif_4,motif_5,motif_6,motif_7,motif_9	1.27e-16	0.8	true	1	all	1.4e-69	221.1	any_required	PF00067	1	1	complete	True	True	True	True	True	complete	True	True	retained
GMO.00000840.v1.g073960.t1	aos_hpl	Oxylipin and volatile-product chemistry								221.3	6.4e-64	563	proteome_v1_exact	full_length	round2	GMO.00000840.v1.g073960.t1	confirmed	confirmed	strong_only	True	False	8	10	motif_1,motif_10,motif_2,motif_3,motif_4,motif_5,motif_7,motif_8	4.36e-19	0.8	true	1	all	1.4e-69	221.0	any_required	PF00067	1	1	complete	True	True	True	True	True	complete	True	True	retained
GMO.00002319.v1.g460840.t1	aos_hpl	Oxylipin and volatile-product chemistry								221.3	6.4e-64	563	proteome_v1_exact	full_length	round2	GMO.00002319.v1.g460840.t1	confirmed	confirmed	strong_only	True	False	8	10	motif_1,motif_10,motif_2,motif_3,motif_4,motif_5,motif_7,motif_8	4.36e-19	0.8	true	1	all	1.4e-69	221.0	any_required	PF00067	1	1	complete	True	True	True	True	True	complete	True	True	retained
GMO.00002176.v1.g311220.t1	aos_hpl	Oxylipin and volatile-product chemistry								220.9	8.900000000000001e-64	530	proteome_v1_exact	full_length	round2	GMO.00002176.v1.g311220.t1	confirmed	confirmed	strong_only	True	False	9	10	motif_1,motif_10,motif_2,motif_3,motif_4,motif_5,motif_6,motif_7,motif_8	7.68e-17	0.9	true	1	all	2e-69	220.5	any_required	PF00067	1	1	complete	True	True	True	True	True	complete	True	True	retained
GMO.00002176.v1.g314120.t1	aos_hpl	Oxylipin and volatile-product chemistry								220.2	1.3999999999999999e-63	512	proteome_v1_exact	full_length	round2	GMO.00002176.v1.g314120.t1	confirmed	confirmed	strong_only	True	False	6	10	motif_1,motif_2,motif_3,motif_4,motif_7,motif_8	3.08e-17	0.6	true	1	all	3.2e-69	219.8	any_required	PF00067	1	1	complete	True	True	True	True	True	complete	True	True	retained
GMO.00002319.v1.g462550.t1	aos_hpl	Oxylipin and volatile-product chemistry								220.0	1.6e-63	317	proteome_v1_exact	full_length	round2	GMO.00002319.v1.g462550.t1	confirmed	confirmed	strong_only	True	False	5	10	motif_1,motif_2,motif_3,motif_4,motif_5	7.26e-19	0.5	true	1	all	3.3999999999999996e-69	219.8	any_required	PF00067	1	1	complete	True	True	True	True	True	complete	True	True	retained
GMO.00002522.v1.g598960.t1	aos_hpl	Oxylipin and volatile-product chemistry								218.7	4.1e-63	529	proteome_v1_exact	full_length	round2	GMO.00002522.v1.g598960.t1	confirmed	confirmed	strong_only	True	False	8	10	motif_1,motif_10,motif_2,motif_3,motif_4,motif_5,motif_7,motif_8	1.25e-15	0.8	true	1	all	1e-68	218.2	any_required	PF00067	1	1	complete	True	True	True	True	True	complete	True	True	retained
GMO.00001697.v1.g226020.t1	aos_hpl	Oxylipin and volatile-product chemistry								218.2	5.599999999999999e-63	529	proteome_v1_exact	full_length	round2	GMO.00001697.v1.g226020.t1	confirmed	confirmed	strong_only	True	False	8	10	motif_1,motif_10,motif_2,motif_3,motif_4,motif_5,motif_7,motif_8	1.25e-15	0.8	true	1	all	1.4999999999999998e-68	217.7	any_required	PF00067	1	1	complete	True	True	True	True	True	complete	True	True	retained
GMO.00002553.v1.g615210.t2	aos_hpl	Oxylipin and volatile-product chemistry								217.8	7.3e-63	466	proteome_v1_exact	full_length	round2	GMO.00002553.v1.g615210.t2	confirmed	confirmed	strong_only	True	False	8	10	motif_1,motif_2,motif_3,motif_4,motif_5,motif_7,motif_8,motif_9	1.02e-14	0.8	true	1	all	1.6e-68	217.5	any_required	PF00067	1	1	complete	True	True	True	True	True	complete	True	True	retained
GMO.00001655.v1.g216700.t1	aos_hpl	Oxylipin and volatile-product chemistry								217.5	9.4e-63	479	proteome_v1_exact	full_length	round2	GMO.00001655.v1.g216700.t1	confirmed	confirmed	strong_only	True	False	8	10	motif_1,motif_2,motif_3,motif_4,motif_5,motif_6,motif_7,motif_9	2.6e-15	0.8	true	1	all	2.2e-68	217.1	any_required	PF00067	1	1	complete	True	True	True	True	True	complete	True	True	retained
GMO.00002767.v1.g679420.t1	aos_hpl	Oxylipin and volatile-product chemistry								217.5	9.4e-63	479	proteome_v1_exact	full_length	round2	GMO.00002767.v1.g679420.t1	confirmed	confirmed	strong_only	True	False	8	10	motif_1,motif_2,motif_3,motif_4,motif_5,motif_6,motif_7,motif_9	2.6e-15	0.8	true	1	all	2.2e-68	217.1	any_required	PF00067	1	1	complete	True	True	True	True	True	complete	True	True	retained
GMO.00000720.v1.g052970.t1	aos_hpl	Oxylipin and volatile-product chemistry								215.0	5.2e-62	554	proteome_v1_exact	full_length	round2	GMO.00000720.v1.g052970.t1	confirmed	confirmed	strong_only	True	False	8	10	motif_1,motif_10,motif_2,motif_3,motif_4,motif_5,motif_7,motif_8	1.72e-19	0.8	true	1	all	1.1e-67	214.7	any_required	PF00067	1	1	complete	True	True	True	True	True	complete	True	True	retained
GMO.00002288.v1.g438700.t1	aos_hpl	Oxylipin and volatile-product chemistry								214.0	1.1e-61	511	proteome_v1_exact	full_length	round2	GMO.00002288.v1.g438700.t1	confirmed	confirmed	strong_only	True	False	8	10	motif_1,motif_2,motif_3,motif_4,motif_5,motif_7,motif_8,motif_9	2.95e-16	0.8	true	1	all	2.5000000000000003e-67	213.6	any_required	PF00067	1	1	complete	True	True	True	True	True	complete	True	True	retained
GMO.00001085.v1.g104380.t1	aos_hpl	Oxylipin and volatile-product chemistry								213.0	2.2e-61	555	proteome_v1_exact	full_length	round2	GMO.00001085.v1.g104380.t1	confirmed	confirmed	strong_only	True	False	8	10	motif_1,motif_10,motif_2,motif_3,motif_4,motif_5,motif_7,motif_8	1.72e-19	0.8	true	1	all	4.8e-67	212.7	any_required	PF00067	1	1	complete	True	True	True	True	True	complete	True	True	retained
GMO.00001385.v1.g175330.t1	aos_hpl	Oxylipin and volatile-product chemistry								211.1	8.4e-61	482	proteome_v1_exact	full_length	round2	GMO.00001385.v1.g175330.t1	confirmed	confirmed	strong_only	True	False	8	10	motif_1,motif_10,motif_2,motif_3,motif_4,motif_5,motif_7,motif_9	3.42e-16	0.8	true	1	all	2.2e-66	210.5	any_required	PF00067	1	1	complete	True	True	True	True	True	complete	True	True	retained
GMO.00001343.v1.g159310.t1	aos_hpl	Oxylipin and volatile-product chemistry								209.7	2.1000000000000002e-60	507	proteome_v1_exact	full_length	round2	GMO.00001343.v1.g159310.t1	confirmed	confirmed	strong_only	True	False	7	10	motif_1,motif_10,motif_2,motif_3,motif_4,motif_5,motif_8	6.14e-16	0.7	true	1	all	4.6e-66	209.4	any_required	PF00067	1	1	complete	True	True	True	True	True	complete	True	True	retained
GMO.00000940.v1.g089160.t1	aos_hpl	Oxylipin and volatile-product chemistry								209.4	2.8e-60	487	proteome_v1_exact	full_length	round2	GMO.00000940.v1.g089160.t1	confirmed	confirmed	strong_only	True	False	8	10	motif_1,motif_2,motif_3,motif_4,motif_5,motif_7,motif_8,motif_9	5.43e-15	0.8	true	1	all	6e-66	209.0	any_required	PF00067	1	1	complete	True	True	True	True	True	complete	True	True	retained
GMO.00002325.v1.g476450.t1	aos_hpl	Oxylipin and volatile-product chemistry								209.4	2.8e-60	487	proteome_v1_exact	full_length	round2	GMO.00002325.v1.g476450.t1	confirmed	confirmed	strong_only	True	False	8	10	motif_1,motif_2,motif_3,motif_4,motif_5,motif_7,motif_8,motif_9	5.43e-15	0.8	true	1	all	6e-66	209.0	any_required	PF00067	1	1	complete	True	True	True	True	True	complete	True	True	retained
GMO.00000883.v1.g082090.t1	aos_hpl	Oxylipin and volatile-product chemistry								209.2	3e-60	485	proteome_v1_exact	full_length	round2	GMO.00000883.v1.g082090.t1	confirmed	confirmed	strong_only	True	False	7	10	motif_1,motif_2,motif_3,motif_4,motif_5,motif_7,motif_9	1.34e-15	0.7	true	1	all	6.900000000000001e-66	208.8	any_required	PF00067	1	1	complete	True	True	True	True	True	complete	True	True	retained
GMO.00002319.v1.g461900.t1	aos_hpl	Oxylipin and volatile-product chemistry								209.2	3e-60	485	proteome_v1_exact	full_length	round2	GMO.00002319.v1.g461900.t1	confirmed	confirmed	strong_only	True	False	7	10	motif_1,motif_2,motif_3,motif_4,motif_5,motif_7,motif_9	1.34e-15	0.7	true	1	all	6.900000000000001e-66	208.8	any_required	PF00067	1	1	complete	True	True	True	True	True	complete	True	True	retained
GMO.00002621.v1.g640040.t1	aos_hpl	Oxylipin and volatile-product chemistry								208.5	5.1e-60	472	proteome_v1_exact	full_length	round2	GMO.00002621.v1.g640040.t1	confirmed	confirmed	strong_only	True	False	7	10	motif_1,motif_2,motif_3,motif_4,motif_5,motif_7,motif_9	1.52e-17	0.7	true	1	all	1.1e-65	208.1	any_required	PF00067	1	1	complete	True	True	True	True	True	complete	True	True	retained
GMO.00001343.v1.g160000.t1	aos_hpl	Oxylipin and volatile-product chemistry								207.8	7.9e-60	482	proteome_v1_exact	full_length	round2	GMO.00001343.v1.g160000.t1	confirmed	confirmed	strong_only	True	False	8	10	motif_1,motif_10,motif_2,motif_3,motif_4,motif_5,motif_7,motif_9	3.42e-16	0.8	true	1	all	2.1e-65	207.3	any_required	PF00067	1	1	complete	True	True	True	True	True	complete	True	True	retained
GMO.00001385.v1.g176010.t1	aos_hpl	Oxylipin and volatile-product chemistry								207.6	9.400000000000001e-60	506	proteome_v1_exact	full_length	round2	GMO.00001385.v1.g176010.t1	confirmed	confirmed	strong_only	True	False	7	10	motif_1,motif_10,motif_2,motif_3,motif_4,motif_5,motif_8	6.14e-16	0.7	true	1	all	2e-65	207.3	any_required	PF00067	1	1	complete	True	True	True	True	True	complete	True	True	retained
GMO.00002338.v1.g492990.t1	aos_hpl	Oxylipin and volatile-product chemistry								206.1	2.7000000000000003e-59	473	proteome_v1_exact	full_length	round2	GMO.00002338.v1.g492990.t1	confirmed	confirmed	strong_only	True	False	7	10	motif_1,motif_2,motif_3,motif_4,motif_5,motif_7,motif_9	1.52e-17	0.7	true	1	all	6.1e-65	205.7	any_required	PF00067	1	1	complete	True	True	True	True	True	complete	True	True	retained
GMO.00001346.v1.g164340.t1	aos_hpl	Oxylipin and volatile-product chemistry								205.9	3.1e-59	495	proteome_v1_exact	full_length	round2	GMO.00001346.v1.g164340.t1	confirmed	confirmed	strong_only	True	False	8	10	motif_1,motif_2,motif_3,motif_4,motif_5,motif_7,motif_8,motif_9	8.43e-18	0.8	true	1	all	7.1e-65	205.5	any_required	PF00067	1	1	complete	True	True	True	True	True	complete	True	True	retained
GMO.00002495.v1.g560520.t1	aos_hpl	Oxylipin and volatile-product chemistry								205.9	3.1e-59	495	proteome_v1_exact	full_length	round2	GMO.00002495.v1.g560520.t1	confirmed	confirmed	strong_only	True	False	8	10	motif_1,motif_2,motif_3,motif_4,motif_5,motif_7,motif_8,motif_9	8.43e-18	0.8	true	1	all	7.1e-65	205.5	any_required	PF00067	1	1	complete	True	True	True	True	True	complete	True	True	retained
GMO.00000574.v1.g035090.t1	aos_hpl	Oxylipin and volatile-product chemistry								205.1	5.5e-59	490	proteome_v1_exact	full_length	round2	GMO.00000574.v1.g035090.t1	confirmed	confirmed	strong_only	True	False	7	10	motif_1,motif_2,motif_3,motif_4,motif_5,motif_7,motif_9	2.85e-17	0.7	true	1	all	1.9e-63	200.8	any_required	PF00067	1	1	complete	True	True	True	True	True	complete	True	True	retained
GMO.00002523.v1.g599970.t1	aos_hpl	Oxylipin and volatile-product chemistry								204.2	1e-58	207	proteome_v1_exact	full_length	round2	GMO.00002523.v1.g599970.t1	confirmed	confirmed	strong_only	True	False	6	10	motif_1,motif_10,motif_2,motif_3,motif_4,motif_5	3.610000000000001e-21	0.6	true	1	all	2e-64	204.0	any_required	PF00067	1	1	complete	True	True	True	True	True	complete	True	True	retained
GMO.00002725.v1.g671090.t1	aos_hpl	Oxylipin and volatile-product chemistry								204.1	1.1e-58	490	proteome_v1_exact	full_length	round2	GMO.00002725.v1.g671090.t1	confirmed	confirmed	strong_only	True	False	7	10	motif_1,motif_2,motif_3,motif_4,motif_5,motif_7,motif_9	2.85e-17	0.7	true	1	all	3.7e-63	199.9	any_required	PF00067	1	1	complete	True	True	True	True	True	complete	True	True	retained
GMO.00002338.v1.g493120.t1	aos_hpl	Oxylipin and volatile-product chemistry								202.9	2.5000000000000002e-58	473	proteome_v1_exact	full_length	round2	GMO.00002338.v1.g493120.t1	confirmed	confirmed	strong_only	True	False	7	10	motif_1,motif_2,motif_3,motif_4,motif_5,motif_7,motif_9	6e-17	0.7	true	1	all	5.7e-64	202.5	any_required	PF00067	1	1	complete	True	True	True	True	True	complete	True	True	retained
GMO.00002621.v1.g640200.t1	aos_hpl	Oxylipin and volatile-product chemistry								202.8	2.7000000000000002e-58	473	proteome_v1_exact	full_length	round2	GMO.00002621.v1.g640200.t1	confirmed	confirmed	strong_only	True	False	7	10	motif_1,motif_2,motif_3,motif_4,motif_5,motif_7,motif_9	6e-17	0.7	true	1	all	6.1e-64	202.4	any_required	PF00067	1	1	complete	True	True	True	True	True	complete	True	True	retained
GMO.00002749.v1.g677230.t1	aos_hpl	Oxylipin and volatile-product chemistry								201.9	5.2e-58	512	proteome_v1_exact	full_length	round2	GMO.00002749.v1.g677230.t1	confirmed	confirmed	strong_only	True	False	5	10	motif_1,motif_2,motif_3,motif_4,motif_8	1.51e-18	0.5	true	1	all	1.1e-63	201.6	any_required	PF00067	1	1	complete	True	True	True	True	True	complete	True	True	retained
GMO.00002787.v1.g684330.t1	aos_hpl	Oxylipin and volatile-product chemistry								201.9	4.9e-58	492	proteome_v1_exact	full_length	round2	GMO.00002787.v1.g684330.t1	confirmed	confirmed	strong_only	True	False	8	10	motif_1,motif_2,motif_3,motif_4,motif_5,motif_7,motif_8,motif_9	2.8e-18	0.8	true	1	all	1.1e-63	201.5	any_required	PF00067	1	1	complete	True	True	True	True	True	complete	True	True	retained
GMO.00002747.v1.g676540.t1	aos_hpl	Oxylipin and volatile-product chemistry								201.8	5.3e-58	512	proteome_v1_exact	full_length	round2	GMO.00002747.v1.g676540.t1	confirmed	confirmed	strong_only	True	False	5	10	motif_1,motif_2,motif_3,motif_4,motif_8	2.73e-18	0.5	true	1	all	1.1e-63	201.6	any_required	PF00067	1	1	complete	True	True	True	True	True	complete	True	True	retained
GMO.00002218.v1.g365720.t1	aos_hpl	Oxylipin and volatile-product chemistry								201.4	7e-58	492	proteome_v1_exact	full_length	round2	GMO.00002218.v1.g365720.t1	confirmed	confirmed	strong_only	True	False	8	10	motif_1,motif_2,motif_3,motif_4,motif_5,motif_7,motif_8,motif_9	2.8e-18	0.8	true	1	all	1.6e-63	201.0	any_required	PF00067	1	1	complete	True	True	True	True	True	complete	True	True	retained
GMO.00002523.v1.g603780.t1	aos_hpl	Oxylipin and volatile-product chemistry								198.9	4.2000000000000005e-57	499	proteome_v1_exact	full_length	round2	GMO.00002523.v1.g603780.t1	confirmed	confirmed	strong_only	True	False	7	10	motif_1,motif_2,motif_3,motif_4,motif_5,motif_7,motif_9	3.4e-15	0.7	true	1	all	9.7e-63	198.5	any_required	PF00067	1	1	complete	True	True	True	True	True	complete	True	True	retained
GMO.00002336.v1.g489480.t1	aos_hpl	Oxylipin and volatile-product chemistry								198.6	5.200000000000001e-57	482	proteome_v1_exact	full_length	round2	GMO.00002336.v1.g489480.t1	confirmed	confirmed	strong_only	True	False	7	10	motif_1,motif_2,motif_3,motif_4,motif_5,motif_7,motif_9	5.58e-16	0.7	true	1	all	1.2e-62	198.2	any_required	PF00067	1	1	complete	True	True	True	True	True	complete	True	True	retained
GMO.00001385.v1.g176020.t1	aos_hpl	Oxylipin and volatile-product chemistry								197.6	9.900000000000001e-57	499	proteome_v1_exact	full_length	round2	GMO.00001385.v1.g176020.t1	confirmed	confirmed	strong_only	True	False	6	10	motif_1,motif_10,motif_2,motif_3,motif_4,motif_8	9.06e-16	0.6	true	1	all	2.1999999999999997e-62	197.3	any_required	PF00067	1	1	complete	True	True	True	True	True	complete	True	True	retained
GMO.00001016.v1.g092380.t2	aos_hpl	Oxylipin and volatile-product chemistry								197.3	1.2e-56	469	proteome_v1_exact	full_length	round2	GMO.00001016.v1.g092380.t2	confirmed	confirmed	strong_only	True	False	7	10	motif_1,motif_2,motif_3,motif_4,motif_5,motif_7,motif_9	1.07e-18	0.7	true	1	all	2.9999999999999997e-62	196.8	any_required	PF00067	1	1	complete	True	True	True	True	True	complete	True	True	retained
GMO.00002319.v1.g461880.t1	aos_hpl	Oxylipin and volatile-product chemistry								195.9	3.4e-56	484	proteome_v1_exact	full_length	round2	GMO.00002319.v1.g461880.t1	confirmed	confirmed	strong_only	True	False	7	10	motif_1,motif_2,motif_3,motif_4,motif_5,motif_7,motif_9	4.96e-16	0.7	true	1	all	7.799999999999999e-62	195.5	any_required	PF00067	1	1	complete	True	True	True	True	True	complete	True	True	retained
GMO.00002516.v1.g581170.t2	aos_hpl	Oxylipin and volatile-product chemistry								195.2	5.4e-56	469	proteome_v1_exact	full_length	round2	GMO.00002516.v1.g581170.t2	confirmed	confirmed	strong_only	True	False	7	10	motif_1,motif_2,motif_3,motif_4,motif_5,motif_7,motif_9	1.07e-18	0.7	true	1	all	1.2999999999999999e-61	194.7	any_required	PF00067	1	1	complete	True	True	True	True	True	complete	True	True	retained
GMO.00001385.v1.g176420.t3	aos_hpl	Oxylipin and volatile-product chemistry								194.8	7.2e-56	476	proteome_v1_exact	full_length	round2	GMO.00001385.v1.g176420.t3	confirmed	confirmed	strong_only	True	False	9	10	motif_1,motif_10,motif_2,motif_3,motif_4,motif_5,motif_7,motif_8,motif_9	1.07e-15	0.9	true	1	all	1.4999999999999999e-61	194.5	any_required	PF00067	1	1	complete	True	True	True	True	True	complete	True	True	retained
GMO.00001343.v1.g158870.t3	aos_hpl	Oxylipin and volatile-product chemistry								194.7	7.4999999999999995e-56	475	proteome_v1_exact	full_length	round2	GMO.00001343.v1.g158870.t3	confirmed	confirmed	strong_only	True	False	9	10	motif_1,motif_10,motif_2,motif_3,motif_4,motif_5,motif_7,motif_8,motif_9	1.07e-15	0.9	true	1	all	1.6e-61	194.5	any_required	PF00067	1	1	complete	True	True	True	True	True	complete	True	True	retained
GMO.00000748.v1.g066580.t1	aos_hpl	Oxylipin and volatile-product chemistry								192.6	3.4e-55	465	proteome_v1_exact	full_length	round2	GMO.00000748.v1.g066580.t1	confirmed	confirmed	strong_only	True	False	7	10	motif_1,motif_2,motif_3,motif_4,motif_5,motif_7,motif_9	2.14e-16	0.7	true	1	all	2.8e-60	190.4	any_required	PF00067	1	1	complete	True	True	True	True	True	complete	True	True	retained
GMO.00001343.v1.g155450.t1	aos_hpl	Oxylipin and volatile-product chemistry								192.6	3.4e-55	465	proteome_v1_exact	full_length	round2	GMO.00001343.v1.g155450.t1	confirmed	confirmed	strong_only	True	False	7	10	motif_1,motif_2,motif_3,motif_4,motif_5,motif_7,motif_9	2.14e-16	0.7	true	1	all	2.8e-60	190.4	any_required	PF00067	1	1	complete	True	True	True	True	True	complete	True	True	retained
GMO.00001343.v1.g159290.t2	aos_hpl	Oxylipin and volatile-product chemistry								192.2	4.2999999999999994e-55	468	proteome_v1_exact	full_length	round2	GMO.00001343.v1.g159290.t2	confirmed	confirmed	strong_only	True	False	6	10	motif_1,motif_10,motif_2,motif_3,motif_4,motif_8	9.06e-16	0.6	true	1	all	8.9e-61	192.0	any_required	PF00067	1	1	complete	True	True	True	True	True	complete	True	True	retained
GMO.00001385.v1.g176060.t2	aos_hpl	Oxylipin and volatile-product chemistry								191.9	5.6e-55	468	proteome_v1_exact	full_length	round2	GMO.00001385.v1.g176060.t2	confirmed	confirmed	strong_only	True	False	6	10	motif_1,motif_10,motif_2,motif_3,motif_4,motif_8	8.71e-17	0.6	true	1	all	1.3000000000000002e-60	191.5	any_required	PF00067	1	1	complete	True	True	True	True	True	complete	True	True	retained
GMO.00001343.v1.g159260.t2	aos_hpl	Oxylipin and volatile-product chemistry								191.1	9.3e-55	468	proteome_v1_exact	full_length	round2	GMO.00001343.v1.g159260.t2	confirmed	confirmed	strong_only	True	False	6	10	motif_1,motif_10,motif_2,motif_3,motif_4,motif_8	8.71e-17	0.6	true	1	all	2.2000000000000002e-60	190.7	any_required	PF00067	1	1	complete	True	True	True	True	True	complete	True	True	retained
GMO.00000883.v1.g082080.t1	aos_hpl	Oxylipin and volatile-product chemistry								189.0	4.2e-54	453	proteome_v1_exact	full_length	round2	GMO.00000883.v1.g082080.t1	confirmed	confirmed	strong_only	True	False	7	10	motif_1,motif_2,motif_3,motif_4,motif_5,motif_7,motif_9	4.96e-16	0.7	true	1	all	9.100000000000001e-60	188.7	any_required	PF00067	1	1	complete	True	True	True	True	True	complete	True	True	retained
GMO.00001811.v1.g249300.t1	aos_hpl	Oxylipin and volatile-product chemistry								184.6	8.9e-53	476	proteome_v1_exact	full_length	round2	GMO.00001811.v1.g249300.t1	confirmed	confirmed	strong_only	True	False	8	10	motif_1,motif_2,motif_3,motif_4,motif_5,motif_7,motif_8,motif_9	4.36e-14	0.8	true	1	all	2e-58	184.3	any_required	PF00067	1	1	complete	True	True	True	True	True	complete	True	True	retained
GMO.00002459.v1.g541580.t1	aos_hpl	Oxylipin and volatile-product chemistry								184.1	1.3e-52	476	proteome_v1_exact	full_length	round2	GMO.00002459.v1.g541580.t1	confirmed	confirmed	strong_only	True	False	8	10	motif_1,motif_2,motif_3,motif_4,motif_5,motif_7,motif_8,motif_9	4.36e-14	0.8	true	1	all	2.8e-58	183.8	any_required	PF00067	1	1	complete	True	True	True	True	True	complete	True	True	retained
GMO.00002495.v1.g561420.t2	aos_hpl	Oxylipin and volatile-product chemistry								180.3	1.7e-51	503	proteome_v1_exact	full_length	round2	GMO.00002495.v1.g561420.t2	confirmed	confirmed	strong_only	True	False	8	10	motif_1,motif_2,motif_3,motif_4,motif_5,motif_6,motif_7,motif_9	1.31e-14	0.8	true	1	all	3.8000000000000003e-57	180.0	any_required	PF00067	1	1	complete	True	True	True	True	True	complete	True	True	retained
GMO.00001343.v1.g159280.t2	aos_hpl	Oxylipin and volatile-product chemistry								179.9	2.4e-51	475	proteome_v1_exact	full_length	round2	GMO.00001343.v1.g159280.t2	confirmed	confirmed	strong_only	True	False	6	10	motif_1,motif_2,motif_3,motif_4,motif_5,motif_8	2.44e-16	0.6	true	1	all	5.700000000000001e-57	179.5	any_required	PF00067	1	1	complete	True	True	True	True	True	complete	True	True	retained
GMO.00002319.v1.g465520.t1	aos_hpl	Oxylipin and volatile-product chemistry								177.8	9.999999999999999e-51	490	proteome_v1_exact	full_length	round2	GMO.00002319.v1.g465520.t1	confirmed	confirmed	strong_only	True	False	8	10	motif_1,motif_2,motif_3,motif_4,motif_5,motif_6,motif_7,motif_9	3.46e-16	0.8	true	1	all	2.4e-56	177.4	any_required	PF00067	1	1	complete	True	True	True	True	True	complete	True	True	retained
GMO.00002433.v1.g532290.t2	aos_hpl	Oxylipin and volatile-product chemistry								177.0	1.7e-50	484	proteome_v1_exact	full_length	round2	GMO.00002433.v1.g532290.t2	confirmed	confirmed	strong_only	True	False	8	10	motif_1,motif_2,motif_3,motif_4,motif_5,motif_6,motif_7,motif_9	3.46e-16	0.8	true	1	all	4.1e-56	176.6	any_required	PF00067	1	1	complete	True	True	True	True	True	complete	True	True	retained
GMO.00002459.v1.g541590.t1	aos_hpl	Oxylipin and volatile-product chemistry								175.9	3.8e-50	476	proteome_v1_exact	full_length	round2	GMO.00002459.v1.g541590.t1	confirmed	confirmed	strong_only	True	False	8	10	motif_1,motif_2,motif_3,motif_4,motif_5,motif_7,motif_8,motif_9	2.85e-14	0.8	true	1	all	8.4e-56	175.6	any_required	PF00067	1	1	complete	True	True	True	True	True	complete	True	True	retained
GMO.00001811.v1.g249290.t1	aos_hpl	Oxylipin and volatile-product chemistry								175.5	5.1e-50	476	proteome_v1_exact	full_length	round2	GMO.00001811.v1.g249290.t1	confirmed	confirmed	strong_only	True	False	8	10	motif_1,motif_2,motif_3,motif_4,motif_5,motif_7,motif_8,motif_9	2.85e-14	0.8	true	1	all	1.1e-55	175.2	any_required	PF00067	1	1	complete	True	True	True	True	True	complete	True	True	retained
GMO.00001385.v1.g176030.t2	aos_hpl	Oxylipin and volatile-product chemistry								174.6	9.4e-50	476	proteome_v1_exact	full_length	round2	GMO.00001385.v1.g176030.t2	confirmed	confirmed	strong_only	True	False	6	10	motif_1,motif_2,motif_3,motif_4,motif_5,motif_8	3.74e-15	0.6	true	1	all	2.2e-55	174.2	any_required	PF00067	1	1	complete	True	True	True	True	True	complete	True	True	retained
GMO.00002176.v1.g311190.t1	aos_hpl	Oxylipin and volatile-product chemistry								174.3	1.2e-49	298	proteome_v1_exact	full_length	round2	GMO.00002176.v1.g311190.t1	confirmed	confirmed	strong_only	True	False	8	10	motif_1,motif_10,motif_2,motif_3,motif_4,motif_5,motif_6,motif_7	7.68e-17	0.8	true	1	all	2.6e-55	174.0	any_required	PF00067	1	1	complete	True	True	True	True	True	complete	True	True	retained
GMO.00001346.v1.g165240.t2	aos_hpl	Oxylipin and volatile-product chemistry								173.7	1.8e-49	430	proteome_v1_exact	full_length	round2	GMO.00001346.v1.g165240.t2	confirmed	confirmed	strong_only	True	False	7	10	motif_1,motif_2,motif_3,motif_4,motif_5,motif_6,motif_9	1.31e-14	0.7	true	1	all	3.8e-55	173.4	any_required	PF00067	1	1	complete	True	True	True	True	True	complete	True	True	retained
GMO.00001343.v1.g159300.t2	aos_hpl	Oxylipin and volatile-product chemistry								170.6	1.6000000000000002e-48	516	proteome_v1_exact	full_length	round2	GMO.00001343.v1.g159300.t2	confirmed	confirmed	strong_only	True	False	7	10	motif_1,motif_10,motif_2,motif_3,motif_4,motif_5,motif_8	8.27e-17	0.7	true	1	all	3.6e-54	170.2	any_required	PF00067	1	1	complete	True	True	True	True	True	complete	True	True	retained
GMO.00001573.v1.g199780.t1	aos_hpl	Oxylipin and volatile-product chemistry								169.9	2.6000000000000002e-48	499	proteome_v1_exact	full_length	round2	GMO.00001573.v1.g199780.t1	confirmed	confirmed	strong_only	True	False	7	10	motif_1,motif_2,motif_3,motif_4,motif_5,motif_7,motif_9	2.74e-14	0.7	true	1	all	6.4e-54	169.4	any_required	PF00067	1	1	complete	True	True	True	True	True	complete	True	True	retained
GMO.00000537.v1.g020360.t1	aos_hpl	Oxylipin and volatile-product chemistry								169.3	3.8e-48	405	proteome_v1_exact	full_length	round2	GMO.00000537.v1.g020360.t1	confirmed	confirmed	strong_only	True	False	6	10	motif_2,motif_4,motif_5,motif_6,motif_7,motif_9	4.08e-16	0.6	true	1	all	1.3e-53	168.4	any_required	PF00067	1	1	complete	True	True	True	True	True	complete	True	True	retained
GMO.00002275.v1.g404120.t1	aos_hpl	Oxylipin and volatile-product chemistry								167.9	1.0999999999999999e-47	405	proteome_v1_exact	full_length	round2	GMO.00002275.v1.g404120.t1	confirmed	confirmed	strong_only	True	False	6	10	motif_2,motif_4,motif_5,motif_6,motif_7,motif_9	4.08e-16	0.6	true	1	all	3.6e-53	166.9	any_required	PF00067	1	1	complete	True	True	True	True	True	complete	True	True	retained
GMO.00002523.v1.g599520.t1	aos_hpl	Oxylipin and volatile-product chemistry								166.3	3.2e-47	259	proteome_v1_exact	full_length	round2	GMO.00002523.v1.g599520.t1	confirmed	confirmed	strong_only	True	False	6	10	motif_1,motif_10,motif_2,motif_3,motif_4,motif_5	1.4400000000000001e-21	0.6	true	1	all	1.3e-52	165.1	any_required	PF00067	1	1	complete	True	True	True	True	True	complete	True	True	retained
GMO.00001385.v1.g171850.t1	aos_hpl	Oxylipin and volatile-product chemistry								164.9	8.2e-47	399	proteome_v1_exact	full_length	round2	GMO.00001385.v1.g171850.t1	confirmed	confirmed	strong_only	True	False	5	10	motif_2,motif_4,motif_5,motif_6,motif_8	2.8e-20	0.5	true	1	all	1.9e-52	164.6	any_required	PF00067	1	1	complete	True	True	True	True	True	complete	True	True	retained
GMO.00000095.v1.g000850.t1	aos_hpl	Oxylipin and volatile-product chemistry								156.5	3.1000000000000003e-44	196	proteome_v1_exact	full_length	round2	GMO.00000095.v1.g000850.t1	confirmed	confirmed	strong_only	True	False	6	10	motif_1,motif_10,motif_2,motif_3,motif_5,motif_7	5.24e-17	0.6	true	1	all	6.4e-50	156.2	any_required	PF00067	1	1	complete	True	True	True	True	True	complete	True	True	retained
GMO.00002176.v1.g318410.t1	aos_hpl	Oxylipin and volatile-product chemistry								156.5	3.1000000000000003e-44	196	proteome_v1_exact	full_length	round2	GMO.00002176.v1.g318410.t1	confirmed	confirmed	strong_only	True	False	6	10	motif_1,motif_10,motif_2,motif_3,motif_5,motif_7	5.24e-17	0.6	true	1	all	6.4e-50	156.2	any_required	PF00067	1	1	complete	True	True	True	True	True	complete	True	True	retained
GMO.00002336.v1.g487390.t1	aos_hpl	Oxylipin and volatile-product chemistry								152.9	3.699999999999999e-43	466	proteome_v1_exact	full_length	round2	GMO.00002336.v1.g487390.t1	confirmed	confirmed	strong_only	True	False	7	10	motif_1,motif_2,motif_3,motif_4,motif_5,motif_7,motif_9	3.69e-14	0.7	true	1	all	1.4e-48	151.8	any_required	PF00067	1	1	complete	True	True	True	True	True	complete	True	True	retained
GMO.00001380.v1.g171440.t1	aos_hpl	Oxylipin and volatile-product chemistry								145.5	6.2e-41	227	proteome_v1_exact	full_length	round2	GMO.00001380.v1.g171440.t1	confirmed	confirmed	strong_only	True	False	5	10	motif_1,motif_2,motif_3,motif_4,motif_5	2.95e-16	0.5	true	1	all	1.4e-46	145.2	any_required	PF00067	1	1	complete	True	True	True	True	True	complete	True	True	retained
GMO.00002271.v1.g399410.t1	aos_hpl	Oxylipin and volatile-product chemistry								136.9	2.6e-38	312	proteome_v1_exact	full_length	round2	GMO.00002271.v1.g399410.t1	confirmed	confirmed	strong_only	True	False	4	10	motif_6,motif_7,motif_8,motif_9	4.07e-19	0.4	true	1	all	5.300000000000001e-44	136.7	any_required	PF00067	1	1	complete	True	True	True	True	True	complete	True	True	retained
GMO.00002176.v1.g318390.t1	aos_hpl	Oxylipin and volatile-product chemistry								123.9	2.4e-34	159	proteome_v1_exact	full_length	round2	GMO.00002176.v1.g318390.t1	confirmed	confirmed	strong_only	True	False	6	10	motif_10,motif_2,motif_3,motif_4,motif_5,motif_6	1.25e-17	0.6	true	1	all	5e-40	123.6	any_required	PF00067	1	1	complete	True	True	True	True	True	complete	True	True	retained
GMO.00001376.v1.g170110.t1	aos_hpl	Oxylipin and volatile-product chemistry								114.9	1.3e-31	306	proteome_v1_exact	full_length	round2	GMO.00001376.v1.g170110.t1	confirmed	confirmed	strong_only	True	False	4	10	motif_6,motif_7,motif_8,motif_9	1.33e-22	0.4	true	1	all	2.8e-37	114.6	any_required	PF00067	1	1	complete	True	True	True	True	True	complete	True	True	retained
GMO.00002176.v1.g310420.t1	aos_hpl	Oxylipin and volatile-product chemistry								113.0	4.4999999999999995e-31	342	proteome_v1_exact	full_length	round2	GMO.00002176.v1.g310420.t1	confirmed	confirmed	strong_only	True	False	4	10	motif_6,motif_7,motif_8,motif_9	9.78e-18	0.4	true	1	all	1e-36	112.7	any_required	PF00067	1	1	complete	True	True	True	True	True	complete	True	True	retained
GMO.00002255.v1.g391920.t1	aos_hpl	Oxylipin and volatile-product chemistry								112.5	6.7e-31	404	proteome_v1_exact	full_length	round2	GMO.00002255.v1.g391920.t1	confirmed	confirmed	strong_only	True	False	6	10	motif_3,motif_4,motif_6,motif_7,motif_8,motif_9	4.16e-18	0.6	true	1	all	1.5e-36	112.1	any_required	PF00067	1	1	complete	True	True	True	True	True	complete	True	True	retained
GMO.00001376.v1.g169990.t1	aos_hpl	Oxylipin and volatile-product chemistry								107.0	3.0999999999999997e-29	305	proteome_v1_exact	full_length	round2	GMO.00001376.v1.g169990.t1	confirmed	confirmed	strong_only	True	False	4	10	motif_6,motif_7,motif_8,motif_9	3.7999999999999995e-24	0.4	true	1	all	7e-35	106.6	any_required	PF00067	1	1	complete	True	True	True	True	True	complete	True	True	retained
GMO.00002288.v1.g440130.t1	aos_hpl	Oxylipin and volatile-product chemistry								104.6	1.6000000000000001e-28	305	proteome_v1_exact	full_length	round2	GMO.00002288.v1.g440130.t1	confirmed	confirmed	strong_only	True	False	4	10	motif_6,motif_7,motif_8,motif_9	3.7999999999999995e-24	0.4	true	1	all	3.7000000000000003e-34	104.3	any_required	PF00067	1	1	complete	True	True	True	True	True	complete	True	True	retained
GMO.00001329.v1.g149380.t1	aos_hpl	Oxylipin and volatile-product chemistry								100.5	2.9e-27	213	proteome_v1_exact	full_length	round2	GMO.00001329.v1.g149380.t1	confirmed	confirmed	strong_only	True	False	3	10	motif_1,motif_10,motif_3	7.78e-18	0.3	true	1	all	3.6e-26	77.9	any_required	PF00067	1	1	complete	True	True	True	True	True	complete	True	True	retained
GMO.00002523.v1.g599540.t1	aos_hpl	Oxylipin and volatile-product chemistry								100.5	2.9e-27	213	proteome_v1_exact	full_length	round2	GMO.00002523.v1.g599540.t1	confirmed	confirmed	strong_only	True	False	3	10	motif_1,motif_10,motif_3	7.78e-18	0.3	true	1	all	3.6e-26	77.9	any_required	PF00067	1	1	complete	True	True	True	True	True	complete	True	True	retained
GMO.00001527.v1.g193280.t1	aos_hpl	Oxylipin and volatile-product chemistry								97.4	2.5e-26	307	proteome_v1_exact	full_length	round2	GMO.00001527.v1.g193280.t1	confirmed	confirmed	strong_only	True	False	4	10	motif_6,motif_7,motif_8,motif_9	9.82e-19	0.4	true	1	all	5.3e-32	97.1	any_required	PF00067	1	1	complete	True	True	True	True	True	complete	True	True	retained
GMO.00002275.v1.g403670.t1	aos_hpl	Oxylipin and volatile-product chemistry								94.7	1.5999999999999998e-25	149	proteome_v1_exact	full_length	round2	GMO.00002275.v1.g403670.t1	partial	partial	strong_only	True	False	1	10	motif_4	8.51e-22	0.1	true	1	all	3.1999999999999997e-31	94.6	any_required	PF00067	1	1	complete	True	True	True	True	True	complete	True	True	retained
GMO.00000095.v1.g000840.t1	aos_hpl	Oxylipin and volatile-product chemistry								91.5	1.5999999999999999e-24	329	proteome_v1_exact	full_length	round2	GMO.00000095.v1.g000840.t1	confirmed	confirmed	strong_only	True	False	4	10	motif_2,motif_6,motif_7,motif_8	3.82e-23	0.4	true	1	all	3.4e-30	91.2	any_required	PF00067	1	1	complete	True	True	True	True	True	complete	True	True	retained
GMO.00002176.v1.g318420.t1	aos_hpl	Oxylipin and volatile-product chemistry								91.5	1.5999999999999999e-24	329	proteome_v1_exact	full_length	round2	GMO.00002176.v1.g318420.t1	confirmed	confirmed	strong_only	True	False	4	10	motif_2,motif_6,motif_7,motif_8	3.82e-23	0.4	true	1	all	3.4e-30	91.2	any_required	PF00067	1	1	complete	True	True	True	True	True	complete	True	True	retained
GMO.00001508.v1.g187910.t1	aos_hpl	Oxylipin and volatile-product chemistry								87.9	2.0000000000000002e-23	385	proteome_v1_exact	full_length	round2	GMO.00001508.v1.g187910.t1	confirmed	confirmed	strong_only	True	False	5	10	motif_4,motif_5,motif_7,motif_8,motif_9	4.43e-15	0.5	true	1	all	4.4e-29	87.5	any_required	PF00067	1	1	complete	True	True	True	True	True	complete	True	True	retained
GMO.00001706.v1.g226830.t1	aos_hpl	Oxylipin and volatile-product chemistry								84.5	2.1e-22	323	proteome_v1_exact	full_length	round2	GMO.00001706.v1.g226830.t1	confirmed	confirmed	strong_only	True	False	4	10	motif_6,motif_7,motif_8,motif_9	1.23e-14	0.4	true	1	all	4.500000000000001e-28	84.2	any_required	PF00067	1	1	complete	True	True	True	True	True	complete	True	True	retained
GMO.00002325.v1.g480590.t1	aos_hpl	Oxylipin and volatile-product chemistry								80.8	2.8e-21	192	proteome_v1_exact	full_length	round2	GMO.00002325.v1.g480590.t1	confirmed	confirmed	strong_only	True	False	2	10	motif_2,motif_4	2.43e-20	0.2	true	1	all	5.8e-27	80.5	any_required	PF00067	1	1	complete	True	True	True	True	True	complete	True	True	retained
GMO.00001837.v1.g256280.t1	aos_hpl	Oxylipin and volatile-product chemistry								77.8	2.2e-20	232	proteome_v1_exact	full_length	round2	GMO.00001837.v1.g256280.t1	confirmed	confirmed	strong_only	True	False	4	10	motif_6,motif_7,motif_8,motif_9	1.84e-20	0.4	true	1	all	4.8e-26	77.5	any_required	PF00067	1	1	complete	True	True	True	True	True	complete	True	True	retained
GMO.00001329.v1.g149410.t1	aos_hpl	Oxylipin and volatile-product chemistry								68.9	1.1e-17	175	proteome_v1_exact	full_length	round2	GMO.00001329.v1.g149410.t1	confirmed	confirmed	strong_only	True	False	4	10	motif_6,motif_7,motif_8,motif_9	2.48e-18	0.4	true	1	all	2.5e-23	68.6	any_required	PF00067	1	1	complete	True	True	True	True	True	complete	True	True	retained
GMO.00002523.v1.g599570.t1	aos_hpl	Oxylipin and volatile-product chemistry								68.9	1.1e-17	175	proteome_v1_exact	full_length	round2	GMO.00002523.v1.g599570.t1	confirmed	confirmed	strong_only	True	False	4	10	motif_6,motif_7,motif_8,motif_9	2.48e-18	0.4	true	1	all	2.5e-23	68.6	any_required	PF00067	1	1	complete	True	True	True	True	True	complete	True	True	retained
GMO.00000552.v1.g021550.t2	aos_hpl	Oxylipin and volatile-product chemistry								66.8	4.8e-17	276	proteome_v1_exact	full_length	round2	GMO.00000552.v1.g021550.t2	confirmed	confirmed	strong_only	True	False	4	10	motif_6,motif_7,motif_8,motif_9	1.4199999999999999e-25	0.4	true	1	all	1.1e-22	66.5	any_required	PF00067	1	1	complete	True	True	True	True	True	complete	True	True	retained
GMO.00002363.v1.g506290.t1	aos_hpl	Oxylipin and volatile-product chemistry								64.4	2.6e-16	92	proteome_v1_exact	full_length	round2	GMO.00002363.v1.g506290.t1	confirmed	confirmed	strong_only	True	False	2	10	motif_1,motif_3	3.59e-16	0.2	true	1	all	5.1e-22	64.2	any_required	PF00067	1	1	complete	True	True	True	True	True	complete	True	True	retained
GMO.00001329.v1.g149370.t1	aos_hpl	Oxylipin and volatile-product chemistry								63.3	5.7e-16	175	proteome_v1_exact	full_length	round2	GMO.00001329.v1.g149370.t1	confirmed	confirmed	strong_only	True	False	4	10	motif_6,motif_7,motif_8,motif_9	3.29e-20	0.4	true	1	all	1.4e-21	62.8	any_required	PF00067	1	1	complete	True	True	True	True	True	complete	True	True	retained
GMO.00000684.v1.g046510.t1	aos_hpl	Oxylipin and volatile-product chemistry								63.2	6.1e-16	161	proteome_v1_exact	full_length	round2	GMO.00000684.v1.g046510.t1	confirmed	confirmed	strong_only	True	False	5	10	motif_3,motif_6,motif_7,motif_8,motif_9	6.01e-22	0.5	true	1	all	1.3e-21	62.9	any_required	PF00067	1	1	complete	True	True	True	True	True	complete	True	True	retained
GMO.00002294.v1.g447450.t1	aos_hpl	Oxylipin and volatile-product chemistry								63.2	6.1e-16	161	proteome_v1_exact	full_length	round2	GMO.00002294.v1.g447450.t1	confirmed	confirmed	strong_only	True	False	5	10	motif_3,motif_6,motif_7,motif_8,motif_9	6.01e-22	0.5	true	1	all	1.3e-21	62.9	any_required	PF00067	1	1	complete	True	True	True	True	True	complete	True	True	retained
GMO.00002494.v1.g559400.t2	aos_hpl	Oxylipin and volatile-product chemistry								62.7	8.3e-16	116	proteome_v1_exact	full_length	round2	GMO.00002494.v1.g559400.t2	confirmed	confirmed	strong_only	True	False	2	10	motif_1,motif_3	2.77e-17	0.2	true	1	all	1.7e-21	62.5	any_required	PF00067	1	1	complete	True	True	True	True	True	complete	True	True	retained
GMO.00002523.v1.g599530.t1	aos_hpl	Oxylipin and volatile-product chemistry								61.5	1.9e-15	175	proteome_v1_exact	full_length	round2	GMO.00002523.v1.g599530.t1	confirmed	confirmed	strong_only	True	False	4	10	motif_6,motif_7,motif_8,motif_9	3.29e-20	0.4	true	1	all	4.7e-21	61.1	any_required	PF00067	1	1	complete	True	True	True	True	True	complete	True	True	retained
GMO.00002176.v1.g340570.t1	aos_hpl	Oxylipin and volatile-product chemistry								61.3	2.3e-15	91	proteome_v1_exact	full_length	round2	GMO.00002176.v1.g340570.t1	partial	partial	strong_only	True	False	1	10	motif_4	1.68e-26	0.1	true	1	all	4.7e-21	61.0	any_required	PF00067	1	1	complete	True	True	True	True	True	complete	True	True	retained
GMO.00002325.v1.g479010.t1	aos_hpl	Oxylipin and volatile-product chemistry								50.2	5.2e-12	114	proteome_v1_exact	full_length	round2	GMO.00002325.v1.g479010.t1	confirmed	confirmed	strong_only	True	False	3	10	motif_6,motif_7,motif_9	2.51e-18	0.3	true	1	all	1.2e-17	49.8	any_required	PF00067	1	1	complete	True	True	True	True	True	complete	True	True	retained
GMO.00000743.v1.g064290.t1	cbl	Sulfur amino-acid and glutathione supply	CBL,CGS,CSCBL_like,MGL_artocarpus,MGL_cannabis,MGL_durio	plp_pf01053	phylogeny_nearest_reference	resolved	A0A7J6FLL3	CBL	0.0039308048	745.7	4e-224	468	proteome_v1_exact	full_length	round2	GMO.00000743.v1.g064290.t1	confirmed	confirmed	strong_plus_weaker	True	False	10	10	motif_1,motif_10,motif_2,motif_3,motif_4,motif_5,motif_6,motif_7,motif_8,motif_9	4.500000000000001e-65	1.0	true	1	all	8.299999999999999e-151	487.8	any_required	PF01053	1	1	complete	True	True	True	True	True	complete	True	True	retained
GMO.00002271.v1.g399560.t1	cbl	Sulfur amino-acid and glutathione supply	CBL,CGS,CSCBL_like,MGL_artocarpus,MGL_cannabis,MGL_durio	plp_pf01053	phylogeny_nearest_reference	resolved	A0A7J6FLL3	CBL	2.4796e-06	748.5	5.6e-225	468	proteome_v1_exact	full_length	round2	GMO.00002271.v1.g399560.t1	confirmed	confirmed	strong_plus_weaker	True	False	10	10	motif_1,motif_10,motif_2,motif_3,motif_4,motif_5,motif_6,motif_7,motif_8,motif_9	4.500000000000001e-65	1.0	true	1	all	3.9e-151	488.9	any_required	PF01053	1	1	complete	True	True	True	True	True	complete	True	True	retained
GMO.00001343.v1.g162120.t1	cgs	Sulfur amino-acid and glutathione supply	CBL,CGS,CSCBL_like,MGL_artocarpus,MGL_cannabis,MGL_durio	plp_pf01053	phylogeny_nearest_reference	resolved	A0A803QMI1	CGS	2.4796e-06	901.3	5.6e-271	542	proteome_v1_exact	full_length	round2	GMO.00001343.v1.g162120.t1	confirmed	confirmed	strong_only	True	False	10	10	motif_1,motif_10,motif_2,motif_3,motif_4,motif_5,motif_6,motif_7,motif_8,motif_9	3.63e-65	1.0	true	1	all	1.2999999999999999e-141	457.6	any_required	PF01053	1	1	complete	True	True	True	True	True	complete	True	True	retained
GMO.00001385.v1.g173130.t1	cgs	Sulfur amino-acid and glutathione supply	CBL,CGS,CSCBL_like,MGL_artocarpus,MGL_cannabis,MGL_durio	plp_pf01053	phylogeny_nearest_reference	resolved	A0A803QMI1	CGS	0.0	901.3	5.6e-271	542	proteome_v1_exact	full_length	round2	GMO.00001385.v1.g173130.t1	confirmed	confirmed	strong_only	True	False	10	10	motif_1,motif_10,motif_2,motif_3,motif_4,motif_5,motif_6,motif_7,motif_8,motif_9	3.63e-65	1.0	true	1	all	1.2999999999999999e-141	457.6	any_required	PF01053	1	1	complete	True	True	True	True	True	complete	True	True	retained
GMO.00001085.v1.g107400.t2	fmo	Conjugation, transfer, and redox chemistry								598.7	2.6e-179	462	proteome_v1_exact	full_length	round2	GMO.00001085.v1.g107400.t2	confirmed	confirmed	strong_only	True	False	6	10	motif_1,motif_2,motif_3,motif_4,motif_7,motif_8	2.75e-36	0.6	true	1	all	1.1e-37	115.6	any_required	PF00743	1	1	complete	True	True	True	True	True	complete	True	True	retained
GMO.00000720.v1.g055740.t2	fmo	Conjugation, transfer, and redox chemistry								596.9	9.7e-179	462	proteome_v1_exact	full_length	round2	GMO.00000720.v1.g055740.t2	confirmed	confirmed	strong_only	True	False	6	10	motif_1,motif_2,motif_3,motif_4,motif_7,motif_8	2.75e-36	0.6	true	1	all	6.4e-37	113.1	any_required	PF00743	1	1	complete	True	True	True	True	True	complete	True	True	retained
GMO.00001309.v1.g144570.t1	fmo	Conjugation, transfer, and redox chemistry								531.2	7.8e-159	470	proteome_v1_exact	full_length	round2	GMO.00001309.v1.g144570.t1	confirmed	confirmed	strong_only	True	False	6	10	motif_1,motif_2,motif_3,motif_4,motif_7,motif_8	8.77e-35	0.6	true	1	all	2.7000000000000004e-32	97.9	any_required	PF00743	1	1	complete	True	True	True	True	True	complete	True	True	retained
GMO.00002553.v1.g611910.t1	fmo	Conjugation, transfer, and redox chemistry								531.1	8.9e-159	468	proteome_v1_exact	full_length	round2	GMO.00002553.v1.g611910.t1	confirmed	confirmed	strong_only	True	False	6	10	motif_1,motif_2,motif_3,motif_4,motif_7,motif_8	4.03e-35	0.6	true	1	all	6.3e-33	100.0	any_required	PF00743	1	1	complete	True	True	True	True	True	complete	True	True	retained
GMO.00002516.v1.g583210.t1	fmo	Conjugation, transfer, and redox chemistry								459.9	3.2999999999999997e-137	435	proteome_v1_exact	full_length	round2	GMO.00002516.v1.g583210.t1	confirmed	confirmed	strong_only	True	False	6	10	motif_1,motif_2,motif_3,motif_4,motif_7,motif_8	4.07e-34	0.6	true	1	all	9.999999999999999e-43	132.3	any_required	PF00743	1	1	complete	True	True	True	True	True	complete	True	True	retained
GMO.00000644.v1.g043570.t1	fmo	Conjugation, transfer, and redox chemistry								406.5	5.3999999999999995e-121	479	proteome_v1_exact	full_length	round2	GMO.00000644.v1.g043570.t1	confirmed	confirmed	strong_only	True	False	6	10	motif_1,motif_2,motif_3,motif_4,motif_7,motif_8	9.27e-35	0.6	true	1	all	7.700000000000001e-33	99.7	any_required	PF00743	1	1	complete	True	True	True	True	True	complete	True	True	retained
GMO.00002294.v1.g446750.t1	fmo	Conjugation, transfer, and redox chemistry								406.5	5.3999999999999995e-121	479	proteome_v1_exact	full_length	round2	GMO.00002294.v1.g446750.t1	confirmed	confirmed	strong_only	True	False	6	10	motif_1,motif_2,motif_3,motif_4,motif_7,motif_8	9.27e-35	0.6	true	1	all	7.700000000000001e-33	99.7	any_required	PF00743	1	1	complete	True	True	True	True	True	complete	True	True	retained
GMO.00001016.v1.g094210.t1	fmo	Conjugation, transfer, and redox chemistry								189.7	2.9999999999999998e-55	187	proteome_v1_exact	full_length	round2	GMO.00001016.v1.g094210.t1	confirmed	confirmed	strong_only	True	False	2	10	motif_4,motif_7	1.41e-34	0.2	true	1	all	2.5e-23	68.3	any_required	PF00743	1	1	complete	True	True	True	True	True	complete	True	True	retained
GMO.00001811.v1.g249310.t1	fmo	Conjugation, transfer, and redox chemistry								159.3	3.7e-45	517	proteome_v1_exact	full_length	round2	GMO.00001811.v1.g249310.t1	confirmed	confirmed	strong_only	True	False	8	10	motif_1,motif_10,motif_2,motif_3,motif_4,motif_7,motif_8,motif_9	3.45e-51	0.8	true	1	all	3.5e-50	156.9	any_required	PF00743	1	1	complete	True	True	True	True	True	complete	True	True	retained
GMO.00002459.v1.g541570.t1	fmo	Conjugation, transfer, and redox chemistry								159.3	3.7e-45	515	proteome_v1_exact	full_length	round2	GMO.00002459.v1.g541570.t1	confirmed	confirmed	strong_only	True	False	9	10	motif_1,motif_10,motif_2,motif_3,motif_4,motif_6,motif_7,motif_8,motif_9	3.45e-51	0.9	true	1	all	3e-50	157.1	any_required	PF00743	1	1	complete	True	True	True	True	True	complete	True	True	retained
GMO.00002427.v1.g529310.t1	fmo	Conjugation, transfer, and redox chemistry								148.2	8.8e-42	520	proteome_v1_exact	full_length	round2	GMO.00002427.v1.g529310.t1	confirmed	confirmed	strong_only	True	False	9	10	motif_1,motif_10,motif_2,motif_3,motif_4,motif_6,motif_7,motif_8,motif_9	2.53e-45	0.9	true	1	all	2.1e-46	144.4	any_required	PF00743	1	1	complete	True	True	True	True	True	complete	True	True	retained
GMO.00002459.v1.g541560.t1	fmo	Conjugation, transfer, and redox chemistry								141.8	7.2e-40	517	proteome_v1_exact	full_length	round2	GMO.00002459.v1.g541560.t1	confirmed	confirmed	strong_only	True	False	9	10	motif_1,motif_10,motif_2,motif_3,motif_4,motif_6,motif_7,motif_8,motif_9	2.21e-52	0.9	true	1	all	7e-45	139.4	any_required	PF00743	1	1	complete	True	True	True	True	True	complete	True	True	retained
GMO.00002511.v1.g578870.t1	fmo	Conjugation, transfer, and redox chemistry								141.2	1.1e-39	457	proteome_v1_exact	full_length	round2	GMO.00002511.v1.g578870.t1	confirmed	confirmed	strong_only	True	False	8	10	motif_1,motif_10,motif_2,motif_3,motif_4,motif_6,motif_7,motif_8	2.53e-45	0.8	true	1	all	2.9e-44	137.3	any_required	PF00743	1	1	complete	True	True	True	True	True	complete	True	True	retained
GMO.00001811.v1.g249320.t1	fmo	Conjugation, transfer, and redox chemistry								141.1	1.1999999999999999e-39	517	proteome_v1_exact	full_length	round2	GMO.00001811.v1.g249320.t1	confirmed	confirmed	strong_only	True	False	9	10	motif_1,motif_10,motif_2,motif_3,motif_4,motif_6,motif_7,motif_8,motif_9	2.21e-52	0.9	true	1	all	1.2e-44	138.7	any_required	PF00743	1	1	complete	True	True	True	True	True	complete	True	True	retained
GMO.00000174.v1.g002340.t2	fmo	Conjugation, transfer, and redox chemistry								120.8	1.8e-33	430	proteome_v1_exact	full_length	round2	GMO.00000174.v1.g002340.t2	confirmed	confirmed	strong_only	True	False	8	10	motif_1,motif_10,motif_2,motif_3,motif_5,motif_6,motif_7,motif_8	5.9499999999999994e-46	0.8	true	1	all	4.6999999999999996e-39	120.2	any_required	PF00743	1	1	complete	True	True	True	True	True	complete	True	True	retained
GMO.00002176.v1.g338000.t2	fmo	Conjugation, transfer, and redox chemistry								118.5	8.8e-33	430	proteome_v1_exact	full_length	round2	GMO.00002176.v1.g338000.t2	confirmed	confirmed	strong_only	True	False	8	10	motif_1,motif_10,motif_2,motif_3,motif_5,motif_6,motif_7,motif_8	3.75e-44	0.8	true	1	all	2.3e-38	117.9	any_required	PF00743	1	1	complete	True	True	True	True	True	complete	True	True	retained
GMO.00002364.v1.g513200.t1	fmo	Conjugation, transfer, and redox chemistry								118.2	1.1e-32	537	proteome_v1_exact	full_length	round2	GMO.00002364.v1.g513200.t1	confirmed	confirmed	strong_only	True	False	9	10	motif_1,motif_10,motif_2,motif_3,motif_4,motif_6,motif_7,motif_8,motif_9	3.2e-45	0.9	true	1	all	7.199999999999999e-24	70.1	any_required	PF00743	1	1	complete	True	True	True	True	True	complete	True	True	retained
GMO.00002253.v1.g378900.t1	fmo	Conjugation, transfer, and redox chemistry								114.6	1.3e-31	516	proteome_v1_exact	full_length	round2	GMO.00002253.v1.g378900.t1	confirmed	confirmed	strong_only	True	False	9	10	motif_1,motif_10,motif_2,motif_3,motif_4,motif_6,motif_7,motif_8,motif_9	1.23e-38	0.9	true	1	all	2.9e-36	110.9	any_required	PF00743	1	1	complete	True	True	True	True	True	complete	True	True	retained
GMO.00002497.v1.g564380.t1	fmo	Conjugation, transfer, and redox chemistry								105.0	1.0000000000000001e-28	426	proteome_v1_exact	full_length	round2	GMO.00002497.v1.g564380.t1	confirmed	confirmed	strong_only	True	False	7	10	motif_1,motif_2,motif_3,motif_5,motif_6,motif_7,motif_8	1.4e-44	0.7	true	1	all	4.2e-34	103.8	any_required	PF00743	1	1	complete	True	True	True	True	True	complete	True	True	retained
GMO.00002498.v1.g565740.t1	fmo	Conjugation, transfer, and redox chemistry								105.0	1.0000000000000001e-28	426	proteome_v1_exact	full_length	round2	GMO.00002498.v1.g565740.t1	confirmed	confirmed	strong_only	True	False	7	10	motif_1,motif_2,motif_3,motif_5,motif_6,motif_7,motif_8	1.4e-44	0.7	true	1	all	4.2e-34	103.8	any_required	PF00743	1	1	complete	True	True	True	True	True	complete	True	True	retained
GMO.00002656.v1.g656780.t1	fmo	Conjugation, transfer, and redox chemistry								104.3	1.7000000000000003e-28	525	proteome_v1_exact	full_length	round2	GMO.00002656.v1.g656780.t1	confirmed	confirmed	strong_only	True	False	9	10	motif_1,motif_10,motif_2,motif_3,motif_4,motif_6,motif_7,motif_8,motif_9	7.539999999999999e-52	0.9	true	1	all	9.900000000000001e-33	99.3	any_required	PF00743	1	1	complete	True	True	True	True	True	complete	True	True	retained
GMO.00001649.v1.g216600.t1	fmo	Conjugation, transfer, and redox chemistry								103.6	2.8000000000000002e-28	525	proteome_v1_exact	full_length	round2	GMO.00001649.v1.g216600.t1	confirmed	confirmed	strong_only	True	False	9	10	motif_1,motif_10,motif_2,motif_3,motif_4,motif_6,motif_7,motif_8,motif_9	7.539999999999999e-52	0.9	true	1	all	1.7000000000000002e-32	98.6	any_required	PF00743	1	1	complete	True	True	True	True	True	complete	True	True	retained
GMO.00000992.v1.g090290.t1	fmo	Conjugation, transfer, and redox chemistry								98.9	7.300000000000001e-27	398	proteome_v1_exact	full_length	round2	GMO.00000992.v1.g090290.t1	confirmed	confirmed	strong_only	True	False	7	10	motif_1,motif_2,motif_3,motif_5,motif_6,motif_7,motif_8	1.86e-40	0.7	true	1	all	2.4e-32	98.1	any_required	PF00743	1	1	complete	True	True	True	True	True	complete	True	True	retained
GMO.00002283.v1.g431800.t1	fmo	Conjugation, transfer, and redox chemistry								98.9	7.300000000000001e-27	398	proteome_v1_exact	full_length	round2	GMO.00002283.v1.g431800.t1	confirmed	confirmed	strong_only	True	False	7	10	motif_1,motif_2,motif_3,motif_5,motif_6,motif_7,motif_8	1.86e-40	0.7	true	1	all	2.4e-32	98.1	any_required	PF00743	1	1	complete	True	True	True	True	True	complete	True	True	retained
GMO.00000332.v1.g008310.t1	fmo	Conjugation, transfer, and redox chemistry								95.9	6e-26	418	proteome_v1_exact	full_length	round2	GMO.00000332.v1.g008310.t1	confirmed	confirmed	strong_only	True	False	7	10	motif_1,motif_2,motif_3,motif_5,motif_6,motif_7,motif_8	3.84e-39	0.7	true	1	all	2e-31	95.0	any_required	PF00743	1	1	complete	True	True	True	True	True	complete	True	True	retained
GMO.00002251.v1.g368480.t1	fmo	Conjugation, transfer, and redox chemistry								95.4	8.6e-26	418	proteome_v1_exact	full_length	round2	GMO.00002251.v1.g368480.t1	confirmed	confirmed	strong_only	True	False	7	10	motif_1,motif_2,motif_3,motif_5,motif_6,motif_7,motif_8	3.84e-39	0.7	true	1	all	2.8e-31	94.5	any_required	PF00743	1	1	complete	True	True	True	True	True	complete	True	True	retained
GMO.00000332.v1.g008280.t1	fmo	Conjugation, transfer, and redox chemistry								91.8	1.0000000000000001e-24	426	proteome_v1_exact	full_length	round2	GMO.00000332.v1.g008280.t1	confirmed	confirmed	strong_only	True	False	7	10	motif_1,motif_2,motif_3,motif_5,motif_6,motif_7,motif_8	4.22e-45	0.7	true	1	all	3.9e-30	90.7	any_required	PF00743	1	1	complete	True	True	True	True	True	complete	True	True	retained
GMO.00002251.v1.g368460.t1	fmo	Conjugation, transfer, and redox chemistry								91.8	1.0000000000000001e-24	426	proteome_v1_exact	full_length	round2	GMO.00002251.v1.g368460.t1	confirmed	confirmed	strong_only	True	False	7	10	motif_1,motif_2,motif_3,motif_5,motif_6,motif_7,motif_8	4.22e-45	0.7	true	1	all	3.9e-30	90.7	any_required	PF00743	1	1	complete	True	True	True	True	True	complete	True	True	retained
GMO.00001607.v1.g210610.t1	fmo	Conjugation, transfer, and redox chemistry								91.4	1.3999999999999999e-24	488	proteome_v1_exact	full_length	round2	GMO.00001607.v1.g210610.t1	confirmed	confirmed	strong_only	True	False	7	10	motif_1,motif_2,motif_3,motif_5,motif_6,motif_7,motif_8	3.2700000000000002e-43	0.7	true	1	all	5.3e-29	87.0	any_required	PF00743	1	1	complete	True	True	True	True	True	complete	True	True	retained
GMO.00000574.v1.g032780.t1	fmo	Conjugation, transfer, and redox chemistry								91.0	1.7999999999999997e-24	489	proteome_v1_exact	full_length	round2	GMO.00000574.v1.g032780.t1	confirmed	confirmed	strong_only	True	False	7	10	motif_1,motif_2,motif_3,motif_5,motif_6,motif_7,motif_8	3.86e-44	0.7	true	1	all	1.4e-19	56.0	any_required	PF00743	1	1	complete	True	True	True	True	True	complete	True	True	retained
GMO.00002453.v1.g540400.t1	fmo	Conjugation, transfer, and redox chemistry								84.3	2e-22	400	proteome_v1_exact	full_length	round2	GMO.00002453.v1.g540400.t1	confirmed	confirmed	strong_only	True	False	7	10	motif_1,motif_2,motif_3,motif_5,motif_6,motif_7,motif_8	8.44e-43	0.7	true	1	all	7.200000000000001e-28	83.3	any_required	PF00743	1	1	complete	True	True	True	True	True	complete	True	True	retained
GMO.00002499.v1.g568070.t1	fmo	Conjugation, transfer, and redox chemistry								83.4	3.6000000000000003e-22	387	proteome_v1_exact	full_length	round2	GMO.00002499.v1.g568070.t1	confirmed	confirmed	strong_only	True	False	7	10	motif_1,motif_2,motif_3,motif_5,motif_6,motif_7,motif_8	3.03e-39	0.7	true	1	all	1.3e-27	82.4	any_required	PF00743	1	1	complete	True	True	True	True	True	complete	True	True	retained
GMO.00000732.v1.g060860.t1	fmo	Conjugation, transfer, and redox chemistry								82.9	5.2e-22	387	proteome_v1_exact	full_length	round2	GMO.00000732.v1.g060860.t1	confirmed	confirmed	strong_only	True	False	7	10	motif_1,motif_2,motif_3,motif_5,motif_6,motif_7,motif_8	3.03e-39	0.7	true	1	all	1.8e-27	81.9	any_required	PF00743	1	1	complete	True	True	True	True	True	complete	True	True	retained
GMO.00002582.v1.g623990.t1	fmo	Conjugation, transfer, and redox chemistry								82.1	9.500000000000001e-22	402	proteome_v1_exact	full_length	round2	GMO.00002582.v1.g623990.t1	confirmed	confirmed	strong_only	True	False	7	10	motif_1,motif_2,motif_3,motif_5,motif_6,motif_7,motif_8	8.44e-43	0.7	true	1	all	3.6e-27	80.9	any_required	PF00743	1	1	complete	True	True	True	True	True	complete	True	True	retained
GMO.00002459.v1.g541550.t2	fmo	Conjugation, transfer, and redox chemistry								80.6	2.6e-21	382	proteome_v1_exact	full_length	round2	GMO.00002459.v1.g541550.t2	confirmed	confirmed	strong_only	True	False	7	10	motif_1,motif_10,motif_4,motif_6,motif_7,motif_8,motif_9	2.05e-52	0.7	true	1	all	7.7e-27	79.9	any_required	PF00743	1	1	complete	True	True	True	True	True	complete	True	True	retained
GMO.00000308.v1.g006490.t1	fmo	Conjugation, transfer, and redox chemistry								73.2	4.5e-19	396	proteome_v1_exact	full_length	round2	GMO.00000308.v1.g006490.t1	confirmed	confirmed	strong_only	True	False	7	10	motif_1,motif_2,motif_3,motif_5,motif_6,motif_7,motif_8	1.14e-44	0.7	true	1	all	1.3999999999999999e-24	72.5	any_required	PF00743	1	1	complete	True	True	True	True	True	complete	True	True	retained
GMO.00002218.v1.g364020.t1	fmo	Conjugation, transfer, and redox chemistry								73.1	5e-19	396	proteome_v1_exact	full_length	round2	GMO.00002218.v1.g364020.t1	confirmed	confirmed	strong_only	True	False	7	10	motif_1,motif_2,motif_3,motif_5,motif_6,motif_7,motif_8	1.14e-44	0.7	true	1	all	1.4999999999999998e-24	72.3	any_required	PF00743	1	1	complete	True	True	True	True	True	complete	True	True	retained
GMO.00001266.v1.g138900.t1	fmo	Conjugation, transfer, and redox chemistry								69.6	8e-19	88	proteome_v1_exact	full_length	round2	GMO.00001266.v1.g138900.t1	partial	partial	strong_only	True	False	1	10	motif_8	3.32e-12	0.1	true	0	none		0.0	any_required	PF00743	1	0	absent	False	True	True	True	False	absent	True	False	removed_incomplete_expected_domain_architecture
GMO.00002466.v1.g548230.t1	fmo	Conjugation, transfer, and redox chemistry								69.6	8e-19	88	proteome_v1_exact	full_length	round2	GMO.00002466.v1.g548230.t1	partial	partial	strong_only	True	False	1	10	motif_8	3.32e-12	0.1	true	0	none		0.0	any_required	PF00743	1	0	absent	False	True	True	True	False	absent	True	False	removed_incomplete_expected_domain_architecture
GMO.00001811.v1.g249330.t2	fmo	Conjugation, transfer, and redox chemistry								66.1	6.7e-17	355	proteome_v1_exact	full_length	round2	GMO.00001811.v1.g249330.t2	confirmed	confirmed	strong_only	True	False	7	10	motif_1,motif_10,motif_4,motif_6,motif_7,motif_8,motif_9	7.11e-51	0.7	true	1	all	2.3000000000000003e-22	65.1	any_required	PF00743	1	1	complete	True	True	True	True	True	complete	True	True	retained
GMO.00001649.v1.g216590.t1	fmo	Conjugation, transfer, and redox chemistry								51.5	1.7e-12	378	proteome_v1_exact	full_length	round2	GMO.00001649.v1.g216590.t1	confirmed	confirmed	strong_only	True	False	8	10	motif_1,motif_10,motif_2,motif_4,motif_6,motif_7,motif_8,motif_9	1.17e-50	0.8	true	1	all	7e-18	50.3	any_required	PF00743	1	1	complete	True	True	True	True	True	complete	True	True	retained
GMO.00002656.v1.g656790.t1	fmo	Conjugation, transfer, and redox chemistry								51.5	1.7e-12	378	proteome_v1_exact	full_length	round2	GMO.00002656.v1.g656790.t1	confirmed	confirmed	strong_only	True	False	8	10	motif_1,motif_10,motif_2,motif_4,motif_6,motif_7,motif_8,motif_9	1.92e-49	0.8	true	1	all	6.6e-18	50.4	any_required	PF00743	1	1	complete	True	True	True	True	True	complete	True	True	retained
GMO.00002705.v1.g665510.t1	ggt	Conjugation, transfer, and redox chemistry								583.2	1.5999999999999998e-173	629	proteome_v1_exact	full_length	round1	GMO.00002705.v1.g665510.t1	confirmed	confirmed	strong_only	True	False	10	10	motif_1,motif_10,motif_2,motif_3,motif_4,motif_5,motif_6,motif_7,motif_8,motif_9	1.2699999999999999e-60	1.0	true	1	all	3.3e-179	582.9	any_required	PF01019	1	1	complete	True	True	True	True	True	complete	True	True	retained
GMO.00002711.v1.g667700.t1	ggt	Conjugation, transfer, and redox chemistry								582.9	1.8999999999999998e-173	629	proteome_v1_exact	full_length	round1	GMO.00002711.v1.g667700.t1	confirmed	confirmed	strong_only	True	False	10	10	motif_1,motif_10,motif_2,motif_3,motif_4,motif_5,motif_6,motif_7,motif_8,motif_9	1.2699999999999999e-60	1.0	true	1	all	3.9e-179	582.7	any_required	PF01019	1	1	complete	True	True	True	True	True	complete	True	True	retained
GMO.00001202.v1.g119250.t1	ggt	Conjugation, transfer, and redox chemistry								571.7	4.6000000000000005e-170	586	proteome_v1_exact	full_length	round1	GMO.00001202.v1.g119250.t1	confirmed	confirmed	strong_only	True	False	10	10	motif_1,motif_10,motif_2,motif_3,motif_4,motif_5,motif_6,motif_7,motif_8,motif_9	1.43e-62	1.0	true	1	all	9.3e-176	571.5	any_required	PF01019	1	1	complete	True	True	True	True	True	complete	True	True	retained
GMO.00002283.v1.g429350.t1	ggt	Conjugation, transfer, and redox chemistry								571.7	4.6000000000000005e-170	586	proteome_v1_exact	full_length	round1	GMO.00002283.v1.g429350.t1	confirmed	confirmed	strong_only	True	False	10	10	motif_1,motif_10,motif_2,motif_3,motif_4,motif_5,motif_6,motif_7,motif_8,motif_9	1.43e-62	1.0	true	1	all	9.3e-176	571.5	any_required	PF01019	1	1	complete	True	True	True	True	True	complete	True	True	retained
GMO.00001200.v1.g119160.t1	ggt	Conjugation, transfer, and redox chemistry								300.1	9.5e-88	310	proteome_v1_exact	full_length	round1	GMO.00001200.v1.g119160.t1	confirmed	confirmed	strong_only	True	False	6	10	motif_1,motif_10,motif_2,motif_3,motif_6,motif_9	1.43e-62	0.6	true	1	all	2e-93	299.9	any_required	PF01019	1	1	complete	True	True	True	True	True	complete	True	True	retained
GMO.00000720.v1.g052440.t2	gsh1	Sulfur amino-acid and glutathione supply								974.1	4.6999999999999996e-293	526	proteome_v1_exact	full_length	round2	GMO.00000720.v1.g052440.t2	confirmed	confirmed	strong_only	True	False	10	10	motif_1,motif_10,motif_2,motif_3,motif_4,motif_5,motif_6,motif_7,motif_8,motif_9	1.14e-66	1.0	true	1	all	1.5e-112	362.6	any_required	PF04107	1	1	complete	True	True	True	True	True	complete	True	True	retained
GMO.00002767.v1.g678100.t2	gsh1	Sulfur amino-acid and glutathione supply								973.6	6.499999999999999e-293	526	proteome_v1_exact	full_length	round2	GMO.00002767.v1.g678100.t2	confirmed	confirmed	strong_only	True	False	10	10	motif_1,motif_10,motif_2,motif_3,motif_4,motif_5,motif_6,motif_7,motif_8,motif_9	1.14e-66	1.0	true	1	all	6.6e-113	363.7	any_required	PF04107	1	1	complete	True	True	True	True	True	complete	True	True	retained
GMO.00002216.v1.g346800.t2	gsh2	Sulfur amino-acid and glutathione supply								839.7	2.1e-252	553	proteome_v1_exact	full_length	round2	GMO.00002216.v1.g346800.t2	absent	absent	single_sequence	False	True	0	0			0.0	true	2	both	1.2e-134	554.9	all_required	PF03199,PF03917	2	2	complete	True	False	True	False	True	complete	True	True	retained
GMO.00001014.v1.g090870.t1	gst	Conjugation, transfer, and redox chemistry								80.8	2.1e-21	217	proteome_v1_exact	full_length	round1	GMO.00001014.v1.g090870.t1	confirmed	confirmed	strong_only	True	False	10	10	motif_1,motif_10,motif_2,motif_3,motif_4,motif_5,motif_6,motif_7,motif_8,motif_9	2.91e-30	1.0	true	1	all	7.4e-27	79.8	any_required	PF02798	1	1	complete	True	True	True	True	True	complete	True	True	retained
GMO.00002518.v1.g587580.t1	gst	Conjugation, transfer, and redox chemistry								80.8	2.1e-21	217	proteome_v1_exact	full_length	round1	GMO.00002518.v1.g587580.t1	confirmed	confirmed	strong_only	True	False	10	10	motif_1,motif_10,motif_2,motif_3,motif_4,motif_5,motif_6,motif_7,motif_8,motif_9	2.91e-30	1.0	true	1	all	7.4e-27	79.8	any_required	PF02798	1	1	complete	True	True	True	True	True	complete	True	True	retained
GMO.00002317.v1.g453350.t1	gst	Conjugation, transfer, and redox chemistry								80.1	3.6e-21	220	proteome_v1_exact	full_length	round1	GMO.00002317.v1.g453350.t1	confirmed	confirmed	strong_only	True	False	9	10	motif_1,motif_2,motif_3,motif_4,motif_5,motif_6,motif_7,motif_8,motif_9	3.82e-30	0.9	true	1	all	1.4e-26	79.0	any_required	PF02798	1	1	complete	True	True	True	True	True	complete	True	True	retained
GMO.00002695.v1.g660500.t1	gst	Conjugation, transfer, and redox chemistry								80.1	3.6e-21	220	proteome_v1_exact	full_length	round1	GMO.00002695.v1.g660500.t1	confirmed	confirmed	strong_only	True	False	9	10	motif_1,motif_2,motif_3,motif_4,motif_5,motif_6,motif_7,motif_8,motif_9	3.82e-30	0.9	true	1	all	1.4e-26	79.0	any_required	PF02798	1	1	complete	True	True	True	True	True	complete	True	True	retained
GMO.00002695.v1.g660490.t1	gst	Conjugation, transfer, and redox chemistry								79.3	6.2e-21	220	proteome_v1_exact	full_length	round1	GMO.00002695.v1.g660490.t1	confirmed	confirmed	strong_only	True	False	9	10	motif_1,motif_2,motif_3,motif_4,motif_5,motif_6,motif_7,motif_8,motif_9	3.82e-30	0.9	true	1	all	3e-26	77.9	any_required	PF02798	1	1	complete	True	True	True	True	True	complete	True	True	retained
GMO.00002317.v1.g453360.t1	gst	Conjugation, transfer, and redox chemistry								78.3	1.3e-20	220	proteome_v1_exact	full_length	round1	GMO.00002317.v1.g453360.t1	confirmed	confirmed	strong_only	True	False	9	10	motif_1,motif_2,motif_3,motif_4,motif_5,motif_6,motif_7,motif_8,motif_9	3.82e-30	0.9	true	1	all	4.1e-26	77.5	any_required	PF02798	1	1	complete	True	True	True	True	True	complete	True	True	retained
GMO.00001014.v1.g090820.t1	gst	Conjugation, transfer, and redox chemistry								76.6	4.5e-20	217	proteome_v1_exact	full_length	round1	GMO.00001014.v1.g090820.t1	confirmed	confirmed	strong_only	True	False	10	10	motif_1,motif_10,motif_2,motif_3,motif_4,motif_5,motif_6,motif_7,motif_8,motif_9	2.73e-29	1.0	true	1	all	1.5e-25	75.7	any_required	PF02798	1	1	complete	True	True	True	True	True	complete	True	True	retained
GMO.00002518.v1.g587540.t1	gst	Conjugation, transfer, and redox chemistry								76.6	4.5e-20	217	proteome_v1_exact	full_length	round1	GMO.00002518.v1.g587540.t1	confirmed	confirmed	strong_only	True	False	10	10	motif_1,motif_10,motif_2,motif_3,motif_4,motif_5,motif_6,motif_7,motif_8,motif_9	2.73e-29	1.0	true	1	all	1.5e-25	75.7	any_required	PF02798	1	1	complete	True	True	True	True	True	complete	True	True	retained
GMO.00000743.v1.g064240.t1	gst	Conjugation, transfer, and redox chemistry								75.6	8.6e-20	152	proteome_v1_exact	full_length	round1	GMO.00000743.v1.g064240.t1	confirmed	confirmed	strong_only	True	False	6	10	motif_1,motif_2,motif_3,motif_5,motif_7,motif_8	4.1e-32	0.6	true	1	all	3.1e-25	74.7	any_required	PF02798	1	1	complete	True	True	True	True	True	complete	True	True	retained
GMO.00002271.v1.g399660.t1	gst	Conjugation, transfer, and redox chemistry								75.6	8.6e-20	152	proteome_v1_exact	full_length	round1	GMO.00002271.v1.g399660.t1	confirmed	confirmed	strong_only	True	False	6	10	motif_1,motif_2,motif_3,motif_5,motif_7,motif_8	4.1e-32	0.6	true	1	all	3.1e-25	74.7	any_required	PF02798	1	1	complete	True	True	True	True	True	complete	True	True	retained
GMO.00002319.v1.g469450.t1	gst	Conjugation, transfer, and redox chemistry								75.3	1.1e-19	223	proteome_v1_exact	full_length	round1	GMO.00002319.v1.g469450.t1	confirmed	confirmed	strong_only	True	False	10	10	motif_1,motif_10,motif_2,motif_3,motif_4,motif_5,motif_6,motif_7,motif_8,motif_9	4.1e-32	1.0	true	1	all	3.9999999999999997e-25	74.3	any_required	PF02798	1	1	complete	True	True	True	True	True	complete	True	True	retained
GMO.00000827.v1.g069540.t1	gst	Conjugation, transfer, and redox chemistry								74.6	1.8e-19	226	proteome_v1_exact	full_length	round1	GMO.00000827.v1.g069540.t1	confirmed	confirmed	strong_only	True	False	10	10	motif_1,motif_10,motif_2,motif_3,motif_4,motif_5,motif_6,motif_7,motif_8,motif_9	4.1e-32	1.0	true	1	all	6.3e-25	73.7	any_required	PF02798	1	1	complete	True	True	True	True	True	complete	True	True	retained
GMO.00000827.v1.g069550.t1	gst	Conjugation, transfer, and redox chemistry								74.6	1.8e-19	223	proteome_v1_exact	full_length	round1	GMO.00000827.v1.g069550.t1	confirmed	confirmed	strong_only	True	False	10	10	motif_1,motif_10,motif_2,motif_3,motif_4,motif_5,motif_6,motif_7,motif_8,motif_9	4.1e-32	1.0	true	1	all	6.9999999999999995e-25	73.5	any_required	PF02798	1	1	complete	True	True	True	True	True	complete	True	True	retained
GMO.00002319.v1.g469440.t1	gst	Conjugation, transfer, and redox chemistry								74.4	2e-19	226	proteome_v1_exact	full_length	round1	GMO.00002319.v1.g469440.t1	confirmed	confirmed	strong_only	True	False	10	10	motif_1,motif_10,motif_2,motif_3,motif_4,motif_5,motif_6,motif_7,motif_8,motif_9	4.1e-32	1.0	true	1	all	6.3e-25	73.7	any_required	PF02798	1	1	complete	True	True	True	True	True	complete	True	True	retained
GMO.00002518.v1.g587570.t1	gst	Conjugation, transfer, and redox chemistry								74.1	2.7e-19	216	proteome_v1_exact	full_length	round1	GMO.00002518.v1.g587570.t1	confirmed	confirmed	strong_only	True	False	10	10	motif_1,motif_10,motif_2,motif_3,motif_4,motif_5,motif_6,motif_7,motif_8,motif_9	2.73e-29	1.0	true	1	all	8.899999999999999e-25	73.2	any_required	PF02798	1	1	complete	True	True	True	True	True	complete	True	True	retained
GMO.00000174.v1.g002300.t1	gst	Conjugation, transfer, and redox chemistry								73.8	3.2e-19	223	proteome_v1_exact	full_length	round1	GMO.00000174.v1.g002300.t1	confirmed	confirmed	strong_only	True	False	10	10	motif_1,motif_10,motif_2,motif_3,motif_4,motif_5,motif_6,motif_7,motif_8,motif_9	2.36e-28	1.0	true	1	all	1.0999999999999998e-24	72.8	any_required	PF02798	1	1	complete	True	True	True	True	True	complete	True	True	retained
GMO.00002176.v1.g338040.t1	gst	Conjugation, transfer, and redox chemistry								73.8	3.2e-19	223	proteome_v1_exact	full_length	round1	GMO.00002176.v1.g338040.t1	confirmed	confirmed	strong_only	True	False	10	10	motif_1,motif_10,motif_2,motif_3,motif_4,motif_5,motif_6,motif_7,motif_8,motif_9	2.36e-28	1.0	true	1	all	1.0999999999999998e-24	72.8	any_required	PF02798	1	1	complete	True	True	True	True	True	complete	True	True	retained
GMO.00002518.v1.g587550.t1	gst	Conjugation, transfer, and redox chemistry								73.8	3.3e-19	217	proteome_v1_exact	full_length	round1	GMO.00002518.v1.g587550.t1	confirmed	confirmed	strong_only	True	False	10	10	motif_1,motif_10,motif_2,motif_3,motif_4,motif_5,motif_6,motif_7,motif_8,motif_9	1.2100000000000001e-29	1.0	true	1	all	1.0999999999999998e-24	72.9	any_required	PF02798	1	1	complete	True	True	True	True	True	complete	True	True	retained
GMO.00001014.v1.g090830.t1	gst	Conjugation, transfer, and redox chemistry								73.5	4.2e-19	217	proteome_v1_exact	full_length	round1	GMO.00001014.v1.g090830.t1	confirmed	confirmed	strong_only	True	False	10	10	motif_1,motif_10,motif_2,motif_3,motif_4,motif_5,motif_6,motif_7,motif_8,motif_9	2.73e-29	1.0	true	1	all	1.3999999999999999e-24	72.5	any_required	PF02798	1	1	complete	True	True	True	True	True	complete	True	True	retained
GMO.00002176.v1.g338030.t1	gst	Conjugation, transfer, and redox chemistry								73.4	4.4e-19	229	proteome_v1_exact	full_length	round1	GMO.00002176.v1.g338030.t1	confirmed	confirmed	strong_only	True	False	10	10	motif_1,motif_10,motif_2,motif_3,motif_4,motif_5,motif_6,motif_7,motif_8,motif_9	5.8999999999999994e-31	1.0	true	1	all	8.5e-25	73.3	any_required	PF02798	1	1	complete	True	True	True	True	True	complete	True	True	retained
GMO.00002176.v1.g338060.t1	gst	Conjugation, transfer, and redox chemistry								73.4	4.3e-19	234	proteome_v1_exact	full_length	round1	GMO.00002176.v1.g338060.t1	confirmed	confirmed	strong_only	True	False	10	10	motif_1,motif_10,motif_2,motif_3,motif_4,motif_5,motif_6,motif_7,motif_8,motif_9	9.21e-31	1.0	true	1	all	1.2999999999999998e-24	72.6	any_required	PF02798	1	1	complete	True	True	True	True	True	complete	True	True	retained
GMO.00000174.v1.g002310.t1	gst	Conjugation, transfer, and redox chemistry								73.3	4.7e-19	229	proteome_v1_exact	full_length	round1	GMO.00000174.v1.g002310.t1	confirmed	confirmed	strong_only	True	False	10	10	motif_1,motif_10,motif_2,motif_3,motif_4,motif_5,motif_6,motif_7,motif_8,motif_9	5.8999999999999994e-31	1.0	true	1	all	8.5e-25	73.3	any_required	PF02798	1	1	complete	True	True	True	True	True	complete	True	True	retained
GMO.00002518.v1.g587600.t1	gst	Conjugation, transfer, and redox chemistry								73.1	5.6e-19	217	proteome_v1_exact	full_length	round1	GMO.00002518.v1.g587600.t1	confirmed	confirmed	strong_only	True	False	10	10	motif_1,motif_10,motif_2,motif_3,motif_4,motif_5,motif_6,motif_7,motif_8,motif_9	1.2100000000000001e-29	1.0	true	1	all	2.1999999999999996e-24	71.9	any_required	PF02798	1	1	complete	True	True	True	True	True	complete	True	True	retained
GMO.00001014.v1.g090860.t1	gst	Conjugation, transfer, and redox chemistry								73.0	5.7e-19	217	proteome_v1_exact	full_length	round1	GMO.00001014.v1.g090860.t1	confirmed	confirmed	strong_only	True	False	10	10	motif_1,motif_10,motif_2,motif_3,motif_4,motif_5,motif_6,motif_7,motif_8,motif_9	2.4600000000000002e-29	1.0	true	1	all	1.7999999999999997e-24	72.2	any_required	PF02798	1	1	complete	True	True	True	True	True	complete	True	True	retained
GMO.00002497.v1.g564340.t1	gst	Conjugation, transfer, and redox chemistry								73.0	5.8e-19	225	proteome_v1_exact	full_length	round1	GMO.00002497.v1.g564340.t1	confirmed	confirmed	strong_only	True	False	10	10	motif_1,motif_10,motif_2,motif_3,motif_4,motif_5,motif_6,motif_7,motif_8,motif_9	3.67e-29	1.0	true	1	all	1.7999999999999997e-24	72.2	any_required	PF02798	1	1	complete	True	True	True	True	True	complete	True	True	retained
GMO.00002498.v1.g565780.t1	gst	Conjugation, transfer, and redox chemistry								73.0	5.8e-19	225	proteome_v1_exact	full_length	round1	GMO.00002498.v1.g565780.t1	confirmed	confirmed	strong_only	True	False	10	10	motif_1,motif_10,motif_2,motif_3,motif_4,motif_5,motif_6,motif_7,motif_8,motif_9	3.67e-29	1.0	true	1	all	1.7999999999999997e-24	72.2	any_required	PF02798	1	1	complete	True	True	True	True	True	complete	True	True	retained
GMO.00002518.v1.g587560.t1	gst	Conjugation, transfer, and redox chemistry								72.3	9.3e-19	218	proteome_v1_exact	full_length	round1	GMO.00002518.v1.g587560.t1	confirmed	confirmed	strong_only	True	False	10	10	motif_1,motif_10,motif_2,motif_3,motif_4,motif_5,motif_6,motif_7,motif_8,motif_9	2.68e-30	1.0	true	1	all	2.7999999999999998e-24	71.6	any_required	PF02798	1	1	complete	True	True	True	True	True	complete	True	True	retained
GMO.00002497.v1.g564350.t1	gst	Conjugation, transfer, and redox chemistry								72.2	1.1e-18	224	proteome_v1_exact	full_length	round1	GMO.00002497.v1.g564350.t1	confirmed	confirmed	strong_only	True	False	10	10	motif_1,motif_10,motif_2,motif_3,motif_4,motif_5,motif_6,motif_7,motif_8,motif_9	1.3600000000000002e-26	1.0	true	1	all	3.3e-24	71.4	any_required	PF02798	1	1	complete	True	True	True	True	True	complete	True	True	retained
GMO.00002498.v1.g565770.t1	gst	Conjugation, transfer, and redox chemistry								72.2	1.1e-18	224	proteome_v1_exact	full_length	round1	GMO.00002498.v1.g565770.t1	confirmed	confirmed	strong_only	True	False	10	10	motif_1,motif_10,motif_2,motif_3,motif_4,motif_5,motif_6,motif_7,motif_8,motif_9	1.3600000000000002e-26	1.0	true	1	all	3.3e-24	71.4	any_required	PF02798	1	1	complete	True	True	True	True	True	complete	True	True	retained
GMO.00002695.v1.g660470.t1	gst	Conjugation, transfer, and redox chemistry								72.1	1.1e-18	128	proteome_v1_exact	full_length	round1	GMO.00002695.v1.g660470.t1	confirmed	confirmed	strong_only	True	False	5	10	motif_1,motif_2,motif_3,motif_5,motif_7	1.43e-28	0.5	true	1	all	2.6999999999999997e-24	71.7	any_required	PF02798	1	1	complete	True	True	True	True	True	complete	True	True	retained
GMO.00000174.v1.g002280.t1	gst	Conjugation, transfer, and redox chemistry								71.8	1.3e-18	234	proteome_v1_exact	full_length	round1	GMO.00000174.v1.g002280.t1	confirmed	confirmed	strong_only	True	False	10	10	motif_1,motif_10,motif_2,motif_3,motif_4,motif_5,motif_6,motif_7,motif_8,motif_9	4.64e-30	1.0	true	1	all	4.0999999999999994e-24	71.1	any_required	PF02798	1	1	complete	True	True	True	True	True	complete	True	True	retained
GMO.00002453.v1.g539930.t1	gst	Conjugation, transfer, and redox chemistry								71.1	2.2e-18	233	proteome_v1_exact	full_length	round1	GMO.00002453.v1.g539930.t1	confirmed	confirmed	strong_only	True	False	5	10	motif_1,motif_2,motif_4,motif_5,motif_6	1.43e-20	0.5	true	1	all	8.199999999999999e-24	70.1	any_required	PF02798	1	1	complete	True	True	True	True	True	complete	True	True	retained
GMO.00002317.v1.g453370.t1	gst	Conjugation, transfer, and redox chemistry								70.9	2.6e-18	193	proteome_v1_exact	full_length	round1	GMO.00002317.v1.g453370.t1	confirmed	confirmed	strong_only	True	False	8	10	motif_1,motif_2,motif_4,motif_5,motif_6,motif_7,motif_8,motif_9	9.83e-26	0.8	true	1	all	7.299999999999999e-24	70.3	any_required	PF02798	1	1	complete	True	True	True	True	True	complete	True	True	retained
GMO.00002453.v1.g539950.t1	gst	Conjugation, transfer, and redox chemistry								70.9	2.6e-18	218	proteome_v1_exact	full_length	round1	GMO.00002453.v1.g539950.t1	confirmed	confirmed	strong_only	True	False	5	10	motif_1,motif_2,motif_4,motif_5,motif_6	5.7e-21	0.5	true	1	all	7.299999999999999e-24	70.3	any_required	PF02798	1	1	complete	True	True	True	True	True	complete	True	True	retained
GMO.00002582.v1.g624500.t1	gst	Conjugation, transfer, and redox chemistry								70.9	2.6e-18	218	proteome_v1_exact	full_length	round1	GMO.00002582.v1.g624500.t1	confirmed	confirmed	strong_only	True	False	5	10	motif_1,motif_2,motif_4,motif_5,motif_6	5.7e-21	0.5	true	1	all	7.299999999999999e-24	70.3	any_required	PF02798	1	1	complete	True	True	True	True	True	complete	True	True	retained
GMO.00000827.v1.g069560.t1	gst	Conjugation, transfer, and redox chemistry								70.8	2.9e-18	223	proteome_v1_exact	full_length	round1	GMO.00000827.v1.g069560.t1	confirmed	confirmed	strong_only	True	False	9	10	motif_1,motif_10,motif_2,motif_3,motif_4,motif_5,motif_6,motif_7,motif_9	1.46e-30	0.9	true	1	all	1.0000000000000001e-23	69.8	any_required	PF02798	1	1	complete	True	True	True	True	True	complete	True	True	retained
GMO.00002453.v1.g539910.t1	gst	Conjugation, transfer, and redox chemistry								70.8	2.7e-18	215	proteome_v1_exact	full_length	round1	GMO.00002453.v1.g539910.t1	confirmed	confirmed	strong_only	True	False	6	10	motif_1,motif_2,motif_3,motif_4,motif_6,motif_7	1.2800000000000001e-21	0.6	true	1	all	8.199999999999999e-24	70.1	any_required	PF02798	1	1	complete	True	True	True	True	True	complete	True	True	retained
GMO.00002582.v1.g624530.t1	gst	Conjugation, transfer, and redox chemistry								70.8	2.7e-18	215	proteome_v1_exact	full_length	round1	GMO.00002582.v1.g624530.t1	confirmed	confirmed	strong_only	True	False	6	10	motif_1,motif_2,motif_3,motif_4,motif_6,motif_7	1.2800000000000001e-21	0.6	true	1	all	8.199999999999999e-24	70.1	any_required	PF02798	1	1	complete	True	True	True	True	True	complete	True	True	retained
GMO.00001014.v1.g090940.t1	gst	Conjugation, transfer, and redox chemistry								70.3	3.9e-18	217	proteome_v1_exact	full_length	round1	GMO.00001014.v1.g090940.t1	confirmed	confirmed	strong_only	True	False	10	10	motif_1,motif_10,motif_2,motif_3,motif_4,motif_5,motif_6,motif_7,motif_8,motif_9	6.4300000000000006e-27	1.0	true	1	all	1.5e-23	69.2	any_required	PF02798	1	1	complete	True	True	True	True	True	complete	True	True	retained
GMO.00001014.v1.g090810.t1	gst	Conjugation, transfer, and redox chemistry								70.0	5e-18	217	proteome_v1_exact	full_length	round1	GMO.00001014.v1.g090810.t1	confirmed	confirmed	strong_only	True	False	10	10	motif_1,motif_10,motif_2,motif_3,motif_4,motif_5,motif_6,motif_7,motif_8,motif_9	3.7799999999999998e-28	1.0	true	1	all	1.5e-23	69.3	any_required	PF02798	1	1	complete	True	True	True	True	True	complete	True	True	retained
GMO.00002518.v1.g587530.t1	gst	Conjugation, transfer, and redox chemistry								70.0	5e-18	217	proteome_v1_exact	full_length	round1	GMO.00002518.v1.g587530.t1	confirmed	confirmed	strong_only	True	False	10	10	motif_1,motif_10,motif_2,motif_3,motif_4,motif_5,motif_6,motif_7,motif_8,motif_9	3.7799999999999998e-28	1.0	true	1	all	1.5e-23	69.3	any_required	PF02798	1	1	complete	True	True	True	True	True	complete	True	True	retained
GMO.00002453.v1.g539940.t1	gst	Conjugation, transfer, and redox chemistry								69.9	5.3e-18	222	proteome_v1_exact	full_length	round1	GMO.00002453.v1.g539940.t1	confirmed	confirmed	strong_only	True	False	6	10	motif_1,motif_2,motif_3,motif_4,motif_6,motif_7	4.19e-19	0.6	true	1	all	1.8e-23	69.0	any_required	PF02798	1	1	complete	True	True	True	True	True	complete	True	True	retained
GMO.00002650.v1.g653390.t1	gst	Conjugation, transfer, and redox chemistry								69.9	5.5e-18	85	proteome_v1_exact	full_length	round1	GMO.00002650.v1.g653390.t1	confirmed	confirmed	strong_only	True	False	4	10	motif_1,motif_2,motif_5,motif_7	2.13e-27	0.4	true	1	all	1.1e-23	69.7	any_required	PF02798	1	1	complete	True	True	True	True	True	complete	True	True	retained
GMO.00002319.v1.g469460.t1	gst	Conjugation, transfer, and redox chemistry								69.5	7.1e-18	223	proteome_v1_exact	full_length	round1	GMO.00002319.v1.g469460.t1	confirmed	confirmed	strong_only	True	False	9	10	motif_1,motif_10,motif_2,motif_3,motif_4,motif_5,motif_6,motif_7,motif_9	1.46e-30	0.9	true	1	all	2.5e-23	68.5	any_required	PF02798	1	1	complete	True	True	True	True	True	complete	True	True	retained
GMO.00002453.v1.g539920.t1	gst	Conjugation, transfer, and redox chemistry								69.0	1e-17	216	proteome_v1_exact	full_length	round1	GMO.00002453.v1.g539920.t1	confirmed	confirmed	strong_only	True	False	6	10	motif_1,motif_2,motif_3,motif_4,motif_6,motif_7	4.23e-22	0.6	true	1	all	3e-23	68.3	any_required	PF02798	1	1	complete	True	True	True	True	True	complete	True	True	retained
GMO.00002582.v1.g624520.t1	gst	Conjugation, transfer, and redox chemistry								69.0	1e-17	216	proteome_v1_exact	full_length	round1	GMO.00002582.v1.g624520.t1	confirmed	confirmed	strong_only	True	False	6	10	motif_1,motif_2,motif_3,motif_4,motif_6,motif_7	4.23e-22	0.6	true	1	all	3e-23	68.3	any_required	PF02798	1	1	complete	True	True	True	True	True	complete	True	True	retained
GMO.00000937.v1.g087890.t1	gst	Conjugation, transfer, and redox chemistry								68.6	1.4e-17	226	proteome_v1_exact	full_length	round1	GMO.00000937.v1.g087890.t1	confirmed	confirmed	strong_only	True	False	6	10	motif_1,motif_2,motif_3,motif_4,motif_6,motif_7	7.71e-20	0.6	true	1	all	4.6e-23	67.7	any_required	PF02798	1	1	complete	True	True	True	True	True	complete	True	True	retained
GMO.00002284.v1.g433120.t2	gst	Conjugation, transfer, and redox chemistry								67.9	2.3e-17	226	proteome_v1_exact	full_length	round1	GMO.00002284.v1.g433120.t2	confirmed	confirmed	strong_only	True	False	6	10	motif_1,motif_2,motif_3,motif_4,motif_6,motif_7	2.01e-20	0.6	true	1	all	8.1e-23	66.9	any_required	PF02798	1	1	complete	True	True	True	True	True	complete	True	True	retained
GMO.00000937.v1.g087860.t1	gst	Conjugation, transfer, and redox chemistry								67.7	2.7e-17	226	proteome_v1_exact	full_length	round1	GMO.00000937.v1.g087860.t1	confirmed	confirmed	strong_only	True	False	6	10	motif_1,motif_2,motif_3,motif_4,motif_6,motif_7	2.01e-20	0.6	true	1	all	9.3e-23	66.7	any_required	PF02798	1	1	complete	True	True	True	True	True	complete	True	True	retained
GMO.00002284.v1.g433160.t1	gst	Conjugation, transfer, and redox chemistry								67.7	2.7e-17	226	proteome_v1_exact	full_length	round1	GMO.00002284.v1.g433160.t1	confirmed	confirmed	strong_only	True	False	6	10	motif_1,motif_2,motif_3,motif_4,motif_6,motif_7	7.71e-20	0.6	true	1	all	9.1e-23	66.8	any_required	PF02798	1	1	complete	True	True	True	True	True	complete	True	True	retained
GMO.00002582.v1.g624560.t1	gst	Conjugation, transfer, and redox chemistry								67.7	2.7e-17	218	proteome_v1_exact	full_length	round1	GMO.00002582.v1.g624560.t1	confirmed	confirmed	strong_only	True	False	5	10	motif_1,motif_2,motif_3,motif_4,motif_6	8.51e-21	0.5	true	1	all	1.7000000000000002e-22	65.9	any_required	PF02798	1	1	complete	True	True	True	True	True	complete	True	True	retained
GMO.00002453.v1.g539890.t1	gst	Conjugation, transfer, and redox chemistry								67.6	2.8e-17	218	proteome_v1_exact	full_length	round1	GMO.00002453.v1.g539890.t1	confirmed	confirmed	strong_only	True	False	5	10	motif_1,motif_2,motif_3,motif_4,motif_6	8.51e-21	0.5	true	1	all	1.7000000000000002e-22	65.9	any_required	PF02798	1	1	complete	True	True	True	True	True	complete	True	True	retained
GMO.00002453.v1.g539900.t1	gst	Conjugation, transfer, and redox chemistry								67.0	4.4e-17	214	proteome_v1_exact	full_length	round1	GMO.00002453.v1.g539900.t1	confirmed	confirmed	strong_only	True	False	5	10	motif_1,motif_2,motif_4,motif_6,motif_7	5.380000000000001e-21	0.5	true	1	all	2.8000000000000004e-22	65.2	any_required	PF02798	1	1	complete	True	True	True	True	True	complete	True	True	retained
GMO.00000719.v1.g050990.t1	gst	Conjugation, transfer, and redox chemistry								66.9	4.7e-17	215	proteome_v1_exact	full_length	round1	GMO.00000719.v1.g050990.t1	confirmed	confirmed	strong_only	True	False	4	10	motif_1,motif_2,motif_4,motif_6	9e-19	0.4	true	1	all	1.4000000000000002e-22	66.2	any_required	PF02798	1	1	complete	True	True	True	True	True	complete	True	True	retained
GMO.00002582.v1.g624550.t1	gst	Conjugation, transfer, and redox chemistry								66.9	4.6e-17	214	proteome_v1_exact	full_length	round1	GMO.00002582.v1.g624550.t1	confirmed	confirmed	strong_only	True	False	5	10	motif_1,motif_2,motif_4,motif_6,motif_7	3.23e-21	0.5	true	1	all	2.9e-22	65.1	any_required	PF02798	1	1	complete	True	True	True	True	True	complete	True	True	retained
GMO.00002276.v1.g411030.t1	gst	Conjugation, transfer, and redox chemistry								66.6	5.6e-17	215	proteome_v1_exact	full_length	round1	GMO.00002276.v1.g411030.t1	confirmed	confirmed	strong_only	True	False	4	10	motif_1,motif_2,motif_4,motif_6	1.24e-18	0.4	true	1	all	1.6000000000000002e-22	65.9	any_required	PF02798	1	1	complete	True	True	True	True	True	complete	True	True	retained
GMO.00000697.v1.g048120.t1	gst	Conjugation, transfer, and redox chemistry								66.2	7.9e-17	231	proteome_v1_exact	full_length	round1	GMO.00000697.v1.g048120.t1	confirmed	confirmed	strong_only	True	False	9	10	motif_1,motif_2,motif_3,motif_4,motif_5,motif_6,motif_7,motif_8,motif_9	1.6200000000000003e-27	0.9	true	1	all	2.2e-22	65.5	any_required	PF02798	1	1	complete	True	True	True	True	True	complete	True	True	retained
GMO.00002291.v1.g445250.t1	gst	Conjugation, transfer, and redox chemistry								66.2	7.9e-17	231	proteome_v1_exact	full_length	round1	GMO.00002291.v1.g445250.t1	confirmed	confirmed	strong_only	True	False	9	10	motif_1,motif_2,motif_3,motif_4,motif_5,motif_6,motif_7,motif_8,motif_9	1.6200000000000003e-27	0.9	true	1	all	2.2e-22	65.5	any_required	PF02798	1	1	complete	True	True	True	True	True	complete	True	True	retained
GMO.00002317.v1.g453380.t1	gst	Conjugation, transfer, and redox chemistry								65.8	1e-16	225	proteome_v1_exact	full_length	round1	GMO.00002317.v1.g453380.t1	confirmed	confirmed	strong_only	True	False	9	10	motif_1,motif_2,motif_3,motif_4,motif_5,motif_6,motif_7,motif_8,motif_9	7.27e-27	0.9	true	1	all	3.1e-22	65.1	any_required	PF02798	1	1	complete	True	True	True	True	True	complete	True	True	retained
GMO.00001050.v1.g096440.t1	gst	Conjugation, transfer, and redox chemistry								65.1	1.7e-16	225	proteome_v1_exact	full_length	round1	GMO.00001050.v1.g096440.t1	confirmed	confirmed	strong_only	True	False	10	10	motif_1,motif_10,motif_2,motif_3,motif_4,motif_5,motif_6,motif_7,motif_8,motif_9	7.75e-28	1.0	true	1	all	6e-22	64.1	any_required	PF02798	1	1	complete	True	True	True	True	True	complete	True	True	retained
GMO.00001180.v1.g117650.t1	gst	Conjugation, transfer, and redox chemistry								64.8	2.1e-16	219	proteome_v1_exact	full_length	round1	GMO.00001180.v1.g117650.t1	confirmed	confirmed	strong_only	True	False	9	10	motif_1,motif_2,motif_3,motif_4,motif_5,motif_6,motif_7,motif_8,motif_9	1.31e-23	0.9	true	1	all	6.2e-22	64.1	any_required	PF02798	1	1	complete	True	True	True	True	True	complete	True	True	retained
GMO.00002253.v1.g378300.t1	gst	Conjugation, transfer, and redox chemistry								64.8	2.1e-16	223	proteome_v1_exact	full_length	round1	GMO.00002253.v1.g378300.t1	confirmed	confirmed	strong_only	True	False	5	10	motif_1,motif_2,motif_4,motif_6,motif_7	2.95e-17	0.5	true	1	all	8.200000000000001e-22	63.7	any_required	PF02798	1	1	complete	True	True	True	True	True	complete	True	True	retained
GMO.00002354.v1.g500180.t1	gst	Conjugation, transfer, and redox chemistry								64.8	2.1e-16	219	proteome_v1_exact	full_length	round1	GMO.00002354.v1.g500180.t1	confirmed	confirmed	strong_only	True	False	9	10	motif_1,motif_2,motif_3,motif_4,motif_5,motif_6,motif_7,motif_8,motif_9	1.31e-23	0.9	true	1	all	6.2e-22	64.1	any_required	PF02798	1	1	complete	True	True	True	True	True	complete	True	True	retained
GMO.00002603.v1.g632760.t1	gst	Conjugation, transfer, and redox chemistry								64.5	2.5e-16	230	proteome_v1_exact	full_length	round1	GMO.00002603.v1.g632760.t1	confirmed	confirmed	strong_only	True	False	10	10	motif_1,motif_10,motif_2,motif_3,motif_4,motif_5,motif_6,motif_7,motif_8,motif_9	5.1e-27	1.0	true	1	all	8.6e-22	63.6	any_required	PF02798	1	1	complete	True	True	True	True	True	complete	True	True	retained
GMO.00002534.v1.g606830.t1	gst	Conjugation, transfer, and redox chemistry								64.4	2.8e-16	231	proteome_v1_exact	full_length	round1	GMO.00002534.v1.g606830.t1	confirmed	confirmed	strong_only	True	False	9	10	motif_1,motif_2,motif_3,motif_4,motif_5,motif_6,motif_7,motif_8,motif_9	6.81e-29	0.9	true	1	all	8.300000000000001e-22	63.7	any_required	PF02798	1	1	complete	True	True	True	True	True	complete	True	True	retained
GMO.00002568.v1.g622150.t1	gst	Conjugation, transfer, and redox chemistry								64.4	2.7e-16	231	proteome_v1_exact	full_length	round1	GMO.00002568.v1.g622150.t1	confirmed	confirmed	strong_only	True	False	9	10	motif_1,motif_2,motif_3,motif_4,motif_5,motif_6,motif_7,motif_8,motif_9	6.81e-29	0.9	true	1	all	8.300000000000001e-22	63.7	any_required	PF02798	1	1	complete	True	True	True	True	True	complete	True	True	retained
GMO.00002523.v1.g603160.t1	gst	Conjugation, transfer, and redox chemistry								64.3	2.9e-16	225	proteome_v1_exact	full_length	round1	GMO.00002523.v1.g603160.t1	confirmed	confirmed	strong_only	True	False	10	10	motif_1,motif_10,motif_2,motif_3,motif_4,motif_5,motif_6,motif_7,motif_8,motif_9	3.5400000000000003e-26	1.0	true	1	all	1e-21	63.4	any_required	PF02798	1	1	complete	True	True	True	True	True	complete	True	True	retained
GMO.00002523.v1.g603170.t1	gst	Conjugation, transfer, and redox chemistry								64.3	3e-16	225	proteome_v1_exact	full_length	round1	GMO.00002523.v1.g603170.t1	confirmed	confirmed	strong_only	True	False	10	10	motif_1,motif_10,motif_2,motif_3,motif_4,motif_5,motif_6,motif_7,motif_8,motif_9	5.82e-28	1.0	true	1	all	1.1e-21	63.3	any_required	PF02798	1	1	complete	True	True	True	True	True	complete	True	True	retained
GMO.00000720.v1.g052220.t1	gst	Conjugation, transfer, and redox chemistry								64.1	3.5e-16	238	proteome_v1_exact	full_length	round1	GMO.00000720.v1.g052220.t1	partial	partial	strong_only	True	False	2	10	motif_1,motif_2	2.02e-19	0.2	true	1	all	1.2e-21	63.2	any_required	PF02798	1	1	complete	True	True	True	True	True	complete	True	True	retained
GMO.00002767.v1.g678310.t1	gst	Conjugation, transfer, and redox chemistry								64.0	3.7e-16	238	proteome_v1_exact	full_length	round1	GMO.00002767.v1.g678310.t1	partial	partial	strong_only	True	False	2	10	motif_1,motif_2	2.02e-19	0.2	true	1	all	1.2e-21	63.2	any_required	PF02798	1	1	complete	True	True	True	True	True	complete	True	True	retained
GMO.00002176.v1.g338050.t1	gst	Conjugation, transfer, and redox chemistry								63.7	4.8e-16	224	proteome_v1_exact	full_length	round1	GMO.00002176.v1.g338050.t1	confirmed	confirmed	strong_only	True	False	10	10	motif_1,motif_10,motif_2,motif_3,motif_4,motif_5,motif_6,motif_7,motif_8,motif_9	1.3199999999999999e-28	1.0	true	1	all	1.7e-21	62.6	any_required	PF02798	1	1	complete	True	True	True	True	True	complete	True	True	retained
GMO.00002291.v1.g445260.t1	gst	Conjugation, transfer, and redox chemistry								63.7	4.6e-16	232	proteome_v1_exact	full_length	round1	GMO.00002291.v1.g445260.t1	confirmed	confirmed	strong_only	True	False	8	10	motif_1,motif_2,motif_3,motif_4,motif_5,motif_6,motif_7,motif_8	3.55e-27	0.8	true	1	all	1.4e-21	62.9	any_required	PF02798	1	1	complete	True	True	True	True	True	complete	True	True	retained
GMO.00002695.v1.g660460.t1	gst	Conjugation, transfer, and redox chemistry								63.1	7.1e-16	224	proteome_v1_exact	full_length	round1	GMO.00002695.v1.g660460.t1	confirmed	confirmed	strong_only	True	False	9	10	motif_1,motif_2,motif_3,motif_4,motif_5,motif_6,motif_7,motif_8,motif_9	7.27e-27	0.9	true	1	all	2.1e-21	62.4	any_required	PF02798	1	1	complete	True	True	True	True	True	complete	True	True	retained
GMO.00000174.v1.g002290.t1	gst	Conjugation, transfer, and redox chemistry								62.0	1.6e-15	224	proteome_v1_exact	full_length	round1	GMO.00000174.v1.g002290.t1	confirmed	confirmed	strong_only	True	False	10	10	motif_1,motif_10,motif_2,motif_3,motif_4,motif_5,motif_6,motif_7,motif_8,motif_9	1.3199999999999999e-28	1.0	true	1	all	5.8e-21	61.0	any_required	PF02798	1	1	complete	True	True	True	True	True	complete	True	True	retained
GMO.00000697.v1.g048130.t1	gst	Conjugation, transfer, and redox chemistry								61.4	2.4e-15	232	proteome_v1_exact	full_length	round1	GMO.00000697.v1.g048130.t1	confirmed	confirmed	strong_only	True	False	8	10	motif_1,motif_2,motif_3,motif_4,motif_5,motif_6,motif_7,motif_8	5.04e-25	0.8	true	1	all	7.6e-21	60.6	any_required	PF02798	1	1	complete	True	True	True	True	True	complete	True	True	retained
GMO.00001050.v1.g096430.t1	gst	Conjugation, transfer, and redox chemistry								61.0	3.3e-15	225	proteome_v1_exact	full_length	round1	GMO.00001050.v1.g096430.t1	confirmed	confirmed	strong_only	True	False	10	10	motif_1,motif_10,motif_2,motif_3,motif_4,motif_5,motif_6,motif_7,motif_8,motif_9	8.83e-25	1.0	true	1	all	1.2e-20	60.0	any_required	PF02798	1	1	complete	True	True	True	True	True	complete	True	True	retained
GMO.00001573.v1.g199890.t1	gst	Conjugation, transfer, and redox chemistry								60.6	4.2e-15	228	proteome_v1_exact	full_length	round1	GMO.00001573.v1.g199890.t1	confirmed	confirmed	strong_only	True	False	10	10	motif_1,motif_10,motif_2,motif_3,motif_4,motif_5,motif_6,motif_7,motif_8,motif_9	1.14e-23	1.0	true	1	all	1.6e-20	59.6	any_required	PF02798	1	1	complete	True	True	True	True	True	complete	True	True	retained
GMO.00002336.v1.g487520.t1	gst	Conjugation, transfer, and redox chemistry								60.6	4.2e-15	228	proteome_v1_exact	full_length	round1	GMO.00002336.v1.g487520.t1	confirmed	confirmed	strong_only	True	False	10	10	motif_1,motif_10,motif_2,motif_3,motif_4,motif_5,motif_6,motif_7,motif_8,motif_9	1.14e-23	1.0	true	1	all	1.6e-20	59.6	any_required	PF02798	1	1	complete	True	True	True	True	True	complete	True	True	retained
GMO.00001490.v1.g184070.t1	gst	Conjugation, transfer, and redox chemistry								57.7	3.4e-14	230	proteome_v1_exact	full_length	round1	GMO.00001490.v1.g184070.t1	confirmed	confirmed	strong_only	True	False	10	10	motif_1,motif_10,motif_2,motif_3,motif_4,motif_5,motif_6,motif_7,motif_8,motif_9	6.64e-25	1.0	true	1	all	1.2e-19	56.8	any_required	PF02798	1	1	complete	True	True	True	True	True	complete	True	True	retained
GMO.00002253.v1.g372260.t1	gst	Conjugation, transfer, and redox chemistry								56.9	6.1e-14	418	proteome_v1_exact	full_length	round1	GMO.00002253.v1.g372260.t1	confirmed	confirmed	strong_only	True	False	7	10	motif_1,motif_3,motif_4,motif_5,motif_6,motif_8,motif_9	3.44e-18	0.7	true	1	all	3.5e-19	55.3	any_required	PF02798	1	1	complete	True	True	True	True	True	complete	True	True	retained
GMO.00001513.v1.g191250.t1	gst	Conjugation, transfer, and redox chemistry								56.8	6.7e-14	419	proteome_v1_exact	full_length	round1	GMO.00001513.v1.g191250.t1	confirmed	confirmed	strong_only	True	False	4	10	motif_1,motif_4,motif_5,motif_6	4.4e-18	0.4	true	1	all	2.9e-19	55.5	any_required	PF02798	1	1	complete	True	True	True	True	True	complete	True	True	retained
GMO.00002326.v1.g482460.t1	gst	Conjugation, transfer, and redox chemistry								56.8	6.8e-14	230	proteome_v1_exact	full_length	round1	GMO.00002326.v1.g482460.t1	confirmed	confirmed	strong_only	True	False	8	10	motif_1,motif_10,motif_2,motif_3,motif_4,motif_5,motif_6,motif_7	4.9e-26	0.8	true	1	all	1.8e-19	56.2	any_required	PF02798	1	1	complete	True	True	True	True	True	complete	True	True	retained
GMO.00002356.v1.g506090.t1	gst	Conjugation, transfer, and redox chemistry								56.8	6.7e-14	419	proteome_v1_exact	full_length	round1	GMO.00002356.v1.g506090.t1	confirmed	confirmed	strong_only	True	False	4	10	motif_1,motif_4,motif_5,motif_6	4.4e-18	0.4	true	1	all	2.9e-19	55.5	any_required	PF02798	1	1	complete	True	True	True	True	True	complete	True	True	retained
GMO.00002317.v1.g452520.t1	lf_synthase	Sulfur release and comparative reference architectures								73.0	8.8e-19	186	proteome_v1_exact	full_length	round1	GMO.00002317.v1.g452520.t1	confirmed	confirmed	strong_only	True	False	7	10	motif_1,motif_10,motif_2,motif_3,motif_5,motif_6,motif_9	9.519999999999999e-61	0.7	true	1	all	1.7999999999999997e-24	72.8	any_required	PF10604	1	1	complete	True	True	True	True	True	complete	True	True	retained
GMO.00002695.v1.g661350.t1	lf_synthase	Sulfur release and comparative reference architectures								73.0	8.8e-19	186	proteome_v1_exact	full_length	round1	GMO.00002695.v1.g661350.t1	confirmed	confirmed	strong_only	True	False	7	10	motif_1,motif_10,motif_2,motif_3,motif_5,motif_6,motif_9	9.519999999999999e-61	0.7	true	1	all	1.7999999999999997e-24	72.8	any_required	PF10604	1	1	complete	True	True	True	True	True	complete	True	True	retained
GMO.00001607.v1.g209960.t1	lf_synthase	Sulfur release and comparative reference architectures								70.7	4.3e-18	170	proteome_v1_exact	full_length	round1	GMO.00001607.v1.g209960.t1	confirmed	confirmed	strong_only	True	False	5	10	motif_2,motif_3,motif_4,motif_7,motif_8	3.31e-45	0.5	true	1	all	1.0000000000000001e-23	70.3	any_required	PF10604	1	1	complete	True	True	True	True	True	complete	True	True	retained
GMO.00001111.v1.g112310.t1	lf_synthase	Sulfur release and comparative reference architectures								69.8	8.3e-18	193	proteome_v1_exact	full_length	round1	GMO.00001111.v1.g112310.t1	confirmed	confirmed	strong_only	True	False	6	10	motif_1,motif_10,motif_2,motif_3,motif_5,motif_6	1.37e-55	0.6	true	1	all	1.7e-23	69.6	any_required	PF10604	1	1	complete	True	True	True	True	True	complete	True	True	retained
GMO.00000574.v1.g031970.t1	lf_synthase	Sulfur release and comparative reference architectures								69.2	1.2e-17	170	proteome_v1_exact	full_length	round1	GMO.00000574.v1.g031970.t1	confirmed	confirmed	strong_only	True	False	5	10	motif_2,motif_3,motif_4,motif_7,motif_8	3.31e-45	0.5	true	1	all	2.8000000000000003e-23	68.9	any_required	PF10604	1	1	complete	True	True	True	True	True	complete	True	True	retained
GMO.00000574.v1.g027720.t1	lf_synthase	Sulfur release and comparative reference architectures								67.9	3.2e-17	205	proteome_v1_exact	full_length	round1	GMO.00000574.v1.g027720.t1	confirmed	confirmed	strong_only	True	False	6	10	motif_1,motif_2,motif_3,motif_4,motif_5,motif_6	9.77e-58	0.6	true	1	all	6.6e-23	67.7	any_required	PF10604	1	1	complete	True	True	True	True	True	complete	True	True	retained
GMO.00002345.v1.g494660.t1	lf_synthase	Sulfur release and comparative reference architectures								67.9	3.2e-17	205	proteome_v1_exact	full_length	round1	GMO.00002345.v1.g494660.t1	confirmed	confirmed	strong_only	True	False	6	10	motif_1,motif_2,motif_3,motif_4,motif_5,motif_6	9.77e-58	0.6	true	1	all	6.6e-23	67.7	any_required	PF10604	1	1	complete	True	True	True	True	True	complete	True	True	retained
GMO.00002253.v1.g383580.t1	lf_synthase	Sulfur release and comparative reference architectures								62.8	1.2e-15	173	proteome_v1_exact	full_length	round1	GMO.00002253.v1.g383580.t1	confirmed	confirmed	strong_only	True	False	4	10	motif_2,motif_3,motif_4,motif_8	1.76e-35	0.4	true	1	all	2.8e-21	62.4	any_required	PF10604	1	1	complete	True	True	True	True	True	complete	True	True	retained
GMO.00002216.v1.g345800.t1	lox	Oxylipin and volatile-product chemistry								1075.9	0.0	861	proteome_v1_exact	full_length	round1	GMO.00002216.v1.g345800.t1	confirmed	confirmed	strong_only	True	False	10	10	motif_1,motif_10,motif_2,motif_3,motif_4,motif_5,motif_6,motif_7,motif_8,motif_9	3.47e-58	1.0	true	2	both	0.0	1151.9	all_required	PF00305,PF01477	2	2	complete	True	True	True	True	True	complete	True	True	retained
GMO.00001513.v1.g189860.t1	lox	Oxylipin and volatile-product chemistry								1069.4	0.0	917	proteome_v1_exact	full_length	round1	GMO.00001513.v1.g189860.t1	confirmed	confirmed	strong_only	True	False	10	10	motif_1,motif_10,motif_2,motif_3,motif_4,motif_5,motif_6,motif_7,motif_8,motif_9	7.4e-64	1.0	true	2	both	0.0	1106.2	all_required	PF00305,PF01477	2	2	complete	True	True	True	True	True	complete	True	True	retained
GMO.00002356.v1.g504640.t1	lox	Oxylipin and volatile-product chemistry								1069.0	0.0	917	proteome_v1_exact	full_length	round1	GMO.00002356.v1.g504640.t1	confirmed	confirmed	strong_only	True	False	10	10	motif_1,motif_10,motif_2,motif_3,motif_4,motif_5,motif_6,motif_7,motif_8,motif_9	7.4e-64	1.0	true	2	both	0.0	1107.2	all_required	PF00305,PF01477	2	2	complete	True	True	True	True	True	complete	True	True	retained
GMO.00002216.v1.g345670.t1	lox	Oxylipin and volatile-product chemistry								1059.5	1.7e-317	956	proteome_v1_exact	full_length	round1	GMO.00002216.v1.g345670.t1	confirmed	confirmed	strong_only	True	False	10	10	motif_1,motif_10,motif_2,motif_3,motif_4,motif_5,motif_6,motif_7,motif_8,motif_9	9.45e-56	1.0	true	2	both	0.0	1136.4	all_required	PF00305,PF01477	2	2	complete	True	True	True	True	True	complete	True	True	retained
GMO.00002216.v1.g345790.t1	lox	Oxylipin and volatile-product chemistry								1058.1	4.8e-317	872	proteome_v1_exact	full_length	round1	GMO.00002216.v1.g345790.t1	confirmed	confirmed	strong_only	True	False	10	10	motif_1,motif_10,motif_2,motif_3,motif_4,motif_5,motif_6,motif_7,motif_8,motif_9	2.75e-59	1.0	true	2	both	0.0	1128.0	all_required	PF00305,PF01477	2	2	complete	True	True	True	True	True	complete	True	True	retained
GMO.00001513.v1.g189850.t1	lox	Oxylipin and volatile-product chemistry								1057.9	5e-317	907	proteome_v1_exact	full_length	round1	GMO.00001513.v1.g189850.t1	confirmed	confirmed	strong_only	True	False	10	10	motif_1,motif_10,motif_2,motif_3,motif_4,motif_5,motif_6,motif_7,motif_8,motif_9	4.79e-61	1.0	true	2	both	0.0	1093.3	all_required	PF00305,PF01477	2	2	complete	True	True	True	True	True	complete	True	True	retained
GMO.00002356.v1.g504630.t1	lox	Oxylipin and volatile-product chemistry								1057.9	5e-317	909	proteome_v1_exact	full_length	round1	GMO.00002356.v1.g504630.t1	confirmed	confirmed	strong_only	True	False	10	10	motif_1,motif_10,motif_2,motif_3,motif_4,motif_5,motif_6,motif_7,motif_8,motif_9	4.79e-61	1.0	true	2	both	0.0	1093.3	all_required	PF00305,PF01477	2	2	complete	True	True	True	True	True	complete	True	True	retained
GMO.00002216.v1.g345780.t1	lox	Oxylipin and volatile-product chemistry								1054.2	6.7e-316	803	proteome_v1_exact	full_length	round1	GMO.00002216.v1.g345780.t1	confirmed	confirmed	strong_only	True	False	10	10	motif_1,motif_10,motif_2,motif_3,motif_4,motif_5,motif_6,motif_7,motif_8,motif_9	8.19e-60	1.0	true	2	both	0.0	1114.7	all_required	PF00305,PF01477	2	2	complete	True	True	True	True	True	complete	True	True	retained
GMO.00001513.v1.g189840.t1	lox	Oxylipin and volatile-product chemistry								1052.8	1.8e-315	931	proteome_v1_exact	full_length	round1	GMO.00001513.v1.g189840.t1	confirmed	confirmed	strong_only	True	False	10	10	motif_1,motif_10,motif_2,motif_3,motif_4,motif_5,motif_6,motif_7,motif_8,motif_9	7.189999999999999e-61	1.0	true	2	both	0.0	1093.9	all_required	PF00305,PF01477	2	2	complete	True	True	True	True	True	complete	True	True	retained
GMO.00001016.v1.g092500.t1	lox	Oxylipin and volatile-product chemistry								1052.4	2.5e-315	860	proteome_v1_exact	full_length	round1	GMO.00001016.v1.g092500.t1	confirmed	confirmed	strong_only	True	False	10	10	motif_1,motif_10,motif_2,motif_3,motif_4,motif_5,motif_6,motif_7,motif_8,motif_9	1.1500000000000001e-58	1.0	true	2	both	0.0	1112.8	all_required	PF00305,PF01477	2	2	complete	True	True	True	True	True	complete	True	True	retained
GMO.00002516.v1.g581300.t1	lox	Oxylipin and volatile-product chemistry								1051.9	3.5e-315	860	proteome_v1_exact	full_length	round1	GMO.00002516.v1.g581300.t1	confirmed	confirmed	strong_only	True	False	10	10	motif_1,motif_10,motif_2,motif_3,motif_4,motif_5,motif_6,motif_7,motif_8,motif_9	1.1500000000000001e-58	1.0	true	2	both	0.0	1112.3	all_required	PF00305,PF01477	2	2	complete	True	True	True	True	True	complete	True	True	retained
GMO.00002356.v1.g504770.t1	lox	Oxylipin and volatile-product chemistry								1051.5	4.6e-315	923	proteome_v1_exact	full_length	round1	GMO.00002356.v1.g504770.t1	confirmed	confirmed	strong_only	True	False	10	10	motif_1,motif_10,motif_2,motif_3,motif_4,motif_5,motif_6,motif_7,motif_8,motif_9	1.72e-57	1.0	true	2	both	0.0	1087.9	all_required	PF00305,PF01477	2	2	complete	True	True	True	True	True	complete	True	True	retained
GMO.00001513.v1.g189890.t1	lox	Oxylipin and volatile-product chemistry								1051.0	6.2e-315	923	proteome_v1_exact	full_length	round1	GMO.00001513.v1.g189890.t1	confirmed	confirmed	strong_only	True	False	10	10	motif_1,motif_10,motif_2,motif_3,motif_4,motif_5,motif_6,motif_7,motif_8,motif_9	1.6e-58	1.0	true	2	both	0.0	1087.5	all_required	PF00305,PF01477	2	2	complete	True	True	True	True	True	complete	True	True	retained
GMO.00000571.v1.g025000.t1	lox	Oxylipin and volatile-product chemistry								1046.0	2.1e-313	936	proteome_v1_exact	full_length	round1	GMO.00000571.v1.g025000.t1	confirmed	confirmed	strong_only	True	False	10	10	motif_1,motif_10,motif_2,motif_3,motif_4,motif_5,motif_6,motif_7,motif_8,motif_9	7.730000000000002e-57	1.0	true	2	both	0.0	1068.4	all_required	PF00305,PF01477	2	2	complete	True	True	True	True	True	complete	True	True	retained
GMO.00002325.v1.g479150.t1	lox	Oxylipin and volatile-product chemistry								1046.0	2.1e-313	936	proteome_v1_exact	full_length	round1	GMO.00002325.v1.g479150.t1	confirmed	confirmed	strong_only	True	False	10	10	motif_1,motif_10,motif_2,motif_3,motif_4,motif_5,motif_6,motif_7,motif_8,motif_9	7.730000000000002e-57	1.0	true	2	both	0.0	1068.4	all_required	PF00305,PF01477	2	2	complete	True	True	True	True	True	complete	True	True	retained
GMO.00002176.v1.g331990.t1	lox	Oxylipin and volatile-product chemistry								1044.0	8.2e-313	873	proteome_v1_exact	full_length	round1	GMO.00002176.v1.g331990.t1	confirmed	confirmed	strong_only	True	False	10	10	motif_1,motif_10,motif_2,motif_3,motif_4,motif_5,motif_6,motif_7,motif_8,motif_9	1.9199999999999998e-60	1.0	true	2	both	0.0	1120.6	all_required	PF00305,PF01477	2	2	complete	True	True	True	True	True	complete	True	True	retained
GMO.00002216.v1.g345680.t1	lox	Oxylipin and volatile-product chemistry								1041.4	5.1e-312	849	proteome_v1_exact	full_length	round1	GMO.00002216.v1.g345680.t1	confirmed	confirmed	strong_only	True	False	10	10	motif_1,motif_10,motif_2,motif_3,motif_4,motif_5,motif_6,motif_7,motif_8,motif_9	3.460000000000001e-56	1.0	true	2	both	0.0	1096.1	all_required	PF00305,PF01477	2	2	complete	True	True	True	True	True	complete	True	True	retained
GMO.00002319.v1.g466540.t1	lox	Oxylipin and volatile-product chemistry								1039.4	2.1e-311	932	proteome_v1_exact	full_length	round1	GMO.00002319.v1.g466540.t1	confirmed	confirmed	strong_only	True	False	10	10	motif_1,motif_10,motif_2,motif_3,motif_4,motif_5,motif_6,motif_7,motif_8,motif_9	1.23e-53	1.0	true	2	both	0.0	1091.0	all_required	PF00305,PF01477	2	2	complete	True	True	True	True	True	complete	True	True	retained
GMO.00002415.v1.g519410.t1	lox	Oxylipin and volatile-product chemistry								1039.4	2.1e-311	932	proteome_v1_exact	full_length	round1	GMO.00002415.v1.g519410.t1	confirmed	confirmed	strong_only	True	False	10	10	motif_1,motif_10,motif_2,motif_3,motif_4,motif_5,motif_6,motif_7,motif_8,motif_9	1.23e-53	1.0	true	2	both	0.0	1091.0	all_required	PF00305,PF01477	2	2	complete	True	True	True	True	True	complete	True	True	retained
GMO.00002216.v1.g362160.t1	lox	Oxylipin and volatile-product chemistry								1035.9	2.4e-310	876	proteome_v1_exact	full_length	round1	GMO.00002216.v1.g362160.t1	confirmed	confirmed	strong_only	True	False	10	10	motif_1,motif_10,motif_2,motif_3,motif_4,motif_5,motif_6,motif_7,motif_8,motif_9	2.69e-59	1.0	true	2	both	0.0	1102.7	all_required	PF00305,PF01477	2	2	complete	True	True	True	True	True	complete	True	True	retained
GMO.00002176.v1.g311800.t1	lox	Oxylipin and volatile-product chemistry								1035.6	3e-310	869	proteome_v1_exact	full_length	round1	GMO.00002176.v1.g311800.t1	confirmed	confirmed	strong_only	True	False	10	10	motif_1,motif_10,motif_2,motif_3,motif_4,motif_5,motif_6,motif_7,motif_8,motif_9	6.430000000000002e-59	1.0	true	2	both	0.0	1104.9	all_required	PF00305,PF01477	2	2	complete	True	True	True	True	True	complete	True	True	retained
GMO.00002226.v1.g367190.t1	lox	Oxylipin and volatile-product chemistry								1035.5	3.2e-310	876	proteome_v1_exact	full_length	round1	GMO.00002226.v1.g367190.t1	confirmed	confirmed	strong_only	True	False	10	10	motif_1,motif_10,motif_2,motif_3,motif_4,motif_5,motif_6,motif_7,motif_8,motif_9	2.69e-59	1.0	true	2	both	0.0	1102.2	all_required	PF00305,PF01477	2	2	complete	True	True	True	True	True	complete	True	True	retained
GMO.00001513.v1.g189910.t1	lox	Oxylipin and volatile-product chemistry								1034.6	6.1e-310	929	proteome_v1_exact	full_length	round1	GMO.00001513.v1.g189910.t1	confirmed	confirmed	strong_only	True	False	10	10	motif_1,motif_10,motif_2,motif_3,motif_4,motif_5,motif_6,motif_7,motif_8,motif_9	5.17e-61	1.0	true	2	both	0.0	1061.0	all_required	PF00305,PF01477	2	2	complete	True	True	True	True	True	complete	True	True	retained
GMO.00002356.v1.g504750.t1	lox	Oxylipin and volatile-product chemistry								1029.5	2.1e-308	929	proteome_v1_exact	full_length	round1	GMO.00002356.v1.g504750.t1	confirmed	confirmed	strong_only	True	False	10	10	motif_1,motif_10,motif_2,motif_3,motif_4,motif_5,motif_6,motif_7,motif_8,motif_9	5.17e-61	1.0	true	2	both	0.0	1060.2	all_required	PF00305,PF01477	2	2	complete	True	True	True	True	True	complete	True	True	retained
GMO.00001513.v1.g189920.t1	lox	Oxylipin and volatile-product chemistry								1003.4	1.6999999999999998e-300	927	proteome_v1_exact	full_length	round1	GMO.00001513.v1.g189920.t1	confirmed	confirmed	strong_only	True	False	10	10	motif_1,motif_10,motif_2,motif_3,motif_4,motif_5,motif_6,motif_7,motif_8,motif_9	5.24e-61	1.0	true	2	both	7.3e-306	1023.7	all_required	PF00305,PF01477	2	2	complete	True	True	True	True	True	complete	True	True	retained
GMO.00002356.v1.g504740.t1	lox	Oxylipin and volatile-product chemistry								1001.3	7.1e-300	929	proteome_v1_exact	full_length	round1	GMO.00002356.v1.g504740.t1	confirmed	confirmed	strong_only	True	False	10	10	motif_1,motif_10,motif_2,motif_3,motif_4,motif_5,motif_6,motif_7,motif_8,motif_9	5.24e-61	1.0	true	2	both	3.1e-305	1021.5	all_required	PF00305,PF01477	2	2	complete	True	True	True	True	True	complete	True	True	retained
GMO.00001513.v1.g189930.t1	lox	Oxylipin and volatile-product chemistry								993.9	1.2e-297	929	proteome_v1_exact	full_length	round1	GMO.00001513.v1.g189930.t1	confirmed	confirmed	strong_only	True	False	10	10	motif_1,motif_10,motif_2,motif_3,motif_4,motif_5,motif_6,motif_7,motif_8,motif_9	1.75e-59	1.0	true	2	both	5.3000000000000006e-303	1014.7	all_required	PF00305,PF01477	2	2	complete	True	True	True	True	True	complete	True	True	retained
GMO.00002356.v1.g504730.t1	lox	Oxylipin and volatile-product chemistry								993.1	2.2000000000000002e-297	927	proteome_v1_exact	full_length	round1	GMO.00002356.v1.g504730.t1	confirmed	confirmed	strong_only	True	False	10	10	motif_1,motif_10,motif_2,motif_3,motif_4,motif_5,motif_6,motif_7,motif_8,motif_9	1.75e-59	1.0	true	2	both	9.6e-303	1012.6	all_required	PF00305,PF01477	2	2	complete	True	True	True	True	True	complete	True	True	retained
GMO.00002356.v1.g504600.t1	lox	Oxylipin and volatile-product chemistry								882.1	8.5e-264	580	proteome_v1_exact	full_length	round1	GMO.00002356.v1.g504600.t1	confirmed	confirmed	strong_only	True	False	9	10	motif_1,motif_10,motif_2,motif_3,motif_4,motif_6,motif_7,motif_8,motif_9	7.189999999999999e-61	0.9	true	1	PF00305	3.4e-269	881.9	all_required	PF00305,PF01477	2	1	partial	False	True	True	True	False	partial	True	False	removed_incomplete_expected_domain_architecture
GMO.00002218.v1.g365940.t1	lox	Oxylipin and volatile-product chemistry								799.4	8.9e-239	841	proteome_v1_exact	full_length	round1	GMO.00002218.v1.g365940.t1	confirmed	confirmed	strong_only	True	False	10	10	motif_1,motif_10,motif_2,motif_3,motif_4,motif_5,motif_6,motif_7,motif_8,motif_9	9.29e-56	1.0	true	2	both	1.3e-215	742.3	all_required	PF00305,PF01477	2	2	complete	True	True	True	True	True	complete	True	True	retained
GMO.00000789.v1.g067900.t1	lox	Oxylipin and volatile-product chemistry								414.6	2.5e-122	274	proteome_v1_exact	full_length	round1	GMO.00000789.v1.g067900.t1	confirmed	confirmed	strong_only	True	False	5	10	motif_2,motif_3,motif_6,motif_7,motif_8	2.36e-54	0.5	true	1	PF00305	9.9e-128	414.4	all_required	PF00305,PF01477	2	1	partial	False	True	True	True	False	partial	True	False	removed_incomplete_expected_domain_architecture
GMO.00002176.v1.g311790.t2	lox	Oxylipin and volatile-product chemistry								211.0	9.899999999999999e-61	171	proteome_v1_exact	full_length	round1	GMO.00002176.v1.g311790.t2	confirmed	confirmed	strong_only	True	False	3	10	motif_2,motif_6,motif_7	2.47e-49	0.3	true	1	PF00305	3.9e-66	210.9	all_required	PF00305,PF01477	2	1	partial	False	True	True	True	False	partial	True	False	removed_incomplete_expected_domain_architecture
GMO.00002176.v1.g311810.t1	lox	Oxylipin and volatile-product chemistry								210.8	1.2e-60	171	proteome_v1_exact	full_length	round1	GMO.00002176.v1.g311810.t1	confirmed	confirmed	strong_only	True	False	3	10	motif_2,motif_6,motif_7	3.94e-55	0.3	true	1	PF00305	4.6e-66	210.6	all_required	PF00305,PF01477	2	1	partial	False	True	True	True	False	partial	True	False	removed_incomplete_expected_domain_architecture
GMO.00002787.v1.g684210.t2	lox	Oxylipin and volatile-product chemistry								173.2	2.7e-49	167	proteome_v1_exact	full_length	round1	GMO.00002787.v1.g684210.t2	confirmed	confirmed	strong_only	True	False	3	10	motif_2,motif_6,motif_7	5.15e-51	0.3	true	1	PF00305	1.1e-54	173.0	all_required	PF00305,PF01477	2	1	partial	False	True	True	True	False	partial	True	False	removed_incomplete_expected_domain_architecture
GMO.00002356.v1.g504590.t1	lox	Oxylipin and volatile-product chemistry								118.8	8e-33	337	proteome_v1_exact	full_length	round1	GMO.00002356.v1.g504590.t1	partial	partial	strong_only	True	False	1	10	motif_5	6.75e-53	0.1	true	2	both	3.7e-38	161.8	all_required	PF00305,PF01477	2	2	complete	True	True	True	True	True	complete	True	True	retained
GMO.00001695.v1.g225230.t1	mgl	Sulfur release and comparative reference architectures	CBL,CGS,CSCBL_like,MGL_artocarpus,MGL_cannabis,MGL_durio	plp_pf01053	phylogeny_nearest_reference	resolved	A0A803PP87	MGL	5.0086e-06	285.6	1.3e-83	448	proteome_v1_exact	full_length	round2	GMO.00001695.v1.g225230.t1	confirmed	confirmed	strong_plus_weaker	True	False	10	10	motif_1,motif_10,motif_2,motif_3,motif_4,motif_5,motif_6,motif_7,motif_8,motif_9	2.3400000000000002e-65	1.0	false											True	True	True	True		True	True	retained_by_default_no_configured_domain_rule
GMO.00002556.v1.g618800.t1	mgl	Sulfur release and comparative reference architectures	CBL,CGS,CSCBL_like,MGL_artocarpus,MGL_cannabis,MGL_durio	plp_pf01053	phylogeny_nearest_reference	resolved	A0A803PP87	MGL	0.0	285.6	1.3e-83	448	proteome_v1_exact	full_length	round2	GMO.00002556.v1.g618800.t1	confirmed	confirmed	strong_plus_weaker	True	False	10	10	motif_1,motif_10,motif_2,motif_3,motif_4,motif_5,motif_6,motif_7,motif_8,motif_9	2.3400000000000002e-65	1.0	false											True	True	True	True		True	True	retained_by_default_no_configured_domain_rule
GMO.00002319.v1.g469810.t1	myrosinase	Sulfur release and comparative reference architectures								990.0	3.6e-297	1057	proteome_v1_exact	full_length	round1	GMO.00002319.v1.g469810.t1	confirmed	confirmed	strong_only	True	False	10	10	motif_1,motif_10,motif_2,motif_3,motif_4,motif_5,motif_6,motif_7,motif_8,motif_9	1.19e-49	1.0	true	1	all	2.6e-159	516.6	any_required	PF00232	1	1	complete	True	True	True	True	True	complete	True	True	retained
GMO.00001343.v1.g163370.t1	myrosinase	Sulfur release and comparative reference architectures								571.0	4.5e-170	495	proteome_v1_exact	full_length	round1	GMO.00001343.v1.g163370.t1	confirmed	confirmed	strong_only	True	False	10	10	motif_1,motif_10,motif_2,motif_3,motif_4,motif_5,motif_6,motif_7,motif_8,motif_9	6.219999999999999e-48	1.0	true	1	all	9.8e-176	570.7	any_required	PF00232	1	1	complete	True	True	True	True	True	complete	True	True	retained
GMO.00001385.v1.g171830.t1	myrosinase	Sulfur release and comparative reference architectures								571.0	4.5e-170	495	proteome_v1_exact	full_length	round1	GMO.00001385.v1.g171830.t1	confirmed	confirmed	strong_only	True	False	10	10	motif_1,motif_10,motif_2,motif_3,motif_4,motif_5,motif_6,motif_7,motif_8,motif_9	6.219999999999999e-48	1.0	true	1	all	9.8e-176	570.7	any_required	PF00232	1	1	complete	True	True	True	True	True	complete	True	True	retained
GMO.00002275.v1.g403640.t1	myrosinase	Sulfur release and comparative reference architectures								555.1	3.1e-165	500	proteome_v1_exact	full_length	round1	GMO.00002275.v1.g403640.t1	confirmed	confirmed	strong_only	True	False	10	10	motif_1,motif_10,motif_2,motif_3,motif_4,motif_5,motif_6,motif_7,motif_8,motif_9	5.28e-50	1.0	true	1	all	6.199999999999999e-171	554.9	any_required	PF00232	1	1	complete	True	True	True	True	True	complete	True	True	retained
GMO.00000537.v1.g020960.t1	myrosinase	Sulfur release and comparative reference architectures								552.4	2e-164	500	proteome_v1_exact	full_length	round1	GMO.00000537.v1.g020960.t1	confirmed	confirmed	strong_only	True	False	10	10	motif_1,motif_10,motif_2,motif_3,motif_4,motif_5,motif_6,motif_7,motif_8,motif_9	3.49e-49	1.0	true	1	all	4e-170	552.2	any_required	PF00232	1	1	complete	True	True	True	True	True	complete	True	True	retained
GMO.00002356.v1.g504710.t2	myrosinase	Sulfur release and comparative reference architectures								541.8	3.3000000000000002e-161	484	proteome_v1_exact	full_length	round1	GMO.00002356.v1.g504710.t2	confirmed	confirmed	strong_only	True	False	10	10	motif_1,motif_10,motif_2,motif_3,motif_4,motif_5,motif_6,motif_7,motif_8,motif_9	1.93e-49	1.0	true	1	all	6.900000000000001e-167	541.6	any_required	PF00232	1	1	complete	True	True	True	True	True	complete	True	True	retained
GMO.00001513.v1.g189950.t1	myrosinase	Sulfur release and comparative reference architectures								541.2	5e-161	528	proteome_v1_exact	full_length	round1	GMO.00001513.v1.g189950.t1	confirmed	confirmed	strong_only	True	False	10	10	motif_1,motif_10,motif_2,motif_3,motif_4,motif_5,motif_6,motif_7,motif_8,motif_9	1.93e-49	1.0	true	1	all	1.0999999999999999e-166	540.9	any_required	PF00232	1	1	complete	True	True	True	True	True	complete	True	True	retained
GMO.00001050.v1.g096410.t2	myrosinase	Sulfur release and comparative reference architectures								534.4	6e-159	507	proteome_v1_exact	full_length	round1	GMO.00001050.v1.g096410.t2	confirmed	confirmed	strong_only	True	False	10	10	motif_1,motif_10,motif_2,motif_3,motif_4,motif_5,motif_6,motif_7,motif_8,motif_9	4.73e-52	1.0	true	1	all	1.2000000000000001e-164	534.2	any_required	PF00232	1	1	complete	True	True	True	True	True	complete	True	True	retained
GMO.00002523.v1.g603190.t1	myrosinase	Sulfur release and comparative reference architectures								533.8	8.7e-159	517	proteome_v1_exact	full_length	round1	GMO.00002523.v1.g603190.t1	confirmed	confirmed	strong_only	True	False	10	10	motif_1,motif_10,motif_2,motif_3,motif_4,motif_5,motif_6,motif_7,motif_8,motif_9	4.73e-52	1.0	true	1	all	1.7000000000000002e-164	533.6	any_required	PF00232	1	1	complete	True	True	True	True	True	complete	True	True	retained
GMO.00001856.v1.g257650.t1	myrosinase	Sulfur release and comparative reference architectures								526.9	1.1e-156	509	proteome_v1_exact	full_length	round1	GMO.00001856.v1.g257650.t1	confirmed	confirmed	strong_only	True	False	10	10	motif_1,motif_10,motif_2,motif_3,motif_4,motif_5,motif_6,motif_7,motif_8,motif_9	9.37e-49	1.0	true	1	all	2.2000000000000002e-162	526.7	any_required	PF00232	1	1	complete	True	True	True	True	True	complete	True	True	retained
GMO.00002277.v1.g422660.t1	myrosinase	Sulfur release and comparative reference architectures								525.8	2.3e-156	509	proteome_v1_exact	full_length	round1	GMO.00002277.v1.g422660.t1	confirmed	confirmed	strong_only	True	False	10	10	motif_1,motif_10,motif_2,motif_3,motif_4,motif_5,motif_6,motif_7,motif_8,motif_9	1.77e-48	1.0	true	1	all	4.7e-162	525.6	any_required	PF00232	1	1	complete	True	True	True	True	True	complete	True	True	retained
GMO.00001050.v1.g096390.t2	myrosinase	Sulfur release and comparative reference architectures								525.7	2.6e-156	511	proteome_v1_exact	full_length	round1	GMO.00001050.v1.g096390.t2	confirmed	confirmed	strong_only	True	False	10	10	motif_1,motif_10,motif_2,motif_3,motif_4,motif_5,motif_6,motif_7,motif_8,motif_9	1.94e-50	1.0	true	1	all	5.100000000000001e-162	525.5	any_required	PF00232	1	1	complete	True	True	True	True	True	complete	True	True	retained
GMO.00002523.v1.g603210.t2	myrosinase	Sulfur release and comparative reference architectures								524.7	5.3e-156	511	proteome_v1_exact	full_length	round1	GMO.00002523.v1.g603210.t2	confirmed	confirmed	strong_only	True	False	10	10	motif_1,motif_10,motif_2,motif_3,motif_4,motif_5,motif_6,motif_7,motif_8,motif_9	5.94e-51	1.0	true	1	all	1.1e-161	524.5	any_required	PF00232	1	1	complete	True	True	True	True	True	complete	True	True	retained
GMO.00000827.v1.g069880.t1	myrosinase	Sulfur release and comparative reference architectures								524.4	6.200000000000001e-156	497	proteome_v1_exact	full_length	round1	GMO.00000827.v1.g069880.t1	confirmed	confirmed	strong_only	True	False	10	10	motif_1,motif_10,motif_2,motif_3,motif_4,motif_5,motif_6,motif_7,motif_8,motif_9	4.19e-40	1.0	true	1	all	1.4000000000000002e-161	524.0	any_required	PF00232	1	1	complete	True	True	True	True	True	complete	True	True	retained
GMO.00002523.v1.g603200.t2	myrosinase	Sulfur release and comparative reference architectures								523.6	1.1e-155	499	proteome_v1_exact	full_length	round1	GMO.00002523.v1.g603200.t2	confirmed	confirmed	strong_only	True	False	10	10	motif_1,motif_10,motif_2,motif_3,motif_4,motif_5,motif_6,motif_7,motif_8,motif_9	7.51e-53	1.0	true	1	all	2.3e-161	523.4	any_required	PF00232	1	1	complete	True	True	True	True	True	complete	True	True	retained
GMO.00001050.v1.g096400.t2	myrosinase	Sulfur release and comparative reference architectures								523.5	1.1e-155	499	proteome_v1_exact	full_length	round1	GMO.00001050.v1.g096400.t2	confirmed	confirmed	strong_only	True	False	10	10	motif_1,motif_10,motif_2,motif_3,motif_4,motif_5,motif_6,motif_7,motif_8,motif_9	7.51e-53	1.0	true	1	all	2.3e-161	523.4	any_required	PF00232	1	1	complete	True	True	True	True	True	complete	True	True	retained
GMO.00002356.v1.g504720.t3	myrosinase	Sulfur release and comparative reference architectures								521.9	3.6e-155	524	proteome_v1_exact	full_length	round1	GMO.00002356.v1.g504720.t3	confirmed	confirmed	strong_only	True	False	10	10	motif_1,motif_10,motif_2,motif_3,motif_4,motif_5,motif_6,motif_7,motif_8,motif_9	2.4100000000000002e-49	1.0	true	1	all	7.2e-161	521.7	any_required	PF00232	1	1	complete	True	True	True	True	True	complete	True	True	retained
GMO.00001513.v1.g189940.t1	myrosinase	Sulfur release and comparative reference architectures								521.7	4.1e-155	528	proteome_v1_exact	full_length	round1	GMO.00001513.v1.g189940.t1	confirmed	confirmed	strong_only	True	False	10	10	motif_1,motif_10,motif_2,motif_3,motif_4,motif_5,motif_6,motif_7,motif_8,motif_9	2.4100000000000002e-49	1.0	true	1	all	8.200000000000001e-161	521.5	any_required	PF00232	1	1	complete	True	True	True	True	True	complete	True	True	retained
GMO.00000827.v1.g069860.t2	myrosinase	Sulfur release and comparative reference architectures								521.5	4.8e-155	510	proteome_v1_exact	full_length	round1	GMO.00000827.v1.g069860.t2	confirmed	confirmed	strong_only	True	False	10	10	motif_1,motif_10,motif_2,motif_3,motif_4,motif_5,motif_6,motif_7,motif_8,motif_9	1.19e-49	1.0	true	1	all	1e-160	521.2	any_required	PF00232	1	1	complete	True	True	True	True	True	complete	True	True	retained
GMO.00002277.v1.g413260.t1	myrosinase	Sulfur release and comparative reference architectures								518.0	5.4e-154	508	proteome_v1_exact	full_length	round1	GMO.00002277.v1.g413260.t1	confirmed	confirmed	strong_only	True	False	10	10	motif_1,motif_10,motif_2,motif_3,motif_4,motif_5,motif_6,motif_7,motif_8,motif_9	5.88e-53	1.0	true	1	all	1.2e-159	517.7	any_required	PF00232	1	1	complete	True	True	True	True	True	complete	True	True	retained
GMO.00002176.v1.g312690.t1	myrosinase	Sulfur release and comparative reference architectures								513.1	1.7e-152	517	proteome_v1_exact	full_length	round1	GMO.00002176.v1.g312690.t1	confirmed	confirmed	strong_only	True	False	10	10	motif_1,motif_10,motif_2,motif_3,motif_4,motif_5,motif_6,motif_7,motif_8,motif_9	1.07e-44	1.0	true	1	all	3.4000000000000003e-158	512.9	any_required	PF00232	1	1	complete	True	True	True	True	True	complete	True	True	retained
GMO.00001527.v1.g192460.t1	myrosinase	Sulfur release and comparative reference architectures								512.5	2.6e-152	509	proteome_v1_exact	full_length	round1	GMO.00001527.v1.g192460.t1	confirmed	confirmed	strong_only	True	False	10	10	motif_1,motif_10,motif_2,motif_3,motif_4,motif_5,motif_6,motif_7,motif_8,motif_9	9.42e-52	1.0	true	1	all	5.6e-158	512.2	any_required	PF00232	1	1	complete	True	True	True	True	True	complete	True	True	retained
GMO.00002277.v1.g413310.t1	myrosinase	Sulfur release and comparative reference architectures								512.3	3e-152	509	proteome_v1_exact	full_length	round1	GMO.00002277.v1.g413310.t1	confirmed	confirmed	strong_only	True	False	10	10	motif_1,motif_10,motif_2,motif_3,motif_4,motif_5,motif_6,motif_7,motif_8,motif_9	9.42e-52	1.0	true	1	all	6.5000000000000005e-158	512.0	any_required	PF00232	1	1	complete	True	True	True	True	True	complete	True	True	retained
GMO.00001527.v1.g192620.t1	myrosinase	Sulfur release and comparative reference architectures								511.7	4.5e-152	508	proteome_v1_exact	full_length	round1	GMO.00001527.v1.g192620.t1	confirmed	confirmed	strong_only	True	False	10	10	motif_1,motif_10,motif_2,motif_3,motif_4,motif_5,motif_6,motif_7,motif_8,motif_9	1.04e-48	1.0	true	1	all	1e-157	511.4	any_required	PF00232	1	1	complete	True	True	True	True	True	complete	True	True	retained
GMO.00001050.v1.g096380.t1	myrosinase	Sulfur release and comparative reference architectures								502.5	2.7e-149	481	proteome_v1_exact	full_length	round1	GMO.00001050.v1.g096380.t1	confirmed	confirmed	strong_only	True	False	10	10	motif_1,motif_10,motif_2,motif_3,motif_4,motif_5,motif_6,motif_7,motif_8,motif_9	4.01e-45	1.0	true	1	all	5.4000000000000004e-155	502.4	any_required	PF00232	1	1	complete	True	True	True	True	True	complete	True	True	retained
GMO.00002523.v1.g603220.t1	myrosinase	Sulfur release and comparative reference architectures								502.4	3.1e-149	481	proteome_v1_exact	full_length	round1	GMO.00002523.v1.g603220.t1	confirmed	confirmed	strong_only	True	False	10	10	motif_1,motif_10,motif_2,motif_3,motif_4,motif_5,motif_6,motif_7,motif_8,motif_9	4.01e-45	1.0	true	1	all	6.1e-155	502.2	any_required	PF00232	1	1	complete	True	True	True	True	True	complete	True	True	retained
GMO.00001378.v1.g171120.t2	myrosinase	Sulfur release and comparative reference architectures								495.9	2.8e-147	512	proteome_v1_exact	full_length	round1	GMO.00001378.v1.g171120.t2	confirmed	confirmed	strong_only	True	False	10	10	motif_1,motif_10,motif_2,motif_3,motif_4,motif_5,motif_6,motif_7,motif_8,motif_9	1.08e-47	1.0	true	1	all	5.6e-153	495.7	any_required	PF00232	1	1	complete	True	True	True	True	True	complete	True	True	retained
GMO.00002288.v1.g439230.t1	myrosinase	Sulfur release and comparative reference architectures								495.3	4.2e-147	519	proteome_v1_exact	full_length	round1	GMO.00002288.v1.g439230.t1	confirmed	confirmed	strong_only	True	False	10	10	motif_1,motif_10,motif_2,motif_3,motif_4,motif_5,motif_6,motif_7,motif_8,motif_9	1.08e-47	1.0	true	1	all	8.4e-153	495.1	any_required	PF00232	1	1	complete	True	True	True	True	True	complete	True	True	retained
GMO.00001378.v1.g171180.t1	myrosinase	Sulfur release and comparative reference architectures								492.5	2.9e-146	548	proteome_v1_exact	full_length	round1	GMO.00001378.v1.g171180.t1	confirmed	confirmed	strong_only	True	False	10	10	motif_1,motif_10,motif_2,motif_3,motif_4,motif_5,motif_6,motif_7,motif_8,motif_9	1.07e-44	1.0	true	1	all	6.1e-152	492.3	any_required	PF00232	1	1	complete	True	True	True	True	True	complete	True	True	retained
GMO.00002288.v1.g439150.t1	myrosinase	Sulfur release and comparative reference architectures								492.3	3.5e-146	548	proteome_v1_exact	full_length	round1	GMO.00002288.v1.g439150.t1	confirmed	confirmed	strong_only	True	False	10	10	motif_1,motif_10,motif_2,motif_3,motif_4,motif_5,motif_6,motif_7,motif_8,motif_9	1.07e-44	1.0	true	1	all	7.1e-152	492.1	any_required	PF00232	1	1	complete	True	True	True	True	True	complete	True	True	retained
GMO.00000845.v1.g075370.t2	myrosinase	Sulfur release and comparative reference architectures								487.6	9.500000000000001e-145	521	proteome_v1_exact	full_length	round1	GMO.00000845.v1.g075370.t2	confirmed	confirmed	strong_only	True	False	10	10	motif_1,motif_10,motif_2,motif_3,motif_4,motif_5,motif_6,motif_7,motif_8,motif_9	4.98e-47	1.0	true	1	all	2e-150	487.3	any_required	PF00232	1	1	complete	True	True	True	True	True	complete	True	True	retained
GMO.00002319.v1.g458380.t3	myrosinase	Sulfur release and comparative reference architectures								487.6	9.500000000000001e-145	521	proteome_v1_exact	full_length	round1	GMO.00002319.v1.g458380.t3	confirmed	confirmed	strong_only	True	False	10	10	motif_1,motif_10,motif_2,motif_3,motif_4,motif_5,motif_6,motif_7,motif_8,motif_9	4.98e-47	1.0	true	1	all	2e-150	487.3	any_required	PF00232	1	1	complete	True	True	True	True	True	complete	True	True	retained
GMO.00001378.v1.g171130.t1	myrosinase	Sulfur release and comparative reference architectures								486.3	2.3e-144	564	proteome_v1_exact	full_length	round1	GMO.00001378.v1.g171130.t1	confirmed	confirmed	strong_only	True	False	10	10	motif_1,motif_10,motif_2,motif_3,motif_4,motif_5,motif_6,motif_7,motif_8,motif_9	1.24e-47	1.0	true	1	all	5.1e-150	486.0	any_required	PF00232	1	1	complete	True	True	True	True	True	complete	True	True	retained
GMO.00002288.v1.g439220.t1	myrosinase	Sulfur release and comparative reference architectures								484.5	8.2e-144	564	proteome_v1_exact	full_length	round1	GMO.00002288.v1.g439220.t1	confirmed	confirmed	strong_only	True	False	10	10	motif_1,motif_10,motif_2,motif_3,motif_4,motif_5,motif_6,motif_7,motif_8,motif_9	1.24e-47	1.0	true	1	all	1.8e-149	484.1	any_required	PF00232	1	1	complete	True	True	True	True	True	complete	True	True	retained
GMO.00000937.v1.g087670.t1	myrosinase	Sulfur release and comparative reference architectures								288.4	2.5e-84	254	proteome_v1_exact	full_length	round1	GMO.00000937.v1.g087670.t1	confirmed	confirmed	strong_only	True	False	5	10	motif_1,motif_2,motif_6,motif_7,motif_9	1.39e-43	0.5	true	1	all	4.9e-90	288.2	any_required	PF00232	1	1	complete	True	True	True	True	True	complete	True	True	retained
GMO.00002275.v1.g403610.t1	myrosinase	Sulfur release and comparative reference architectures								217.8	6.4e-63	237	proteome_v1_exact	full_length	round1	GMO.00002275.v1.g403610.t1	confirmed	confirmed	strong_only	True	False	6	10	motif_1,motif_10,motif_3,motif_5,motif_7,motif_9	1.09e-45	0.6	true	1	all	1.3999999999999998e-68	217.4	any_required	PF00232	1	1	complete	True	True	True	True	True	complete	True	True	retained
GMO.00000937.v1.g087690.t1	myrosinase	Sulfur release and comparative reference architectures								213.8	1e-61	269	proteome_v1_exact	full_length	round1	GMO.00000937.v1.g087690.t1	confirmed	confirmed	strong_only	True	False	5	10	motif_10,motif_3,motif_4,motif_7,motif_8	2.79e-45	0.5	true	1	all	2.1e-67	213.6	any_required	PF00232	1	1	complete	True	True	True	True	True	complete	True	True	retained
GMO.00002284.v1.g432940.t2	myrosinase	Sulfur release and comparative reference architectures								213.8	1e-61	269	proteome_v1_exact	full_length	round1	GMO.00002284.v1.g432940.t2	confirmed	confirmed	strong_only	True	False	5	10	motif_10,motif_3,motif_4,motif_7,motif_8	2.79e-45	0.5	true	1	all	2.1e-67	213.6	any_required	PF00232	1	1	complete	True	True	True	True	True	complete	True	True	retained
GMO.00002284.v1.g432920.t1	myrosinase	Sulfur release and comparative reference architectures								196.5	1.8999999999999999e-56	163	proteome_v1_exact	full_length	round1	GMO.00002284.v1.g432920.t1	confirmed	confirmed	strong_only	True	False	3	10	motif_1,motif_7,motif_9	2.05e-41	0.3	true	1	all	3.6e-62	196.3	any_required	PF00232	1	1	complete	True	True	True	True	True	complete	True	True	retained
GMO.00000172.v1.g002150.t1	myrosinase	Sulfur release and comparative reference architectures								182.2	3.9e-52	664	proteome_v1_exact	full_length	round1	GMO.00000172.v1.g002150.t1	confirmed	confirmed	strong_only	True	False	6	10	motif_1,motif_2,motif_4,motif_7,motif_8,motif_9	5.6199999999999996e-34	0.6	true	1	all	3.9e-35	107.2	any_required	PF00232	1	1	complete	True	True	True	True	True	complete	True	True	retained
GMO.00000176.v1.g002350.t1	myrosinase	Sulfur release and comparative reference architectures								182.2	3.9e-52	664	proteome_v1_exact	full_length	round1	GMO.00000176.v1.g002350.t1	confirmed	confirmed	strong_only	True	False	6	10	motif_1,motif_2,motif_4,motif_7,motif_8,motif_9	5.6199999999999996e-34	0.6	true	1	all	3.9e-35	107.2	any_required	PF00232	1	1	complete	True	True	True	True	True	complete	True	True	retained
GMO.00002176.v1.g336480.t1	myrosinase	Sulfur release and comparative reference architectures								182.2	3.9e-52	664	proteome_v1_exact	full_length	round1	GMO.00002176.v1.g336480.t1	confirmed	confirmed	strong_only	True	False	6	10	motif_1,motif_2,motif_4,motif_7,motif_8,motif_9	5.6199999999999996e-34	0.6	true	1	all	3.9e-35	107.2	any_required	PF00232	1	1	complete	True	True	True	True	True	complete	True	True	retained
GMO.00002356.v1.g504650.t1	myrosinase	Sulfur release and comparative reference architectures								136.9	2.2e-38	136	proteome_v1_exact	full_length	round1	GMO.00002356.v1.g504650.t1	confirmed	confirmed	strong_only	True	False	2	10	motif_4,motif_8	1.37e-45	0.2	true	1	all	4.4e-44	136.7	any_required	PF00232	1	1	complete	True	True	True	True	True	complete	True	True	retained
GMO.00002284.v1.g432890.t1	myrosinase	Sulfur release and comparative reference architectures								65.2	1.2e-16	104	proteome_v1_exact	full_length	round1	GMO.00002284.v1.g432890.t1	partial	partial	strong_only	True	False	1	10	motif_6	5.15e-30	0.1	true	1	all	2.7e-22	64.9	any_required	PF00232	1	1	complete	True	True	True	True	True	complete	True	True	retained
GMO.00000872.v1.g079810.t1	oastl	Sulfur amino-acid and glutathione supply								623.8	2.9e-187	385	proteome_v1_exact	full_length	round2	GMO.00000872.v1.g079810.t1	confirmed	confirmed	strong_only	True	False	5	10	motif_1,motif_10,motif_2,motif_3,motif_7	1.66e-44	0.5	true	1	all	1e-77	247.4	any_required	PF00291	1	1	complete	True	True	True	True	True	complete	True	True	retained
GMO.00002319.v1.g473590.t1	oastl	Sulfur amino-acid and glutathione supply								623.1	4.7e-187	385	proteome_v1_exact	full_length	round2	GMO.00002319.v1.g473590.t1	confirmed	confirmed	strong_only	True	False	5	10	motif_1,motif_10,motif_2,motif_3,motif_7	1.66e-44	0.5	true	1	all	1e-77	247.4	any_required	PF00291	1	1	complete	True	True	True	True	True	complete	True	True	retained
GMO.00002216.v1.g357410.t1	oastl	Sulfur amino-acid and glutathione supply								528.5	2.6e-158	326	proteome_v1_exact	full_length	round2	GMO.00002216.v1.g357410.t1	confirmed	confirmed	strong_only	True	False	5	10	motif_1,motif_10,motif_2,motif_3,motif_7	1.56e-42	0.5	true	1	all	1.8e-80	256.4	any_required	PF00291	1	1	complete	True	True	True	True	True	complete	True	True	retained
GMO.00002216.v1.g357860.t1	oastl	Sulfur amino-acid and glutathione supply								511.3	4.3e-153	327	proteome_v1_exact	full_length	round2	GMO.00002216.v1.g357860.t1	confirmed	confirmed	strong_only	True	False	5	10	motif_1,motif_10,motif_2,motif_3,motif_7	7.13e-40	0.5	true	1	all	2.5e-76	242.9	any_required	PF00291	1	1	complete	True	True	True	True	True	complete	True	True	retained
GMO.00002216.v1.g357420.t1	oastl	Sulfur amino-acid and glutathione supply								510.1	9.999999999999999e-153	324	proteome_v1_exact	full_length	round2	GMO.00002216.v1.g357420.t1	confirmed	confirmed	strong_only	True	False	5	10	motif_1,motif_10,motif_2,motif_3,motif_7	4.4599999999999993e-42	0.5	true	1	all	3.5e-78	248.9	any_required	PF00291	1	1	complete	True	True	True	True	True	complete	True	True	retained
GMO.00002216.v1.g357480.t1	oastl	Sulfur amino-acid and glutathione supply								503.5	1e-150	324	proteome_v1_exact	full_length	round2	GMO.00002216.v1.g357480.t1	confirmed	confirmed	strong_only	True	False	5	10	motif_1,motif_10,motif_2,motif_3,motif_7	1.84e-38	0.5	true	1	all	5.6e-79	251.6	any_required	PF00291	1	1	complete	True	True	True	True	True	complete	True	True	retained
GMO.00002216.v1.g357430.t1	oastl	Sulfur amino-acid and glutathione supply								496.4	1.5e-148	324	proteome_v1_exact	full_length	round2	GMO.00002216.v1.g357430.t1	confirmed	confirmed	strong_only	True	False	5	10	motif_1,motif_10,motif_2,motif_3,motif_7	1.32e-39	0.5	true	1	all	9.1e-76	241.0	any_required	PF00291	1	1	complete	True	True	True	True	True	complete	True	True	retained
GMO.00002176.v1.g310720.t1	oastl	Sulfur amino-acid and glutathione supply								459.8	2e-137	375	proteome_v1_exact	full_length	round2	GMO.00002176.v1.g310720.t1	confirmed	confirmed	strong_only	True	False	5	10	motif_1,motif_10,motif_2,motif_3,motif_7	2.65e-36	0.5	true	1	all	8e-70	221.5	any_required	PF00291	1	1	complete	True	True	True	True	True	complete	True	True	retained
GMO.00000840.v1.g073890.t1	oastl	Sulfur amino-acid and glutathione supply								443.4	1.9e-132	382	proteome_v1_exact	full_length	round2	GMO.00000840.v1.g073890.t1	confirmed	confirmed	strong_only	True	False	5	10	motif_1,motif_10,motif_2,motif_3,motif_7	2.63e-37	0.5	true	1	all	1.4e-79	253.5	any_required	PF00291	1	1	complete	True	True	True	True	True	complete	True	True	retained
GMO.00002319.v1.g460770.t1	oastl	Sulfur amino-acid and glutathione supply								443.4	1.9e-132	382	proteome_v1_exact	full_length	round2	GMO.00002319.v1.g460770.t1	confirmed	confirmed	strong_only	True	False	5	10	motif_1,motif_10,motif_2,motif_3,motif_7	2.63e-37	0.5	true	1	all	1.4e-79	253.5	any_required	PF00291	1	1	complete	True	True	True	True	True	complete	True	True	retained
GMO.00001690.v1.g223580.t3	oastl	Sulfur amino-acid and glutathione supply								268.9	1.6e-78	613	proteome_v1_exact	full_length	round2	GMO.00001690.v1.g223580.t3	confirmed	confirmed	strong_only	True	False	3	10	motif_1,motif_10,motif_3	2.29e-19	0.3	true	1	all	4.5e-84	268.3	any_required	PF00291	1	1	complete	True	True	True	True	True	complete	True	True	retained
GMO.00002465.v1.g546840.t2	oastl	Sulfur amino-acid and glutathione supply								267.3	5.1e-78	613	proteome_v1_exact	full_length	round2	GMO.00002465.v1.g546840.t2	confirmed	confirmed	strong_only	True	False	3	10	motif_1,motif_10,motif_3	2.4e-19	0.3	true	1	all	1.3999999999999999e-83	266.7	any_required	PF00291	1	1	complete	True	True	True	True	True	complete	True	True	retained
GMO.00000720.v1.g052100.t1	oastl	Sulfur amino-acid and glutathione supply								257.0	7.099999999999999e-75	338	proteome_v1_exact	full_length	round2	GMO.00000720.v1.g052100.t1	confirmed	confirmed	strong_only	True	False	4	10	motif_1,motif_10,motif_3,motif_7	3.58e-22	0.4	true	1	all	1.4000000000000001e-80	256.8	any_required	PF00291	1	1	complete	True	True	True	True	True	complete	True	True	retained
GMO.00002767.v1.g678500.t1	oastl	Sulfur amino-acid and glutathione supply								257.0	7.099999999999999e-75	338	proteome_v1_exact	full_length	round2	GMO.00002767.v1.g678500.t1	confirmed	confirmed	strong_only	True	False	4	10	motif_1,motif_10,motif_3,motif_7	3.58e-22	0.4	true	1	all	1.4000000000000001e-80	256.8	any_required	PF00291	1	1	complete	True	True	True	True	True	complete	True	True	retained
GMO.00000720.v1.g052080.t1	oastl	Sulfur amino-acid and glutathione supply								255.5	2e-74	335	proteome_v1_exact	full_length	round2	GMO.00000720.v1.g052080.t1	confirmed	confirmed	strong_only	True	False	4	10	motif_1,motif_10,motif_3,motif_7	3.58e-22	0.4	true	1	all	3.9000000000000005e-80	255.4	any_required	PF00291	1	1	complete	True	True	True	True	True	complete	True	True	retained
GMO.00002767.v1.g678520.t1	oastl	Sulfur amino-acid and glutathione supply								255.5	2e-74	335	proteome_v1_exact	full_length	round2	GMO.00002767.v1.g678520.t1	confirmed	confirmed	strong_only	True	False	4	10	motif_1,motif_10,motif_3,motif_7	3.58e-22	0.4	true	1	all	3.9000000000000005e-80	255.4	any_required	PF00291	1	1	complete	True	True	True	True	True	complete	True	True	retained
GMO.00002423.v1.g524030.t1	oastl	Sulfur amino-acid and glutathione supply								226.7	1.2e-65	414	proteome_v1_exact	full_length	round2	GMO.00002423.v1.g524030.t1	confirmed	confirmed	strong_only	True	False	5	10	motif_1,motif_10,motif_2,motif_3,motif_7	1.31e-32	0.5	true	1	all	2.6000000000000003e-71	226.4	any_required	PF00291	1	1	complete	True	True	True	True	True	complete	True	True	retained
GMO.00001712.v1.g229790.t1	oastl	Sulfur amino-acid and glutathione supply								224.8	4.500000000000001e-65	414	proteome_v1_exact	full_length	round2	GMO.00001712.v1.g229790.t1	confirmed	confirmed	strong_only	True	False	5	10	motif_1,motif_10,motif_2,motif_3,motif_7	1.46e-33	0.5	true	1	all	1e-70	224.4	any_required	PF00291	1	1	complete	True	True	True	True	True	complete	True	True	retained
GMO.00001642.v1.g216320.t1	oastl	Sulfur amino-acid and glutathione supply								178.0	8.3e-51	520	proteome_v1_exact	full_length	round2	GMO.00001642.v1.g216320.t1	confirmed	confirmed	strong_only	True	False	5	10	motif_1,motif_10,motif_3,motif_7,motif_9	2.56e-18	0.5	true	1	all	1.8999999999999999e-56	177.6	any_required	PF00291	1	1	complete	True	True	True	True	True	complete	True	True	retained
GMO.00002652.v1.g655400.t1	oastl	Sulfur amino-acid and glutathione supply								177.9	8.4e-51	520	proteome_v1_exact	full_length	round2	GMO.00002652.v1.g655400.t1	confirmed	confirmed	strong_only	True	False	5	10	motif_1,motif_10,motif_3,motif_7,motif_9	2.56e-18	0.5	true	1	all	1.8999999999999999e-56	177.6	any_required	PF00291	1	1	complete	True	True	True	True	True	complete	True	True	retained
GMO.00000872.v1.g080230.t1	oastl	Sulfur amino-acid and glutathione supply								154.6	1.1e-43	465	proteome_v1_exact	full_length	round2	GMO.00000872.v1.g080230.t1	confirmed	confirmed	strong_only	True	False	6	10	motif_1,motif_10,motif_2,motif_3,motif_6,motif_7	4.52e-31	0.6	true	1	all	2.8e-49	154.1	any_required	PF00291	1	1	complete	True	True	True	True	True	complete	True	True	retained
GMO.00002319.v1.g473200.t1	oastl	Sulfur amino-acid and glutathione supply								154.6	1.1e-43	465	proteome_v1_exact	full_length	round2	GMO.00002319.v1.g473200.t1	confirmed	confirmed	strong_only	True	False	6	10	motif_1,motif_10,motif_2,motif_3,motif_6,motif_7	4.52e-31	0.6	true	1	all	2.8e-49	154.1	any_required	PF00291	1	1	complete	True	True	True	True	True	complete	True	True	retained
GMO.00000827.v1.g069910.t2	oastl	Sulfur amino-acid and glutathione supply								150.6	1.9e-42	442	proteome_v1_exact	full_length	round2	GMO.00000827.v1.g069910.t2	confirmed	confirmed	strong_only	True	False	6	10	motif_1,motif_10,motif_2,motif_3,motif_6,motif_7	1.09e-30	0.6	true	1	all	5.2000000000000004e-48	149.9	any_required	PF00291	1	1	complete	True	True	True	True	True	complete	True	True	retained
GMO.00002319.v1.g469870.t1	oastl	Sulfur amino-acid and glutathione supply								150.0	2.7e-42	468	proteome_v1_exact	full_length	round2	GMO.00002319.v1.g469870.t1	confirmed	confirmed	strong_only	True	False	6	10	motif_1,motif_10,motif_2,motif_3,motif_6,motif_7	1.09e-30	0.6	true	1	all	7.100000000000001e-48	149.5	any_required	PF00291	1	1	complete	True	True	True	True	True	complete	True	True	retained
GMO.00000748.v1.g066030.t1	oastl	Sulfur amino-acid and glutathione supply								127.3	2.3e-35	505	proteome_v1_exact	full_length	round2	GMO.00000748.v1.g066030.t1	confirmed	confirmed	strong_only	True	False	10	10	motif_1,motif_10,motif_2,motif_3,motif_4,motif_5,motif_6,motif_7,motif_8,motif_9	3.78e-65	1.0	true	1	all	5.2e-41	126.9	any_required	PF00291	1	1	complete	True	True	True	True	True	complete	True	True	retained
GMO.00001343.v1.g154890.t1	oastl	Sulfur amino-acid and glutathione supply								127.3	2.3e-35	505	proteome_v1_exact	full_length	round2	GMO.00001343.v1.g154890.t1	confirmed	confirmed	strong_only	True	False	10	10	motif_1,motif_10,motif_2,motif_3,motif_4,motif_5,motif_6,motif_7,motif_8,motif_9	3.78e-65	1.0	true	1	all	5.3e-41	126.9	any_required	PF00291	1	1	complete	True	True	True	True	True	complete	True	True	retained
GMO.00002449.v1.g533950.t1	oastl	Sulfur amino-acid and glutathione supply								127.3	2.3e-35	505	proteome_v1_exact	full_length	round2	GMO.00002449.v1.g533950.t1	confirmed	confirmed	strong_only	True	False	10	10	motif_1,motif_10,motif_2,motif_3,motif_4,motif_5,motif_6,motif_7,motif_8,motif_9	3.78e-65	1.0	true	1	all	5.3e-41	126.9	any_required	PF00291	1	1	complete	True	True	True	True	True	complete	True	True	retained
GMO.00002449.v1.g534010.t1	oastl	Sulfur amino-acid and glutathione supply								127.3	2.3e-35	505	proteome_v1_exact	full_length	round2	GMO.00002449.v1.g534010.t1	confirmed	confirmed	strong_only	True	False	10	10	motif_1,motif_10,motif_2,motif_3,motif_4,motif_5,motif_6,motif_7,motif_8,motif_9	3.78e-65	1.0	true	1	all	5.3e-41	126.9	any_required	PF00291	1	1	complete	True	True	True	True	True	complete	True	True	retained
GMO.00002450.v1.g534050.t1	oastl	Sulfur amino-acid and glutathione supply								127.3	2.3e-35	505	proteome_v1_exact	full_length	round2	GMO.00002450.v1.g534050.t1	confirmed	confirmed	strong_only	True	False	10	10	motif_1,motif_10,motif_2,motif_3,motif_4,motif_5,motif_6,motif_7,motif_8,motif_9	3.78e-65	1.0	true	1	all	5.3e-41	126.9	any_required	PF00291	1	1	complete	True	True	True	True	True	complete	True	True	retained
GMO.00002452.v1.g534150.t1	oastl	Sulfur amino-acid and glutathione supply								127.3	2.3e-35	505	proteome_v1_exact	full_length	round2	GMO.00002452.v1.g534150.t1	confirmed	confirmed	strong_only	True	False	10	10	motif_1,motif_10,motif_2,motif_3,motif_4,motif_5,motif_6,motif_7,motif_8,motif_9	3.78e-65	1.0	true	1	all	5.2e-41	126.9	any_required	PF00291	1	1	complete	True	True	True	True	True	complete	True	True	retained
GMO.00001223.v1.g121830.t2	oastl	Sulfur amino-acid and glutathione supply								127.0	2.8e-35	376	proteome_v1_exact	full_length	round2	GMO.00001223.v1.g121830.t2	confirmed	confirmed	strong_only	True	False	2	10	motif_1,motif_10	1.27e-14	0.2	true	1	all	5.599999999999999e-41	126.8	any_required	PF00291	1	1	complete	True	True	True	True	True	complete	True	True	retained
GMO.00002523.v1.g604010.t2	oastl	Sulfur amino-acid and glutathione supply								126.5	4.0999999999999997e-35	376	proteome_v1_exact	full_length	round2	GMO.00002523.v1.g604010.t2	confirmed	confirmed	strong_only	True	False	2	10	motif_1,motif_10	1.27e-14	0.2	true	1	all	8.199999999999999e-41	126.3	any_required	PF00291	1	1	complete	True	True	True	True	True	complete	True	True	retained
GMO.00002271.v1.g395330.t1	oastl	Sulfur amino-acid and glutathione supply								116.6	4.4e-33	78	proteome_v1_exact	full_length	round2	GMO.00002271.v1.g395330.t1	confirmed	confirmed	strong_only	True	False	2	10	motif_1,motif_2	6.67e-40	0.2	true	1	all	2e-21	62.6	any_required	PF00291	1	1	complete	True	True	True	True	True	complete	True	True	retained
GMO.00001216.v1.g120820.t2	rhodanese	Conjugation, transfer, and redox chemistry								154.3	5.1e-45	131	proteome_v1_exact	full_length	round2	GMO.00001216.v1.g120820.t2	confirmed	confirmed	strong_only	True	False	5	10	motif_1,motif_2,motif_3,motif_6,motif_8	1.38e-28	0.5	true	1	all	2.5e-18	52.7	any_required	PF00581	1	1	complete	True	True	True	True	True	complete	True	True	retained
GMO.00002460.v1.g545440.t2	rhodanese	Conjugation, transfer, and redox chemistry								148.8	2.5999999999999996e-43	131	proteome_v1_exact	full_length	round2	GMO.00002460.v1.g545440.t2	confirmed	confirmed	strong_only	True	False	5	10	motif_1,motif_2,motif_3,motif_6,motif_8	2.36e-27	0.5	true	1	all	5.5e-18	51.6	any_required	PF00581	1	1	complete	True	True	True	True	True	complete	True	True	retained
GMO.00002276.v1.g412110.t1	rhodanese	Conjugation, transfer, and redox chemistry								119.4	3.1000000000000002e-34	137	proteome_v1_exact	full_length	round2	GMO.00002276.v1.g412110.t1	confirmed	confirmed	strong_only	True	False	6	10	motif_1,motif_10,motif_2,motif_3,motif_6,motif_8	4.58e-25	0.6	true	1	all	1.3e-21	63.3	any_required	PF00581	1	1	complete	True	True	True	True	True	complete	True	True	retained
GMO.00002275.v1.g406150.t1	rhodanese	Conjugation, transfer, and redox chemistry								118.0	8.900000000000001e-34	137	proteome_v1_exact	full_length	round2	GMO.00002275.v1.g406150.t1	confirmed	confirmed	strong_only	True	False	6	10	motif_1,motif_10,motif_2,motif_3,motif_6,motif_8	6.42e-26	0.6	true	1	all	1.6e-21	63.0	any_required	PF00581	1	1	complete	True	True	True	True	True	complete	True	True	retained
GMO.00001346.v1.g164200.t2	rhodanese	Conjugation, transfer, and redox chemistry								104.2	1.5999999999999999e-29	176	proteome_v1_exact	full_length	round2	GMO.00001346.v1.g164200.t2	confirmed	confirmed	strong_only	True	False	5	10	motif_1,motif_2,motif_3,motif_4,motif_6	1.65e-62	0.5	true	1	all	8.3e-20	57.5	any_required	PF00581	1	1	complete	True	True	True	True	True	complete	True	True	retained
GMO.00002495.v1.g560280.t2	rhodanese	Conjugation, transfer, and redox chemistry								104.2	1.5999999999999999e-29	176	proteome_v1_exact	full_length	round2	GMO.00002495.v1.g560280.t2	confirmed	confirmed	strong_only	True	False	5	10	motif_1,motif_2,motif_3,motif_4,motif_6	5.31e-63	0.5	true	1	all	8.3e-20	57.5	any_required	PF00581	1	1	complete	True	True	True	True	True	complete	True	True	retained
GMO.00000892.v1.g082630.t2	rhodanese	Conjugation, transfer, and redox chemistry								103.9	2.0000000000000002e-29	176	proteome_v1_exact	full_length	round2	GMO.00000892.v1.g082630.t2	confirmed	confirmed	strong_only	True	False	5	10	motif_1,motif_2,motif_3,motif_4,motif_6	5.21e-64	0.5	true	1	all	8.3e-20	57.5	any_required	PF00581	1	1	complete	True	True	True	True	True	complete	True	True	retained
GMO.00002453.v1.g535350.t2	rhodanese	Conjugation, transfer, and redox chemistry								103.9	2.0000000000000002e-29	176	proteome_v1_exact	full_length	round2	GMO.00002453.v1.g535350.t2	confirmed	confirmed	strong_only	True	False	5	10	motif_1,motif_2,motif_3,motif_4,motif_6	5.21e-64	0.5	true	1	all	8.3e-20	57.5	any_required	PF00581	1	1	complete	True	True	True	True	True	complete	True	True	retained
GMO.00001021.v1.g094570.t1	rhodanese	Conjugation, transfer, and redox chemistry								100.2	2.3e-27	380	proteome_v1_exact	full_length	round2	GMO.00001021.v1.g094570.t1	confirmed	confirmed	strong_only	True	False	7	10	motif_2,motif_3,motif_5,motif_6,motif_7,motif_8,motif_9	1.17e-64	0.7	true	1	all	1.2e-17	50.5	any_required	PF00581	1	1	complete	True	True	True	True	True	complete	True	True	retained
GMO.00002515.v1.g580970.t1	rhodanese	Conjugation, transfer, and redox chemistry								100.2	2.3e-27	380	proteome_v1_exact	full_length	round2	GMO.00002515.v1.g580970.t1	confirmed	confirmed	strong_only	True	False	7	10	motif_2,motif_3,motif_5,motif_6,motif_7,motif_8,motif_9	1.17e-64	0.7	true	1	all	1.2e-17	50.5	any_required	PF00581	1	1	complete	True	True	True	True	True	complete	True	True	retained
GMO.00001111.v1.g108120.t1	rhodanese	Conjugation, transfer, and redox chemistry								59.9	8.4e-15	237	proteome_v1_exact	full_length	round2	GMO.00001111.v1.g108120.t1	confirmed	confirmed	strong_only	True	False	5	10	motif_1,motif_2,motif_3,motif_5,motif_6	2.49e-20	0.5	true	1	all	1.1e-19	57.0	any_required	PF00581	1	1	complete	True	True	True	True	True	complete	True	True	retained
GMO.00001533.v1.g194870.t1	rhodanese	Conjugation, transfer, and redox chemistry								51.9	2.6e-12	135	proteome_v1_exact	full_length	round2	GMO.00001533.v1.g194870.t1	confirmed	confirmed	strong_only	True	False	3	10	motif_3,motif_6,motif_7	9.57e-42	0.3	true	1	all	5.3e-18	51.7	any_required	PF00581	1	1	complete	True	True	True	True	True	complete	True	True	retained
GMO.00002468.v1.g548470.t1	rhodanese	Conjugation, transfer, and redox chemistry								51.9	2.6e-12	135	proteome_v1_exact	full_length	round2	GMO.00002468.v1.g548470.t1	confirmed	confirmed	strong_only	True	False	3	10	motif_3,motif_6,motif_7	9.57e-42	0.3	true	1	all	5.3e-18	51.7	any_required	PF00581	1	1	complete	True	True	True	True	True	complete	True	True	retained
GMO.00000508.v1.g011520.t1	rhodanese	Conjugation, transfer, and redox chemistry								51.4	3.7e-12	180	proteome_v1_exact	full_length	round2	GMO.00000508.v1.g011520.t1	confirmed	confirmed	strong_only	True	False	6	10	motif_1,motif_10,motif_2,motif_3,motif_5,motif_6	4.87e-46	0.6	true	1	all	8.9e-18	50.9	any_required	PF00581	1	1	complete	True	True	True	True	True	complete	True	True	retained
GMO.00000623.v1.g042320.t1	rhodanese	Conjugation, transfer, and redox chemistry								51.4	3.7e-12	180	proteome_v1_exact	full_length	round2	GMO.00000623.v1.g042320.t1	confirmed	confirmed	strong_only	True	False	6	10	motif_1,motif_10,motif_2,motif_3,motif_5,motif_6	4.87e-46	0.6	true	1	all	8.9e-18	50.9	any_required	PF00581	1	1	complete	True	True	True	True	True	complete	True	True	retained
GMO.00002277.v1.g421280.t1	rhodanese	Conjugation, transfer, and redox chemistry								51.4	3.7e-12	180	proteome_v1_exact	full_length	round2	GMO.00002277.v1.g421280.t1	confirmed	confirmed	strong_only	True	False	6	10	motif_1,motif_10,motif_2,motif_3,motif_5,motif_6	4.87e-46	0.6	true	1	all	8.9e-18	50.9	any_required	PF00581	1	1	complete	True	True	True	True	True	complete	True	True	retained
GMO.00001197.v1.g118740.t1	sams	Sulfur amino-acid and glutathione supply								887.5	2.9e-267	394	proteome_v1_exact	full_length	round2	GMO.00001197.v1.g118740.t1	confirmed	confirmed	strong_plus_weaker	True	False	10	10	motif_1,motif_10,motif_2,motif_3,motif_4,motif_5,motif_6,motif_7,motif_8,motif_9	2.75e-65	1.0	true	3	all	4.8e-65	514.5	all_required	PF00438,PF02772,PF02773	3	3	complete	True	True	True	True	True	complete	True	True	retained
GMO.00002460.v1.g543920.t1	sams	Sulfur amino-acid and glutathione supply								887.5	2.9e-267	394	proteome_v1_exact	full_length	round2	GMO.00002460.v1.g543920.t1	confirmed	confirmed	strong_plus_weaker	True	False	10	10	motif_1,motif_10,motif_2,motif_3,motif_4,motif_5,motif_6,motif_7,motif_8,motif_9	2.75e-65	1.0	true	3	all	4.8e-65	514.5	all_required	PF00438,PF02772,PF02773	3	3	complete	True	True	True	True	True	complete	True	True	retained
GMO.00002274.v1.g402770.t1	sult	Conjugation, transfer, and redox chemistry								281.7	2.3999999999999997e-83	352	proteome_v1_exact	full_length	round2	GMO.00002274.v1.g402770.t1	confirmed	confirmed	strong_only	True	False	8	10	motif_1,motif_3,motif_4,motif_5,motif_6,motif_7,motif_8,motif_9	2.11e-49	0.8	true	1	all	6.9e-79	250.9	any_required	PF00685	1	1	complete	True	True	True	True	True	complete	True	True	retained
GMO.00002304.v1.g451310.t1	sult	Conjugation, transfer, and redox chemistry								281.7	2.3999999999999997e-83	352	proteome_v1_exact	full_length	round2	GMO.00002304.v1.g451310.t1	confirmed	confirmed	strong_only	True	False	8	10	motif_1,motif_3,motif_4,motif_5,motif_6,motif_7,motif_8,motif_9	2.11e-49	0.8	true	1	all	6.9e-79	250.9	any_required	PF00685	1	1	complete	True	True	True	True	True	complete	True	True	retained
GMO.00001056.v1.g098650.t1	sult	Conjugation, transfer, and redox chemistry								280.7	4.9e-83	313	proteome_v1_exact	full_length	round2	GMO.00001056.v1.g098650.t1	confirmed	confirmed	strong_only	True	False	9	10	motif_1,motif_2,motif_3,motif_4,motif_5,motif_6,motif_7,motif_8,motif_9	1.37e-58	0.9	true	1	all	5.2e-73	231.6	any_required	PF00685	1	1	complete	True	True	True	True	True	complete	True	True	retained
GMO.00002363.v1.g509930.t1	sult	Conjugation, transfer, and redox chemistry								278.4	2.5e-82	312	proteome_v1_exact	full_length	round2	GMO.00002363.v1.g509930.t1	confirmed	confirmed	strong_only	True	False	9	10	motif_1,motif_2,motif_3,motif_4,motif_5,motif_6,motif_7,motif_8,motif_9	7.89e-57	0.9	true	1	all	1.2e-72	230.4	any_required	PF00685	1	1	complete	True	True	True	True	True	complete	True	True	retained
GMO.00002363.v1.g509940.t1	sult	Conjugation, transfer, and redox chemistry								278.3	2.7e-82	313	proteome_v1_exact	full_length	round2	GMO.00002363.v1.g509940.t1	confirmed	confirmed	strong_only	True	False	9	10	motif_1,motif_2,motif_3,motif_4,motif_5,motif_6,motif_7,motif_8,motif_9	1.6400000000000002e-58	0.9	true	1	all	5.4e-74	234.9	any_required	PF00685	1	1	complete	True	True	True	True	True	complete	True	True	retained
GMO.00001111.v1.g109930.t1	sult	Conjugation, transfer, and redox chemistry								266.2	1.3e-78	311	proteome_v1_exact	full_length	round2	GMO.00001111.v1.g109930.t1	confirmed	confirmed	strong_only	True	False	9	10	motif_1,motif_2,motif_3,motif_4,motif_5,motif_6,motif_7,motif_8,motif_9	2.12e-52	0.9	true	1	all	3.6e-73	232.1	any_required	PF00685	1	1	complete	True	True	True	True	True	complete	True	True	retained
GMO.00001252.v1.g134800.t1	sult	Conjugation, transfer, and redox chemistry								261.9	2.6e-77	329	proteome_v1_exact	full_length	round2	GMO.00001252.v1.g134800.t1	confirmed	confirmed	strong_only	True	False	9	10	motif_1,motif_2,motif_3,motif_4,motif_5,motif_6,motif_7,motif_8,motif_9	5.11e-53	0.9	true	1	all	3.3e-71	225.7	any_required	PF00685	1	1	complete	True	True	True	True	True	complete	True	True	retained
GMO.00002631.v1.g641180.t1	sult	Conjugation, transfer, and redox chemistry								261.6	3.3e-77	331	proteome_v1_exact	full_length	round2	GMO.00002631.v1.g641180.t1	confirmed	confirmed	strong_only	True	False	9	10	motif_1,motif_2,motif_3,motif_4,motif_5,motif_6,motif_7,motif_8,motif_9	2e-52	0.9	true	1	all	3.4e-71	225.7	any_required	PF00685	1	1	complete	True	True	True	True	True	complete	True	True	retained
GMO.00001056.v1.g097290.t1	sult	Conjugation, transfer, and redox chemistry								258.9	2.1e-76	342	proteome_v1_exact	full_length	round2	GMO.00001056.v1.g097290.t1	confirmed	confirmed	strong_only	True	False	9	10	motif_1,motif_10,motif_3,motif_4,motif_5,motif_6,motif_7,motif_8,motif_9	4.95e-53	0.9	true	1	all	2.9e-77	245.6	any_required	PF00685	1	1	complete	True	True	True	True	True	complete	True	True	retained
GMO.00002364.v1.g511360.t1	sult	Conjugation, transfer, and redox chemistry								257.0	7.9e-76	342	proteome_v1_exact	full_length	round2	GMO.00002364.v1.g511360.t1	confirmed	confirmed	strong_only	True	False	9	10	motif_1,motif_10,motif_3,motif_4,motif_5,motif_6,motif_7,motif_8,motif_9	4.22e-53	0.9	true	1	all	4.1e-76	241.8	any_required	PF00685	1	1	complete	True	True	True	True	True	complete	True	True	retained
GMO.00001056.v1.g097330.t1	sult	Conjugation, transfer, and redox chemistry								254.8	3.8e-75	339	proteome_v1_exact	full_length	round2	GMO.00001056.v1.g097330.t1	confirmed	confirmed	strong_only	True	False	9	10	motif_1,motif_10,motif_3,motif_4,motif_5,motif_6,motif_7,motif_8,motif_9	9.44e-54	0.9	true	1	all	1.4000000000000001e-74	236.8	any_required	PF00685	1	1	complete	True	True	True	True	True	complete	True	True	retained
GMO.00002176.v1.g309640.t1	sult	Conjugation, transfer, and redox chemistry								248.1	4e-73	336	proteome_v1_exact	full_length	round2	GMO.00002176.v1.g309640.t1	confirmed	confirmed	strong_only	True	False	9	10	motif_1,motif_2,motif_3,motif_4,motif_5,motif_6,motif_7,motif_8,motif_9	4.33e-52	0.9	true	1	all	9.6e-77	243.9	any_required	PF00685	1	1	complete	True	True	True	True	True	complete	True	True	retained
GMO.00002176.v1.g309650.t1	sult	Conjugation, transfer, and redox chemistry								246.8	6.9e-72	357	proteome_v1_exact	full_length	round2	GMO.00002176.v1.g309650.t1	confirmed	confirmed	strong_only	True	False	9	10	motif_1,motif_2,motif_3,motif_4,motif_5,motif_6,motif_7,motif_8,motif_9	8.87e-52	0.9	true	1	all	1.5e-77	246.6	any_required	PF00685	1	1	complete	True	True	True	True	True	complete	True	True	retained
GMO.00002176.v1.g309600.t1	sult	Conjugation, transfer, and redox chemistry								245.5	2.6e-72	342	proteome_v1_exact	full_length	round2	GMO.00002176.v1.g309600.t1	confirmed	confirmed	strong_only	True	False	9	10	motif_1,motif_2,motif_3,motif_4,motif_5,motif_6,motif_7,motif_8,motif_9	1.83e-50	0.9	true	1	all	3.8000000000000004e-74	235.4	any_required	PF00685	1	1	complete	True	True	True	True	True	complete	True	True	retained
GMO.00002176.v1.g309610.t1	sult	Conjugation, transfer, and redox chemistry								245.3	2.1e-71	332	proteome_v1_exact	full_length	round2	GMO.00002176.v1.g309610.t1	confirmed	confirmed	strong_only	True	False	9	10	motif_1,motif_2,motif_3,motif_4,motif_5,motif_6,motif_7,motif_8,motif_9	8.25e-52	0.9	true	1	all	4.5e-77	245.0	any_required	PF00685	1	1	complete	True	True	True	True	True	complete	True	True	retained
GMO.00002176.v1.g309620.t1	sult	Conjugation, transfer, and redox chemistry								233.8	8.799999999999999e-69	348	proteome_v1_exact	full_length	round2	GMO.00002176.v1.g309620.t1	confirmed	confirmed	strong_only	True	False	9	10	motif_1,motif_2,motif_3,motif_4,motif_5,motif_6,motif_7,motif_8,motif_9	2.0599999999999998e-54	0.9	true	1	all	1.4e-71	227.0	any_required	PF00685	1	1	complete	True	True	True	True	True	complete	True	True	retained
GMO.00001056.v1.g098350.t1	sult	Conjugation, transfer, and redox chemistry								231.4	4.9e-68	301	proteome_v1_exact	full_length	round2	GMO.00001056.v1.g098350.t1	confirmed	confirmed	strong_only	True	False	8	10	motif_1,motif_2,motif_3,motif_4,motif_5,motif_7,motif_8,motif_9	1.33e-55	0.8	true	1	all	1.2e-65	207.6	any_required	PF00685	1	1	complete	True	True	True	True	True	complete	True	True	retained
GMO.00002363.v1.g510350.t1	sult	Conjugation, transfer, and redox chemistry								223.5	1.3e-65	301	proteome_v1_exact	full_length	round2	GMO.00002363.v1.g510350.t1	confirmed	confirmed	strong_only	True	False	8	10	motif_1,motif_2,motif_3,motif_4,motif_5,motif_7,motif_8,motif_9	1.11e-52	0.8	true	1	all	8.7e-65	204.7	any_required	PF00685	1	1	complete	True	True	True	True	True	complete	True	True	retained
GMO.00001111.v1.g112250.t1	sult	Conjugation, transfer, and redox chemistry								195.9	2.3e-56	240	proteome_v1_exact	full_length	round2	GMO.00001111.v1.g112250.t1	confirmed	confirmed	strong_only	True	False	7	10	motif_1,motif_2,motif_3,motif_4,motif_7,motif_8,motif_9	1.4e-49	0.7	true	1	all	4.6e-62	195.8	any_required	PF00685	1	1	complete	True	True	True	True	True	complete	True	True	retained
GMO.00001056.v1.g098640.t1	sult	Conjugation, transfer, and redox chemistry								78.2	1.9e-21	96	proteome_v1_exact	full_length	round2	GMO.00001056.v1.g098640.t1	confirmed	confirmed	strong_only	True	False	2	10	motif_2,motif_4	5.89e-43	0.2	true	1	all	2.8e-20	58.9	any_required	PF00685	1	1	complete	True	True	True	True	True	complete	True	True	retained
GMO.00002363.v1.g509990.t1	sult	Conjugation, transfer, and redox chemistry								78.2	1.9e-21	96	proteome_v1_exact	full_length	round2	GMO.00002363.v1.g509990.t1	confirmed	confirmed	strong_only	True	False	2	10	motif_2,motif_4	5.89e-43	0.2	true	1	all	2.8e-20	58.9	any_required	PF00685	1	1	complete	True	True	True	True	True	complete	True	True	retained
GMO.00002363.v1.g509960.t1	sult	Conjugation, transfer, and redox chemistry								57.5	3.7e-15	72	proteome_v1_exact	full_length	round2	GMO.00002363.v1.g509960.t1	partial	partial	strong_only	True	False	1	10	motif_4	2.5500000000000003e-31	0.1	true	1	all	1.6e-14	40.0	any_required	PF00685	1	1	complete	True	True	True	True	True	complete	True	True	retained
GMO.00001605.v1.g208780.t1	ugt	Conjugation, transfer, and redox chemistry								519.2	2.3e-155	455	proteome_v1_exact	full_length	round2	GMO.00001605.v1.g208780.t1	confirmed	confirmed	strong_only	True	False	10	10	motif_1,motif_10,motif_2,motif_3,motif_4,motif_5,motif_6,motif_7,motif_8,motif_9	9.84e-34	1.0	true	1	all	2.1e-30	92.0	any_required	PF00201	1	1	complete	True	True	True	True	True	complete	True	True	retained
GMO.00001665.v1.g217040.t1	ugt	Conjugation, transfer, and redox chemistry								519.2	2.3e-155	455	proteome_v1_exact	full_length	round2	GMO.00001665.v1.g217040.t1	confirmed	confirmed	strong_only	True	False	10	10	motif_1,motif_10,motif_2,motif_3,motif_4,motif_5,motif_6,motif_7,motif_8,motif_9	9.84e-34	1.0	true	1	all	2.1e-30	92.0	any_required	PF00201	1	1	complete	True	True	True	True	True	complete	True	True	retained
GMO.00001355.v1.g166210.t1	ugt	Conjugation, transfer, and redox chemistry								419.4	4.2000000000000005e-125	471	proteome_v1_exact	full_length	round2	GMO.00001355.v1.g166210.t1	confirmed	confirmed	strong_only	True	False	9	10	motif_1,motif_10,motif_2,motif_3,motif_4,motif_5,motif_6,motif_8,motif_9	4.55e-28	0.9	true	1	all	3.6e-30	91.2	any_required	PF00201	1	1	complete	True	True	True	True	True	complete	True	True	retained
GMO.00002290.v1.g442820.t1	ugt	Conjugation, transfer, and redox chemistry								414.9	9.5e-124	471	proteome_v1_exact	full_length	round2	GMO.00002290.v1.g442820.t1	confirmed	confirmed	strong_only	True	False	9	10	motif_1,motif_10,motif_2,motif_3,motif_4,motif_5,motif_6,motif_8,motif_9	7.190000000000001e-27	0.9	true	1	all	1.1000000000000001e-30	92.9	any_required	PF00201	1	1	complete	True	True	True	True	True	complete	True	True	retained
GMO.00000872.v1.g079670.t1	ugt	Conjugation, transfer, and redox chemistry								380.6	2.5e-113	481	proteome_v1_exact	full_length	round2	GMO.00000872.v1.g079670.t1	confirmed	confirmed	strong_only	True	False	10	10	motif_1,motif_10,motif_2,motif_3,motif_4,motif_5,motif_6,motif_7,motif_8,motif_9	1.17e-30	1.0	true	1	all	8.000000000000001e-29	86.7	any_required	PF00201	1	1	complete	True	True	True	True	True	complete	True	True	retained
GMO.00002319.v1.g473720.t2	ugt	Conjugation, transfer, and redox chemistry								380.4	2.9e-113	476	proteome_v1_exact	full_length	round2	GMO.00002319.v1.g473720.t2	confirmed	confirmed	strong_only	True	False	10	10	motif_1,motif_10,motif_2,motif_3,motif_4,motif_5,motif_6,motif_7,motif_8,motif_9	4.68e-31	1.0	true	1	all	7.5e-29	86.8	any_required	PF00201	1	1	complete	True	True	True	True	True	complete	True	True	retained
GMO.00002176.v1.g339790.t1	ugt	Conjugation, transfer, and redox chemistry								245.2	2.9e-72	492	proteome_v1_exact	full_length	round2	GMO.00002176.v1.g339790.t1	confirmed	confirmed	strong_only	True	False	9	10	motif_1,motif_10,motif_2,motif_3,motif_4,motif_5,motif_6,motif_8,motif_9	1.55e-28	0.9	true	1	all	1.8e-27	82.3	any_required	PF00201	1	1	complete	True	True	True	True	True	complete	True	True	retained
GMO.00000193.v1.g004670.t1	ugt	Conjugation, transfer, and redox chemistry								242.9	1.4e-71	499	proteome_v1_exact	full_length	round2	GMO.00000193.v1.g004670.t1	confirmed	confirmed	strong_only	True	False	9	10	motif_1,motif_10,motif_2,motif_3,motif_4,motif_5,motif_6,motif_8,motif_9	1.08e-27	0.9	true	1	all	2.6e-27	81.7	any_required	PF00201	1	1	complete	True	True	True	True	True	complete	True	True	retained
GMO.00002176.v1.g339580.t1	ugt	Conjugation, transfer, and redox chemistry								220.7	7.7e-65	472	proteome_v1_exact	full_length	round2	GMO.00002176.v1.g339580.t1	confirmed	confirmed	strong_only	True	False	10	10	motif_1,motif_10,motif_2,motif_3,motif_4,motif_5,motif_6,motif_7,motif_8,motif_9	5.57e-29	1.0	true	1	all	3.1e-26	78.2	any_required	PF00201	1	1	complete	True	True	True	True	True	complete	True	True	retained
GMO.00002176.v1.g339780.t1	ugt	Conjugation, transfer, and redox chemistry								220.3	1.1e-64	491	proteome_v1_exact	full_length	round2	GMO.00002176.v1.g339780.t1	confirmed	confirmed	strong_only	True	False	9	10	motif_1,motif_10,motif_2,motif_3,motif_4,motif_5,motif_6,motif_8,motif_9	1.17e-30	0.9	true	1	all	3.0999999999999997e-29	88.1	any_required	PF00201	1	1	complete	True	True	True	True	True	complete	True	True	retained
GMO.00002176.v1.g339800.t1	ugt	Conjugation, transfer, and redox chemistry								216.0	2.1e-63	504	proteome_v1_exact	full_length	round2	GMO.00002176.v1.g339800.t1	confirmed	confirmed	strong_only	True	False	9	10	motif_1,motif_10,motif_2,motif_3,motif_4,motif_5,motif_6,motif_8,motif_9	3.03e-27	0.9	true	1	all	1.5999999999999998e-25	75.8	any_required	PF00201	1	1	complete	True	True	True	True	True	complete	True	True	retained
GMO.00000193.v1.g004470.t1	ugt	Conjugation, transfer, and redox chemistry								214.7	5.2e-63	473	proteome_v1_exact	full_length	round2	GMO.00000193.v1.g004470.t1	confirmed	confirmed	strong_only	True	False	10	10	motif_1,motif_10,motif_2,motif_3,motif_4,motif_5,motif_6,motif_7,motif_8,motif_9	1.4e-28	1.0	true	1	all	2.1999999999999996e-24	72.1	any_required	PF00201	1	1	complete	True	True	True	True	True	complete	True	True	retained
GMO.00000193.v1.g004660.t1	ugt	Conjugation, transfer, and redox chemistry								213.2	1.4999999999999998e-62	491	proteome_v1_exact	full_length	round2	GMO.00000193.v1.g004660.t1	confirmed	confirmed	strong_only	True	False	9	10	motif_1,motif_10,motif_2,motif_3,motif_4,motif_5,motif_6,motif_8,motif_9	1.17e-30	0.9	true	1	all	3.2999999999999997e-29	88.0	any_required	PF00201	1	1	complete	True	True	True	True	True	complete	True	True	retained
GMO.00002176.v1.g339720.t1	ugt	Conjugation, transfer, and redox chemistry								193.9	1.1e-56	472	proteome_v1_exact	full_length	round2	GMO.00002176.v1.g339720.t1	confirmed	confirmed	strong_only	True	False	9	10	motif_1,motif_10,motif_2,motif_3,motif_4,motif_5,motif_6,motif_8,motif_9	9.81e-29	0.9	true	1	all	1.1e-20	59.8	any_required	PF00201	1	1	complete	True	True	True	True	True	complete	True	True	retained
GMO.00000193.v1.g004620.t1	ugt	Conjugation, transfer, and redox chemistry								193.5	1.4e-56	474	proteome_v1_exact	full_length	round2	GMO.00000193.v1.g004620.t1	confirmed	confirmed	strong_only	True	False	9	10	motif_1,motif_10,motif_2,motif_3,motif_4,motif_5,motif_6,motif_8,motif_9	5.53e-30	0.9	true	1	all	7.3e-23	67.1	any_required	PF00201	1	1	complete	True	True	True	True	True	complete	True	True	retained
GMO.00002176.v1.g339730.t1	ugt	Conjugation, transfer, and redox chemistry								184.6	7.2e-54	557	proteome_v1_exact	full_length	round2	GMO.00002176.v1.g339730.t1	confirmed	confirmed	strong_only	True	False	8	10	motif_1,motif_10,motif_2,motif_3,motif_4,motif_5,motif_8,motif_9	1.8400000000000002e-29	0.8	true	1	all	1.9999999999999998e-26	78.8	any_required	PF00201	1	1	complete	True	True	True	True	True	complete	True	True	retained
GMO.00002275.v1.g406190.t1	ugt	Conjugation, transfer, and redox chemistry								181.9	4.7e-53	498	proteome_v1_exact	full_length	round2	GMO.00002275.v1.g406190.t1	confirmed	confirmed	strong_only	True	False	10	10	motif_1,motif_10,motif_2,motif_3,motif_4,motif_5,motif_6,motif_7,motif_8,motif_9	6.85e-36	1.0	true	1	all	3.1e-32	98.0	any_required	PF00201	1	1	complete	True	True	True	True	True	complete	True	True	retained
GMO.00002276.v1.g412050.t1	ugt	Conjugation, transfer, and redox chemistry								181.9	4.7e-53	498	proteome_v1_exact	full_length	round2	GMO.00002276.v1.g412050.t1	confirmed	confirmed	strong_only	True	False	10	10	motif_1,motif_10,motif_2,motif_3,motif_4,motif_5,motif_6,motif_7,motif_8,motif_9	6.85e-36	1.0	true	1	all	3.1e-32	98.0	any_required	PF00201	1	1	complete	True	True	True	True	True	complete	True	True	retained
GMO.00002468.v1.g548850.t1	ugt	Conjugation, transfer, and redox chemistry								181.2	7.6e-53	493	proteome_v1_exact	full_length	round2	GMO.00002468.v1.g548850.t1	confirmed	confirmed	strong_only	True	False	10	10	motif_1,motif_10,motif_2,motif_3,motif_4,motif_5,motif_6,motif_7,motif_8,motif_9	1.25e-30	1.0	true	1	all	2.4e-23	68.7	any_required	PF00201	1	1	complete	True	True	True	True	True	complete	True	True	retained
GMO.00002276.v1.g412090.t1	ugt	Conjugation, transfer, and redox chemistry								181.1	8.199999999999999e-53	498	proteome_v1_exact	full_length	round2	GMO.00002276.v1.g412090.t1	confirmed	confirmed	strong_only	True	False	10	10	motif_1,motif_10,motif_2,motif_3,motif_4,motif_5,motif_6,motif_7,motif_8,motif_9	1.56e-33	1.0	true	1	all	2.8e-32	98.2	any_required	PF00201	1	1	complete	True	True	True	True	True	complete	True	True	retained
GMO.00001343.v1.g156040.t1	ugt	Conjugation, transfer, and redox chemistry								181.0	8.499999999999999e-53	458	proteome_v1_exact	full_length	round2	GMO.00001343.v1.g156040.t1	confirmed	confirmed	strong_only	True	False	10	10	motif_1,motif_10,motif_2,motif_3,motif_4,motif_5,motif_6,motif_7,motif_8,motif_9	4.2800000000000003e-33	1.0	true	1	all	8.5e-29	86.7	any_required	PF00201	1	1	complete	True	True	True	True	True	complete	True	True	retained
GMO.00001399.v1.g180070.t1	ugt	Conjugation, transfer, and redox chemistry								180.5	1.2e-52	458	proteome_v1_exact	full_length	round2	GMO.00001399.v1.g180070.t1	confirmed	confirmed	strong_only	True	False	10	10	motif_1,motif_10,motif_2,motif_3,motif_4,motif_5,motif_6,motif_7,motif_8,motif_9	3.12e-33	1.0	true	1	all	1.8000000000000002e-28	85.6	any_required	PF00201	1	1	complete	True	True	True	True	True	complete	True	True	retained
GMO.00001247.v1.g133930.t1	ugt	Conjugation, transfer, and redox chemistry								179.2	3.2e-52	493	proteome_v1_exact	full_length	round2	GMO.00001247.v1.g133930.t1	confirmed	confirmed	strong_only	True	False	10	10	motif_1,motif_10,motif_2,motif_3,motif_4,motif_5,motif_6,motif_7,motif_8,motif_9	1.25e-30	1.0	true	1	all	5.5999999999999996e-24	70.8	any_required	PF00201	1	1	complete	True	True	True	True	True	complete	True	True	retained
GMO.00002176.v1.g339760.t1	ugt	Conjugation, transfer, and redox chemistry								177.9	7.8e-52	292	proteome_v1_exact	full_length	round2	GMO.00002176.v1.g339760.t1	confirmed	confirmed	strong_only	True	False	6	10	motif_1,motif_2,motif_4,motif_5,motif_6,motif_8	1e-27	0.6	true	1	all	1.9e-31	95.4	any_required	PF00201	1	1	complete	True	True	True	True	True	complete	True	True	retained
GMO.00002275.v1.g406170.t1	ugt	Conjugation, transfer, and redox chemistry								177.6	9.4e-52	498	proteome_v1_exact	full_length	round2	GMO.00002275.v1.g406170.t1	confirmed	confirmed	strong_only	True	False	10	10	motif_1,motif_10,motif_2,motif_3,motif_4,motif_5,motif_6,motif_7,motif_8,motif_9	6.85e-36	1.0	true	1	all	1.8e-32	98.8	any_required	PF00201	1	1	complete	True	True	True	True	True	complete	True	True	retained
GMO.00001227.v1.g123860.t1	ugt	Conjugation, transfer, and redox chemistry								177.4	1.1e-51	483	proteome_v1_exact	full_length	round2	GMO.00001227.v1.g123860.t1	confirmed	confirmed	strong_only	True	False	10	10	motif_1,motif_10,motif_2,motif_3,motif_4,motif_5,motif_6,motif_7,motif_8,motif_9	5.820000000000001e-31	1.0	true	1	all	4.3e-27	81.0	any_required	PF00201	1	1	complete	True	True	True	True	True	complete	True	True	retained
GMO.00001247.v1.g133910.t2	ugt	Conjugation, transfer, and redox chemistry								174.6	7.6e-51	482	proteome_v1_exact	full_length	round2	GMO.00001247.v1.g133910.t2	confirmed	confirmed	strong_only	True	False	10	10	motif_1,motif_10,motif_2,motif_3,motif_4,motif_5,motif_6,motif_7,motif_8,motif_9	1.38e-31	1.0	true	1	all	1.4000000000000002e-22	66.1	any_required	PF00201	1	1	complete	True	True	True	True	True	complete	True	True	retained
GMO.00002468.v1.g548950.t2	ugt	Conjugation, transfer, and redox chemistry								173.4	1.7e-50	482	proteome_v1_exact	full_length	round2	GMO.00002468.v1.g548950.t2	confirmed	confirmed	strong_only	True	False	10	10	motif_1,motif_10,motif_2,motif_3,motif_4,motif_5,motif_6,motif_7,motif_8,motif_9	1.38e-31	1.0	true	1	all	1e-22	66.6	any_required	PF00201	1	1	complete	True	True	True	True	True	complete	True	True	retained
GMO.00001177.v1.g117200.t1	ugt	Conjugation, transfer, and redox chemistry								173.2	1.9999999999999998e-50	479	proteome_v1_exact	full_length	round2	GMO.00001177.v1.g117200.t1	confirmed	confirmed	strong_only	True	False	8	10	motif_1,motif_2,motif_3,motif_4,motif_5,motif_6,motif_8,motif_9	5.1199999999999995e-28	0.8	true	1	all	2.2e-22	65.5	any_required	PF00201	1	1	complete	True	True	True	True	True	complete	True	True	retained
GMO.00002283.v1.g427500.t1	ugt	Conjugation, transfer, and redox chemistry								172.6	3.2e-50	485	proteome_v1_exact	full_length	round2	GMO.00002283.v1.g427500.t1	confirmed	confirmed	strong_only	True	False	10	10	motif_1,motif_10,motif_2,motif_3,motif_4,motif_5,motif_6,motif_7,motif_8,motif_9	3.0500000000000003e-31	1.0	true	1	all	1.5e-26	79.2	any_required	PF00201	1	1	complete	True	True	True	True	True	complete	True	True	retained
GMO.00002283.v1.g427450.t1	ugt	Conjugation, transfer, and redox chemistry								171.5	6.8e-50	484	proteome_v1_exact	full_length	round2	GMO.00002283.v1.g427450.t1	confirmed	confirmed	strong_only	True	False	10	10	motif_1,motif_10,motif_2,motif_3,motif_4,motif_5,motif_6,motif_7,motif_8,motif_9	5.820000000000001e-31	1.0	true	1	all	1.5e-26	79.3	any_required	PF00201	1	1	complete	True	True	True	True	True	complete	True	True	retained
GMO.00002468.v1.g548890.t1	ugt	Conjugation, transfer, and redox chemistry								171.5	6.8e-50	493	proteome_v1_exact	full_length	round2	GMO.00002468.v1.g548890.t1	confirmed	confirmed	strong_only	True	False	10	10	motif_1,motif_10,motif_2,motif_3,motif_4,motif_5,motif_6,motif_7,motif_8,motif_9	1.25e-30	1.0	true	1	all	3.599999999999999e-24	71.4	any_required	PF00201	1	1	complete	True	True	True	True	True	complete	True	True	retained
GMO.00002354.v1.g499010.t1	ugt	Conjugation, transfer, and redox chemistry								171.4	7e-50	479	proteome_v1_exact	full_length	round2	GMO.00002354.v1.g499010.t1	confirmed	confirmed	strong_only	True	False	8	10	motif_1,motif_2,motif_3,motif_4,motif_5,motif_6,motif_8,motif_9	1.17e-27	0.8	true	1	all	2.1e-21	62.3	any_required	PF00201	1	1	complete	True	True	True	True	True	complete	True	True	retained
GMO.00000895.v1.g084000.t1	ugt	Conjugation, transfer, and redox chemistry								171.1	9e-50	476	proteome_v1_exact	full_length	round2	GMO.00000895.v1.g084000.t1	confirmed	confirmed	strong_only	True	False	10	10	motif_1,motif_10,motif_2,motif_3,motif_4,motif_5,motif_6,motif_7,motif_8,motif_9	2.7100000000000004e-37	1.0	true	1	all	5.1e-28	84.1	any_required	PF00201	1	1	complete	True	True	True	True	True	complete	True	True	retained
GMO.00002453.v1.g537990.t1	ugt	Conjugation, transfer, and redox chemistry								169.8	2.1e-49	486	proteome_v1_exact	full_length	round2	GMO.00002453.v1.g537990.t1	confirmed	confirmed	strong_only	True	False	10	10	motif_1,motif_10,motif_2,motif_3,motif_4,motif_5,motif_6,motif_7,motif_8,motif_9	1.5800000000000002e-31	1.0	true	1	all	5.899999999999999e-26	77.3	any_required	PF00201	1	1	complete	True	True	True	True	True	complete	True	True	retained
GMO.00001227.v1.g123890.t1	ugt	Conjugation, transfer, and redox chemistry								169.5	2.7e-49	485	proteome_v1_exact	full_length	round2	GMO.00001227.v1.g123890.t1	confirmed	confirmed	strong_only	True	False	10	10	motif_1,motif_10,motif_2,motif_3,motif_4,motif_5,motif_6,motif_7,motif_8,motif_9	5.820000000000001e-31	1.0	true	1	all	5.500000000000001e-28	84.0	any_required	PF00201	1	1	complete	True	True	True	True	True	complete	True	True	retained
GMO.00002275.v1.g406180.t1	ugt	Conjugation, transfer, and redox chemistry								169.2	3.3999999999999997e-49	499	proteome_v1_exact	full_length	round2	GMO.00002275.v1.g406180.t1	confirmed	confirmed	strong_only	True	False	10	10	motif_1,motif_10,motif_2,motif_3,motif_4,motif_5,motif_6,motif_7,motif_8,motif_9	1.12e-33	1.0	true	1	all	4.9000000000000005e-33	100.7	any_required	PF00201	1	1	complete	True	True	True	True	True	complete	True	True	retained
GMO.00002276.v1.g412060.t1	ugt	Conjugation, transfer, and redox chemistry								169.2	3.3999999999999997e-49	499	proteome_v1_exact	full_length	round2	GMO.00002276.v1.g412060.t1	confirmed	confirmed	strong_only	True	False	10	10	motif_1,motif_10,motif_2,motif_3,motif_4,motif_5,motif_6,motif_7,motif_8,motif_9	1.12e-33	1.0	true	1	all	4.9000000000000005e-33	100.7	any_required	PF00201	1	1	complete	True	True	True	True	True	complete	True	True	retained
GMO.00001227.v1.g123830.t1	ugt	Conjugation, transfer, and redox chemistry								167.3	1.3000000000000001e-48	485	proteome_v1_exact	full_length	round2	GMO.00001227.v1.g123830.t1	confirmed	confirmed	strong_only	True	False	10	10	motif_1,motif_10,motif_2,motif_3,motif_4,motif_5,motif_6,motif_7,motif_8,motif_9	8.28e-31	1.0	true	1	all	1.7e-26	79.1	any_required	PF00201	1	1	complete	True	True	True	True	True	complete	True	True	retained
GMO.00000895.v1.g083980.t1	ugt	Conjugation, transfer, and redox chemistry								166.6	2e-48	486	proteome_v1_exact	full_length	round2	GMO.00000895.v1.g083980.t1	confirmed	confirmed	strong_only	True	False	10	10	motif_1,motif_10,motif_2,motif_3,motif_4,motif_5,motif_6,motif_7,motif_8,motif_9	9.16e-32	1.0	true	1	all	4.1e-26	77.8	any_required	PF00201	1	1	complete	True	True	True	True	True	complete	True	True	retained
GMO.00001399.v1.g180040.t1	ugt	Conjugation, transfer, and redox chemistry								166.0	3.1e-48	463	proteome_v1_exact	full_length	round2	GMO.00001399.v1.g180040.t1	confirmed	confirmed	strong_only	True	False	9	10	motif_1,motif_10,motif_2,motif_3,motif_4,motif_5,motif_6,motif_8,motif_9	1.8100000000000002e-29	0.9	true	1	all	1.3e-27	82.8	any_required	PF00201	1	1	complete	True	True	True	True	True	complete	True	True	retained
GMO.00001694.v1.g224810.t1	ugt	Conjugation, transfer, and redox chemistry								165.3	5.2000000000000004e-48	478	proteome_v1_exact	full_length	round2	GMO.00001694.v1.g224810.t1	confirmed	confirmed	strong_only	True	False	9	10	motif_1,motif_10,motif_2,motif_3,motif_4,motif_6,motif_7,motif_8,motif_9	1.18e-33	0.9	true	1	all	1.3e-25	76.1	any_required	PF00201	1	1	complete	True	True	True	True	True	complete	True	True	retained
GMO.00002555.v1.g617440.t1	ugt	Conjugation, transfer, and redox chemistry								165.3	5.2000000000000004e-48	478	proteome_v1_exact	full_length	round2	GMO.00002555.v1.g617440.t1	confirmed	confirmed	strong_only	True	False	9	10	motif_1,motif_10,motif_2,motif_3,motif_4,motif_6,motif_7,motif_8,motif_9	1.18e-33	0.9	true	1	all	1.3e-25	76.1	any_required	PF00201	1	1	complete	True	True	True	True	True	complete	True	True	retained
GMO.00002453.v1.g537940.t1	ugt	Conjugation, transfer, and redox chemistry								164.4	9.5e-48	483	proteome_v1_exact	full_length	round2	GMO.00002453.v1.g537940.t1	confirmed	confirmed	strong_only	True	False	10	10	motif_1,motif_10,motif_2,motif_3,motif_4,motif_5,motif_6,motif_7,motif_8,motif_9	8.439999999999999e-38	1.0	true	1	all	9.6e-29	86.5	any_required	PF00201	1	1	complete	True	True	True	True	True	complete	True	True	retained
GMO.00001343.v1.g155980.t1	ugt	Conjugation, transfer, and redox chemistry								163.1	2.3e-47	463	proteome_v1_exact	full_length	round2	GMO.00001343.v1.g155980.t1	confirmed	confirmed	strong_only	True	False	9	10	motif_1,motif_10,motif_2,motif_3,motif_4,motif_5,motif_6,motif_8,motif_9	1.97e-30	0.9	true	1	all	4.8e-27	80.9	any_required	PF00201	1	1	complete	True	True	True	True	True	complete	True	True	retained
GMO.00001177.v1.g117170.t1	ugt	Conjugation, transfer, and redox chemistry								161.5	7.5e-47	471	proteome_v1_exact	full_length	round2	GMO.00001177.v1.g117170.t1	confirmed	confirmed	strong_only	True	False	9	10	motif_1,motif_2,motif_3,motif_4,motif_5,motif_6,motif_7,motif_8,motif_9	1.41e-27	0.9	true	1	all	1.7e-26	79.0	any_required	PF00201	1	1	complete	True	True	True	True	True	complete	True	True	retained
GMO.00001690.v1.g222820.t1	ugt	Conjugation, transfer, and redox chemistry								161.5	7.099999999999999e-47	481	proteome_v1_exact	full_length	round2	GMO.00001690.v1.g222820.t1	confirmed	confirmed	strong_only	True	False	10	10	motif_1,motif_10,motif_2,motif_3,motif_4,motif_5,motif_6,motif_7,motif_8,motif_9	1.06e-31	1.0	true	1	all	2.7999999999999998e-24	71.8	any_required	PF00201	1	1	complete	True	True	True	True	True	complete	True	True	retained
GMO.00001690.v1.g222830.t1	ugt	Conjugation, transfer, and redox chemistry								161.5	7.299999999999999e-47	492	proteome_v1_exact	full_length	round2	GMO.00001690.v1.g222830.t1	confirmed	confirmed	strong_only	True	False	10	10	motif_1,motif_10,motif_2,motif_3,motif_4,motif_5,motif_6,motif_7,motif_8,motif_9	2.94e-29	1.0	true	1	all	9.9e-22	63.4	any_required	PF00201	1	1	complete	True	True	True	True	True	complete	True	True	retained
GMO.00002465.v1.g547530.t1	ugt	Conjugation, transfer, and redox chemistry								161.5	7.299999999999999e-47	492	proteome_v1_exact	full_length	round2	GMO.00002465.v1.g547530.t1	confirmed	confirmed	strong_only	True	False	10	10	motif_1,motif_10,motif_2,motif_3,motif_4,motif_5,motif_6,motif_7,motif_8,motif_9	2.94e-29	1.0	true	1	all	9.9e-22	63.4	any_required	PF00201	1	1	complete	True	True	True	True	True	complete	True	True	retained
GMO.00002465.v1.g547540.t1	ugt	Conjugation, transfer, and redox chemistry								161.5	7.099999999999999e-47	481	proteome_v1_exact	full_length	round2	GMO.00002465.v1.g547540.t1	confirmed	confirmed	strong_only	True	False	10	10	motif_1,motif_10,motif_2,motif_3,motif_4,motif_5,motif_6,motif_7,motif_8,motif_9	1.06e-31	1.0	true	1	all	2.7999999999999998e-24	71.8	any_required	PF00201	1	1	complete	True	True	True	True	True	complete	True	True	retained
GMO.00000895.v1.g084020.t1	ugt	Conjugation, transfer, and redox chemistry								161.1	9.4e-47	483	proteome_v1_exact	full_length	round2	GMO.00000895.v1.g084020.t1	confirmed	confirmed	strong_only	True	False	10	10	motif_1,motif_10,motif_2,motif_3,motif_4,motif_5,motif_6,motif_7,motif_8,motif_9	3.1300000000000003e-35	1.0	true	1	all	4.2e-28	84.4	any_required	PF00201	1	1	complete	True	True	True	True	True	complete	True	True	retained
GMO.00002354.v1.g499050.t1	ugt	Conjugation, transfer, and redox chemistry								158.9	4.5e-46	471	proteome_v1_exact	full_length	round2	GMO.00002354.v1.g499050.t1	confirmed	confirmed	strong_only	True	False	9	10	motif_1,motif_2,motif_3,motif_4,motif_5,motif_6,motif_7,motif_8,motif_9	1.41e-27	0.9	true	1	all	2.6e-26	78.5	any_required	PF00201	1	1	complete	True	True	True	True	True	complete	True	True	retained
GMO.00002253.v1.g377240.t1	ugt	Conjugation, transfer, and redox chemistry								158.6	5.2999999999999994e-46	492	proteome_v1_exact	full_length	round2	GMO.00002253.v1.g377240.t1	confirmed	confirmed	strong_only	True	False	10	10	motif_1,motif_10,motif_2,motif_3,motif_4,motif_5,motif_6,motif_7,motif_8,motif_9	5.010000000000001e-31	1.0	true	1	all	8.2e-31	93.3	any_required	PF00201	1	1	complete	True	True	True	True	True	complete	True	True	retained
GMO.00002695.v1.g661220.t1	ugt	Conjugation, transfer, and redox chemistry								157.0	1.7e-45	479	proteome_v1_exact	full_length	round2	GMO.00002695.v1.g661220.t1	confirmed	confirmed	strong_only	True	False	10	10	motif_1,motif_10,motif_2,motif_3,motif_4,motif_5,motif_6,motif_7,motif_8,motif_9	4.19e-31	1.0	true	1	all	5.399999999999999e-25	74.1	any_required	PF00201	1	1	complete	True	True	True	True	True	complete	True	True	retained
GMO.00002317.v1.g452620.t1	ugt	Conjugation, transfer, and redox chemistry								155.3	5.4000000000000003e-45	479	proteome_v1_exact	full_length	round2	GMO.00002317.v1.g452620.t1	confirmed	confirmed	strong_only	True	False	10	10	motif_1,motif_10,motif_2,motif_3,motif_4,motif_5,motif_6,motif_7,motif_8,motif_9	4.19e-31	1.0	true	1	all	1.7999999999999997e-24	72.4	any_required	PF00201	1	1	complete	True	True	True	True	True	complete	True	True	retained
GMO.00000895.v1.g084010.t1	ugt	Conjugation, transfer, and redox chemistry								155.1	6.3e-45	478	proteome_v1_exact	full_length	round2	GMO.00000895.v1.g084010.t1	confirmed	confirmed	strong_only	True	False	10	10	motif_1,motif_10,motif_2,motif_3,motif_4,motif_5,motif_6,motif_7,motif_8,motif_9	1.67e-36	1.0	true	1	all	3.5e-27	81.3	any_required	PF00201	1	1	complete	True	True	True	True	True	complete	True	True	retained
GMO.00002453.v1.g537950.t1	ugt	Conjugation, transfer, and redox chemistry								154.2	1.2e-44	478	proteome_v1_exact	full_length	round2	GMO.00002453.v1.g537950.t1	confirmed	confirmed	strong_only	True	False	10	10	motif_1,motif_10,motif_2,motif_3,motif_4,motif_5,motif_6,motif_7,motif_8,motif_9	2.7e-33	1.0	true	1	all	2.9e-27	81.6	any_required	PF00201	1	1	complete	True	True	True	True	True	complete	True	True	retained
GMO.00001385.v1.g174740.t1	ugt	Conjugation, transfer, and redox chemistry								153.3	2.3e-44	489	proteome_v1_exact	full_length	round2	GMO.00001385.v1.g174740.t1	confirmed	confirmed	strong_only	True	False	10	10	motif_1,motif_10,motif_2,motif_3,motif_4,motif_5,motif_6,motif_7,motif_8,motif_9	1.32e-29	1.0	true	1	all	1.7e-24	72.5	any_required	PF00201	1	1	complete	True	True	True	True	True	complete	True	True	retained
GMO.00001047.v1.g096250.t1	ugt	Conjugation, transfer, and redox chemistry								152.8	3.2000000000000004e-44	477	proteome_v1_exact	full_length	round2	GMO.00001047.v1.g096250.t1	confirmed	confirmed	strong_only	True	False	10	10	motif_1,motif_10,motif_2,motif_3,motif_4,motif_5,motif_6,motif_7,motif_8,motif_9	2.99e-30	1.0	true	1	all	1.7e-23	69.1	any_required	PF00201	1	1	complete	True	True	True	True	True	complete	True	True	retained
GMO.00002425.v1.g524420.t1	ugt	Conjugation, transfer, and redox chemistry								152.8	3.2000000000000004e-44	477	proteome_v1_exact	full_length	round2	GMO.00002425.v1.g524420.t1	confirmed	confirmed	strong_only	True	False	10	10	motif_1,motif_10,motif_2,motif_3,motif_4,motif_5,motif_6,motif_7,motif_8,motif_9	2.99e-30	1.0	true	1	all	1.7e-23	69.1	any_required	PF00201	1	1	complete	True	True	True	True	True	complete	True	True	retained
GMO.00001343.v1.g160360.t1	ugt	Conjugation, transfer, and redox chemistry								152.5	4e-44	491	proteome_v1_exact	full_length	round2	GMO.00001343.v1.g160360.t1	confirmed	confirmed	strong_only	True	False	10	10	motif_1,motif_10,motif_2,motif_3,motif_4,motif_5,motif_6,motif_7,motif_8,motif_9	5.2200000000000005e-31	1.0	true	1	all	1.2e-24	72.9	any_required	PF00201	1	1	complete	True	True	True	True	True	complete	True	True	retained
GMO.00002453.v1.g537910.t1	ugt	Conjugation, transfer, and redox chemistry								149.7	2.8e-43	495	proteome_v1_exact	full_length	round2	GMO.00002453.v1.g537910.t1	confirmed	confirmed	strong_only	True	False	10	10	motif_1,motif_10,motif_2,motif_3,motif_4,motif_5,motif_6,motif_7,motif_8,motif_9	3.2200000000000004e-33	1.0	true	1	all	9.999999999999999e-27	79.8	any_required	PF00201	1	1	complete	True	True	True	True	True	complete	True	True	retained
GMO.00000895.v1.g083990.t1	ugt	Conjugation, transfer, and redox chemistry								149.1	4.199999999999999e-43	479	proteome_v1_exact	full_length	round2	GMO.00000895.v1.g083990.t1	confirmed	confirmed	strong_only	True	False	10	10	motif_1,motif_10,motif_2,motif_3,motif_4,motif_5,motif_6,motif_7,motif_8,motif_9	2.58e-36	1.0	true	1	all	2.6e-27	81.7	any_required	PF00201	1	1	complete	True	True	True	True	True	complete	True	True	retained
GMO.00002466.v1.g547610.t1	ugt	Conjugation, transfer, and redox chemistry								148.7	5.499999999999999e-43	494	proteome_v1_exact	full_length	round2	GMO.00002466.v1.g547610.t1	confirmed	confirmed	strong_only	True	False	10	10	motif_1,motif_10,motif_2,motif_3,motif_4,motif_5,motif_6,motif_7,motif_8,motif_9	2.49e-30	1.0	true	1	all	9.3e-25	73.3	any_required	PF00201	1	1	complete	True	True	True	True	True	complete	True	True	retained
GMO.00001343.v1.g155990.t1	ugt	Conjugation, transfer, and redox chemistry								148.6	6.0999999999999996e-43	463	proteome_v1_exact	full_length	round2	GMO.00001343.v1.g155990.t1	confirmed	confirmed	strong_only	True	False	9	10	motif_1,motif_10,motif_2,motif_3,motif_4,motif_5,motif_6,motif_8,motif_9	1.1800000000000001e-29	0.9	true	1	all	2.1999999999999997e-25	75.4	any_required	PF00201	1	1	complete	True	True	True	True	True	complete	True	True	retained
GMO.00001817.v1.g250650.t1	ugt	Conjugation, transfer, and redox chemistry								146.9	2.7e-41	460	proteome_v1_exact	full_length	round2	GMO.00001817.v1.g250650.t1	confirmed	confirmed	strong_only	True	False	8	10	motif_1,motif_2,motif_3,motif_4,motif_5,motif_6,motif_8,motif_9	1.34e-27	0.8	true	1	all	1e-46	145.8	any_required	PF00201	1	1	complete	True	True	True	True	True	complete	True	True	retained
GMO.00001343.v1.g156010.t1	ugt	Conjugation, transfer, and redox chemistry								146.7	2.2e-42	472	proteome_v1_exact	full_length	round2	GMO.00001343.v1.g156010.t1	confirmed	confirmed	strong_only	True	False	9	10	motif_1,motif_10,motif_2,motif_3,motif_4,motif_5,motif_6,motif_8,motif_9	3.72e-30	0.9	true	1	all	6e-25	74.0	any_required	PF00201	1	1	complete	True	True	True	True	True	complete	True	True	retained
GMO.00001111.v1.g110370.t1	ugt	Conjugation, transfer, and redox chemistry								146.5	2.5e-42	461	proteome_v1_exact	full_length	round2	GMO.00001111.v1.g110370.t1	confirmed	confirmed	strong_only	True	False	9	10	motif_1,motif_2,motif_3,motif_4,motif_5,motif_6,motif_7,motif_8,motif_9	3.52e-25	0.9	true	1	all	3.2e-37	114.4	any_required	PF00201	1	1	complete	True	True	True	True	True	complete	True	True	retained
GMO.00001399.v1.g180050.t1	ugt	Conjugation, transfer, and redox chemistry								146.2	3.2e-42	463	proteome_v1_exact	full_length	round2	GMO.00001399.v1.g180050.t1	confirmed	confirmed	strong_only	True	False	9	10	motif_1,motif_10,motif_2,motif_3,motif_4,motif_5,motif_6,motif_8,motif_9	1.79e-30	0.9	true	1	all	2.1e-25	75.5	any_required	PF00201	1	1	complete	True	True	True	True	True	complete	True	True	retained
GMO.00002427.v1.g525470.t1	ugt	Conjugation, transfer, and redox chemistry								145.5	7.2e-41	458	proteome_v1_exact	full_length	round2	GMO.00002427.v1.g525470.t1	confirmed	confirmed	strong_only	True	False	8	10	motif_1,motif_2,motif_3,motif_4,motif_5,motif_6,motif_8,motif_9	6.78e-27	0.8	true	1	all	2.5999999999999998e-46	144.4	any_required	PF00201	1	1	complete	True	True	True	True	True	complete	True	True	retained
GMO.00002782.v1.g683640.t1	ugt	Conjugation, transfer, and redox chemistry								144.9	7.8e-42	494	proteome_v1_exact	full_length	round2	GMO.00002782.v1.g683640.t1	confirmed	confirmed	strong_only	True	False	10	10	motif_1,motif_10,motif_2,motif_3,motif_4,motif_5,motif_6,motif_7,motif_8,motif_9	2.49e-30	1.0	true	1	all	1.0999999999999998e-24	73.1	any_required	PF00201	1	1	complete	True	True	True	True	True	complete	True	True	retained
GMO.00002612.v1.g636460.t1	ugt	Conjugation, transfer, and redox chemistry								144.5	1e-41	481	proteome_v1_exact	full_length	round2	GMO.00002612.v1.g636460.t1	confirmed	confirmed	strong_only	True	False	9	10	motif_1,motif_2,motif_3,motif_4,motif_5,motif_6,motif_7,motif_8,motif_9	5.33e-36	0.9	true	1	all	2.5e-27	81.8	any_required	PF00201	1	1	complete	True	True	True	True	True	complete	True	True	retained
GMO.00001343.v1.g155970.t1	ugt	Conjugation, transfer, and redox chemistry								143.9	1.5999999999999998e-41	492	proteome_v1_exact	full_length	round2	GMO.00001343.v1.g155970.t1	confirmed	confirmed	strong_only	True	False	9	10	motif_1,motif_10,motif_2,motif_3,motif_4,motif_5,motif_6,motif_8,motif_9	4.03e-28	0.9	true	1	all	1.0999999999999999e-25	76.3	any_required	PF00201	1	1	complete	True	True	True	True	True	complete	True	True	retained
GMO.00002273.v1.g402620.t1	ugt	Conjugation, transfer, and redox chemistry								143.5	2e-41	480	proteome_v1_exact	full_length	round2	GMO.00002273.v1.g402620.t1	confirmed	confirmed	strong_only	True	False	10	10	motif_1,motif_10,motif_2,motif_3,motif_4,motif_5,motif_6,motif_7,motif_8,motif_9	1.34e-26	1.0	true	1	all	6.8e-20	57.3	any_required	PF00201	1	1	complete	True	True	True	True	True	complete	True	True	retained
GMO.00002601.v1.g630520.t1	ugt	Conjugation, transfer, and redox chemistry								143.5	2e-41	480	proteome_v1_exact	full_length	round2	GMO.00002601.v1.g630520.t1	confirmed	confirmed	strong_only	True	False	9	10	motif_1,motif_2,motif_3,motif_4,motif_5,motif_6,motif_7,motif_8,motif_9	5.33e-36	0.9	true	1	all	9.7e-27	79.9	any_required	PF00201	1	1	complete	True	True	True	True	True	complete	True	True	retained
GMO.00001399.v1.g180030.t1	ugt	Conjugation, transfer, and redox chemistry								143.2	2.6e-41	490	proteome_v1_exact	full_length	round2	GMO.00001399.v1.g180030.t1	confirmed	confirmed	strong_only	True	False	9	10	motif_1,motif_10,motif_2,motif_3,motif_4,motif_5,motif_6,motif_8,motif_9	4.03e-28	0.9	true	1	all	4.7e-26	77.6	any_required	PF00201	1	1	complete	True	True	True	True	True	complete	True	True	retained
GMO.00001343.v1.g160390.t1	ugt	Conjugation, transfer, and redox chemistry								143.0	3e-41	499	proteome_v1_exact	full_length	round2	GMO.00001343.v1.g160390.t1	confirmed	confirmed	strong_only	True	False	10	10	motif_1,motif_10,motif_2,motif_3,motif_4,motif_5,motif_6,motif_7,motif_8,motif_9	1.62e-32	1.0	true	1	all	1.0000000000000001e-23	69.9	any_required	PF00201	1	1	complete	True	True	True	True	True	complete	True	True	retained
GMO.00002453.v1.g537900.t1	ugt	Conjugation, transfer, and redox chemistry								142.7	3.6999999999999997e-41	492	proteome_v1_exact	full_length	round2	GMO.00002453.v1.g537900.t1	confirmed	confirmed	strong_only	True	False	10	10	motif_1,motif_10,motif_2,motif_3,motif_4,motif_5,motif_6,motif_7,motif_8,motif_9	1.01e-34	1.0	true	1	all	1.8999999999999998e-24	72.3	any_required	PF00201	1	1	complete	True	True	True	True	True	complete	True	True	retained
GMO.00002466.v1.g547560.t1	ugt	Conjugation, transfer, and redox chemistry								142.2	5.1e-41	495	proteome_v1_exact	full_length	round2	GMO.00002466.v1.g547560.t1	confirmed	confirmed	strong_only	True	False	10	10	motif_1,motif_10,motif_2,motif_3,motif_4,motif_5,motif_6,motif_7,motif_8,motif_9	6.96e-32	1.0	true	1	all	1.2e-22	66.4	any_required	PF00201	1	1	complete	True	True	True	True	True	complete	True	True	retained
GMO.00002783.v1.g683710.t1	ugt	Conjugation, transfer, and redox chemistry								142.2	5.1e-41	495	proteome_v1_exact	full_length	round2	GMO.00002783.v1.g683710.t1	confirmed	confirmed	strong_only	True	False	10	10	motif_1,motif_10,motif_2,motif_3,motif_4,motif_5,motif_6,motif_7,motif_8,motif_9	6.96e-32	1.0	true	1	all	1.2e-22	66.4	any_required	PF00201	1	1	complete	True	True	True	True	True	complete	True	True	retained
GMO.00002553.v1.g615790.t1	ugt	Conjugation, transfer, and redox chemistry								141.7	7.2e-41	480	proteome_v1_exact	full_length	round2	GMO.00002553.v1.g615790.t1	confirmed	confirmed	strong_only	True	False	10	10	motif_1,motif_10,motif_2,motif_3,motif_4,motif_5,motif_6,motif_7,motif_8,motif_9	2.13e-35	1.0	true	1	all	1.7e-23	69.2	any_required	PF00201	1	1	complete	True	True	True	True	True	complete	True	True	retained
GMO.00001690.v1.g222860.t1	ugt	Conjugation, transfer, and redox chemistry								141.6	7.6e-41	493	proteome_v1_exact	full_length	round2	GMO.00001690.v1.g222860.t1	confirmed	confirmed	strong_only	True	False	10	10	motif_1,motif_10,motif_2,motif_3,motif_4,motif_5,motif_6,motif_7,motif_8,motif_9	6.67e-30	1.0	true	1	all	5.2e-23	67.6	any_required	PF00201	1	1	complete	True	True	True	True	True	complete	True	True	retained
GMO.00002465.v1.g547500.t1	ugt	Conjugation, transfer, and redox chemistry								141.6	7.6e-41	493	proteome_v1_exact	full_length	round2	GMO.00002465.v1.g547500.t1	confirmed	confirmed	strong_only	True	False	10	10	motif_1,motif_10,motif_2,motif_3,motif_4,motif_5,motif_6,motif_7,motif_8,motif_9	6.67e-30	1.0	true	1	all	5.2e-23	67.6	any_required	PF00201	1	1	complete	True	True	True	True	True	complete	True	True	retained
GMO.00002317.v1.g452590.t1	ugt	Conjugation, transfer, and redox chemistry								141.5	8.6e-41	449	proteome_v1_exact	full_length	round2	GMO.00002317.v1.g452590.t1	confirmed	confirmed	strong_only	True	False	10	10	motif_1,motif_10,motif_2,motif_3,motif_4,motif_5,motif_6,motif_7,motif_8,motif_9	4.55e-32	1.0	true	1	all	8.5e-29	86.7	any_required	PF00201	1	1	complete	True	True	True	True	True	complete	True	True	retained
GMO.00002453.v1.g537980.t1	ugt	Conjugation, transfer, and redox chemistry								141.3	9.399999999999999e-41	445	proteome_v1_exact	full_length	round2	GMO.00002453.v1.g537980.t1	confirmed	confirmed	strong_only	True	False	10	10	motif_1,motif_10,motif_2,motif_3,motif_4,motif_5,motif_6,motif_7,motif_8,motif_9	2.16e-36	1.0	true	1	all	5.9000000000000005e-27	80.6	any_required	PF00201	1	1	complete	True	True	True	True	True	complete	True	True	retained
GMO.00002304.v1.g451140.t1	ugt	Conjugation, transfer, and redox chemistry								140.6	1.6e-40	480	proteome_v1_exact	full_length	round2	GMO.00002304.v1.g451140.t1	confirmed	confirmed	strong_only	True	False	10	10	motif_1,motif_10,motif_2,motif_3,motif_4,motif_5,motif_6,motif_7,motif_8,motif_9	1.34e-26	1.0	true	1	all	6.8e-20	57.3	any_required	PF00201	1	1	complete	True	True	True	True	True	complete	True	True	retained
GMO.00001385.v1.g174770.t1	ugt	Conjugation, transfer, and redox chemistry								140.4	1.9e-40	504	proteome_v1_exact	full_length	round2	GMO.00001385.v1.g174770.t1	confirmed	confirmed	strong_only	True	False	10	10	motif_1,motif_10,motif_2,motif_3,motif_4,motif_5,motif_6,motif_7,motif_8,motif_9	2.57e-33	1.0	true	1	all	3.7e-24	71.4	any_required	PF00201	1	1	complete	True	True	True	True	True	complete	True	True	retained
GMO.00002695.v1.g661250.t1	ugt	Conjugation, transfer, and redox chemistry								140.3	1.9e-40	427	proteome_v1_exact	full_length	round2	GMO.00002695.v1.g661250.t1	confirmed	confirmed	strong_only	True	False	9	10	motif_1,motif_10,motif_2,motif_4,motif_5,motif_6,motif_7,motif_8,motif_9	4.55e-32	0.9	true	1	all	1.4999999999999998e-29	89.2	any_required	PF00201	1	1	complete	True	True	True	True	True	complete	True	True	retained
GMO.00000895.v1.g084060.t1	ugt	Conjugation, transfer, and redox chemistry								140.1	2.3e-40	492	proteome_v1_exact	full_length	round2	GMO.00000895.v1.g084060.t1	confirmed	confirmed	strong_only	True	False	10	10	motif_1,motif_10,motif_2,motif_3,motif_4,motif_5,motif_6,motif_7,motif_8,motif_9	1.01e-34	1.0	true	1	all	1.4999999999999998e-24	72.7	any_required	PF00201	1	1	complete	True	True	True	True	True	complete	True	True	retained
GMO.00001690.v1.g222910.t1	ugt	Conjugation, transfer, and redox chemistry								139.8	2.8e-40	501	proteome_v1_exact	full_length	round2	GMO.00001690.v1.g222910.t1	confirmed	confirmed	strong_only	True	False	10	10	motif_1,motif_10,motif_2,motif_3,motif_4,motif_5,motif_6,motif_7,motif_8,motif_9	1.64e-33	1.0	true	1	all	4.8e-21	61.1	any_required	PF00201	1	1	complete	True	True	True	True	True	complete	True	True	retained
GMO.00000743.v1.g063840.t1	ugt	Conjugation, transfer, and redox chemistry								139.5	3.5e-40	501	proteome_v1_exact	full_length	round2	GMO.00000743.v1.g063840.t1	confirmed	confirmed	strong_only	True	False	9	10	motif_1,motif_2,motif_3,motif_4,motif_5,motif_6,motif_7,motif_8,motif_9	7.73e-28	0.9	true	1	all	2.8000000000000002e-30	91.6	any_required	PF00201	1	1	complete	True	True	True	True	True	complete	True	True	retained
GMO.00001177.v1.g117210.t1	ugt	Conjugation, transfer, and redox chemistry								139.5	3.3e-40	480	proteome_v1_exact	full_length	round2	GMO.00001177.v1.g117210.t1	confirmed	confirmed	strong_only	True	False	8	10	motif_1,motif_2,motif_3,motif_4,motif_5,motif_6,motif_8,motif_9	1.3199999999999999e-28	0.8	true	1	all	1.4999999999999998e-24	72.6	any_required	PF00201	1	1	complete	True	True	True	True	True	complete	True	True	retained
GMO.00001508.v1.g187390.t1	ugt	Conjugation, transfer, and redox chemistry								139.5	3.5e-40	480	proteome_v1_exact	full_length	round2	GMO.00001508.v1.g187390.t1	confirmed	confirmed	strong_only	True	False	10	10	motif_1,motif_10,motif_2,motif_3,motif_4,motif_5,motif_6,motif_7,motif_8,motif_9	2.13e-35	1.0	true	1	all	1.6000000000000002e-23	69.2	any_required	PF00201	1	1	complete	True	True	True	True	True	complete	True	True	retained
GMO.00002354.v1.g499000.t1	ugt	Conjugation, transfer, and redox chemistry								139.5	3.3e-40	480	proteome_v1_exact	full_length	round2	GMO.00002354.v1.g499000.t1	confirmed	confirmed	strong_only	True	False	8	10	motif_1,motif_2,motif_3,motif_4,motif_5,motif_6,motif_8,motif_9	1.3199999999999999e-28	0.8	true	1	all	1.4999999999999998e-24	72.6	any_required	PF00201	1	1	complete	True	True	True	True	True	complete	True	True	retained
GMO.00002271.v1.g400150.t1	ugt	Conjugation, transfer, and redox chemistry								139.2	4.1e-40	478	proteome_v1_exact	full_length	round2	GMO.00002271.v1.g400150.t1	confirmed	confirmed	strong_only	True	False	9	10	motif_1,motif_2,motif_3,motif_4,motif_5,motif_6,motif_7,motif_8,motif_9	7.73e-28	0.9	true	1	all	2.5000000000000002e-30	91.7	any_required	PF00201	1	1	complete	True	True	True	True	True	complete	True	True	retained
GMO.00002702.v1.g663680.t1	ugt	Conjugation, transfer, and redox chemistry								139.2	4.1e-40	487	proteome_v1_exact	full_length	round2	GMO.00002702.v1.g663680.t1	confirmed	confirmed	strong_only	True	False	10	10	motif_1,motif_10,motif_2,motif_3,motif_4,motif_5,motif_6,motif_7,motif_8,motif_9	2.13e-35	1.0	true	1	all	9.2e-25	73.4	any_required	PF00201	1	1	complete	True	True	True	True	True	complete	True	True	retained
GMO.00002465.v1.g547450.t1	ugt	Conjugation, transfer, and redox chemistry								139.0	4.7e-40	502	proteome_v1_exact	full_length	round2	GMO.00002465.v1.g547450.t1	confirmed	confirmed	strong_only	True	False	10	10	motif_1,motif_10,motif_2,motif_3,motif_4,motif_5,motif_6,motif_7,motif_8,motif_9	3.43e-33	1.0	true	1	all	6.6e-21	60.6	any_required	PF00201	1	1	complete	True	True	True	True	True	complete	True	True	retained
GMO.00001385.v1.g174750.t1	ugt	Conjugation, transfer, and redox chemistry								138.2	8.7e-40	486	proteome_v1_exact	full_length	round2	GMO.00001385.v1.g174750.t1	confirmed	confirmed	strong_only	True	False	10	10	motif_1,motif_10,motif_2,motif_3,motif_4,motif_5,motif_6,motif_7,motif_8,motif_9	5.44e-29	1.0	true	1	all	2.6e-23	68.6	any_required	PF00201	1	1	complete	True	True	True	True	True	complete	True	True	retained
GMO.00002658.v1.g657180.t1	ugt	Conjugation, transfer, and redox chemistry								138.2	8.7e-40	485	proteome_v1_exact	full_length	round2	GMO.00002658.v1.g657180.t1	confirmed	confirmed	strong_only	True	False	10	10	motif_1,motif_10,motif_2,motif_3,motif_4,motif_5,motif_6,motif_7,motif_8,motif_9	2.13e-35	1.0	true	1	all	1.0000000000000001e-24	73.2	any_required	PF00201	1	1	complete	True	True	True	True	True	complete	True	True	retained
GMO.00002695.v1.g660400.t1	ugt	Conjugation, transfer, and redox chemistry								138.2	8.3e-40	442	proteome_v1_exact	full_length	round2	GMO.00002695.v1.g660400.t1	confirmed	confirmed	strong_only	True	False	9	10	motif_1,motif_2,motif_3,motif_4,motif_5,motif_6,motif_7,motif_8,motif_9	1.99e-33	0.9	true	1	all	9.999999999999999e-26	76.5	any_required	PF00201	1	1	complete	True	True	True	True	True	complete	True	True	retained
GMO.00001399.v1.g180060.t1	ugt	Conjugation, transfer, and redox chemistry								138.1	9.2e-40	473	proteome_v1_exact	full_length	round2	GMO.00001399.v1.g180060.t1	confirmed	confirmed	strong_only	True	False	9	10	motif_1,motif_10,motif_2,motif_3,motif_4,motif_5,motif_6,motif_8,motif_9	3.72e-30	0.9	true	1	all	1.4000000000000002e-23	69.5	any_required	PF00201	1	1	complete	True	True	True	True	True	complete	True	True	retained
GMO.00002453.v1.g537970.t1	ugt	Conjugation, transfer, and redox chemistry								137.9	1.0000000000000001e-39	291	proteome_v1_exact	full_length	round2	GMO.00002453.v1.g537970.t1	confirmed	confirmed	strong_only	True	False	8	10	motif_1,motif_2,motif_4,motif_5,motif_6,motif_7,motif_8,motif_9	2.7100000000000004e-37	0.8	true	1	all	1.9000000000000003e-28	85.5	any_required	PF00201	1	1	complete	True	True	True	True	True	complete	True	True	retained
GMO.00001573.v1.g199640.t1	ugt	Conjugation, transfer, and redox chemistry								137.8	1.1e-39	483	proteome_v1_exact	full_length	round2	GMO.00001573.v1.g199640.t1	confirmed	confirmed	strong_only	True	False	9	10	motif_1,motif_2,motif_3,motif_4,motif_5,motif_6,motif_7,motif_8,motif_9	2.74e-29	0.9	true	1	all	1.7999999999999997e-24	72.4	any_required	PF00201	1	1	complete	True	True	True	True	True	complete	True	True	retained
GMO.00001573.v1.g199650.t1	ugt	Conjugation, transfer, and redox chemistry								137.5	1.3999999999999999e-39	483	proteome_v1_exact	full_length	round2	GMO.00001573.v1.g199650.t1	confirmed	confirmed	strong_only	True	False	9	10	motif_1,motif_2,motif_3,motif_4,motif_5,motif_6,motif_7,motif_8,motif_9	1.9800000000000002e-29	0.9	true	1	all	1.5999999999999999e-24	72.6	any_required	PF00201	1	1	complete	True	True	True	True	True	complete	True	True	retained
GMO.00000574.v1.g034170.t1	ugt	Conjugation, transfer, and redox chemistry								137.4	1.4999999999999998e-39	493	proteome_v1_exact	full_length	round2	GMO.00000574.v1.g034170.t1	confirmed	confirmed	strong_only	True	False	9	10	motif_1,motif_10,motif_2,motif_3,motif_4,motif_5,motif_6,motif_7,motif_8	3.4e-28	0.9	true	1	all	1.4e-25	76.0	any_required	PF00201	1	1	complete	True	True	True	True	True	complete	True	True	retained
GMO.00001343.v1.g160400.t1	ugt	Conjugation, transfer, and redox chemistry								137.3	1.6e-39	510	proteome_v1_exact	full_length	round2	GMO.00001343.v1.g160400.t1	confirmed	confirmed	strong_only	True	False	10	10	motif_1,motif_10,motif_2,motif_3,motif_4,motif_5,motif_6,motif_7,motif_8,motif_9	2.57e-33	1.0	true	1	all	1.5e-23	69.3	any_required	PF00201	1	1	complete	True	True	True	True	True	complete	True	True	retained
GMO.00002336.v1.g487290.t1	ugt	Conjugation, transfer, and redox chemistry								137.3	1.4999999999999998e-39	483	proteome_v1_exact	full_length	round2	GMO.00002336.v1.g487290.t1	confirmed	confirmed	strong_only	True	False	9	10	motif_1,motif_2,motif_3,motif_4,motif_5,motif_6,motif_7,motif_8,motif_9	1.9800000000000002e-29	0.9	true	1	all	1.8999999999999998e-24	72.3	any_required	PF00201	1	1	complete	True	True	True	True	True	complete	True	True	retained
GMO.00000895.v1.g084050.t1	ugt	Conjugation, transfer, and redox chemistry								136.7	2.3999999999999998e-39	432	proteome_v1_exact	full_length	round2	GMO.00000895.v1.g084050.t1	confirmed	confirmed	strong_only	True	False	9	10	motif_1,motif_10,motif_2,motif_4,motif_5,motif_6,motif_7,motif_8,motif_9	4.42e-33	0.9	true	1	all	4.9e-26	77.6	any_required	PF00201	1	1	complete	True	True	True	True	True	complete	True	True	retained
GMO.00002466.v1.g547630.t1	ugt	Conjugation, transfer, and redox chemistry								135.0	8.1e-39	499	proteome_v1_exact	full_length	round2	GMO.00002466.v1.g547630.t1	confirmed	confirmed	strong_only	True	False	10	10	motif_1,motif_10,motif_2,motif_3,motif_4,motif_5,motif_6,motif_7,motif_8,motif_9	1.57e-28	1.0	true	1	all	3e-24	71.7	any_required	PF00201	1	1	complete	True	True	True	True	True	complete	True	True	retained
GMO.00002782.v1.g683630.t1	ugt	Conjugation, transfer, and redox chemistry								135.0	8.1e-39	499	proteome_v1_exact	full_length	round2	GMO.00002782.v1.g683630.t1	confirmed	confirmed	strong_only	True	False	10	10	motif_1,motif_10,motif_2,motif_3,motif_4,motif_5,motif_6,motif_7,motif_8,motif_9	1.57e-28	1.0	true	1	all	3e-24	71.7	any_required	PF00201	1	1	complete	True	True	True	True	True	complete	True	True	retained
GMO.00001343.v1.g160370.t1	ugt	Conjugation, transfer, and redox chemistry								134.7	9.5e-39	486	proteome_v1_exact	full_length	round2	GMO.00001343.v1.g160370.t1	confirmed	confirmed	strong_only	True	False	10	10	motif_1,motif_10,motif_2,motif_3,motif_4,motif_5,motif_6,motif_7,motif_8,motif_9	8.9e-28	1.0	true	1	all	7.5e-23	67.0	any_required	PF00201	1	1	complete	True	True	True	True	True	complete	True	True	retained
GMO.00002466.v1.g547570.t1	ugt	Conjugation, transfer, and redox chemistry								133.8	1.8e-38	495	proteome_v1_exact	full_length	round2	GMO.00002466.v1.g547570.t1	confirmed	confirmed	strong_only	True	False	10	10	motif_1,motif_10,motif_2,motif_3,motif_4,motif_5,motif_6,motif_7,motif_8,motif_9	6.78e-30	1.0	true	1	all	3e-23	68.4	any_required	PF00201	1	1	complete	True	True	True	True	True	complete	True	True	retained
GMO.00002782.v1.g683690.t1	ugt	Conjugation, transfer, and redox chemistry								133.8	1.8e-38	495	proteome_v1_exact	full_length	round2	GMO.00002782.v1.g683690.t1	confirmed	confirmed	strong_only	True	False	10	10	motif_1,motif_10,motif_2,motif_3,motif_4,motif_5,motif_6,motif_7,motif_8,motif_9	6.78e-30	1.0	true	1	all	3e-23	68.4	any_required	PF00201	1	1	complete	True	True	True	True	True	complete	True	True	retained
GMO.00002783.v1.g683700.t1	ugt	Conjugation, transfer, and redox chemistry								133.8	1.8e-38	495	proteome_v1_exact	full_length	round2	GMO.00002783.v1.g683700.t1	confirmed	confirmed	strong_only	True	False	10	10	motif_1,motif_10,motif_2,motif_3,motif_4,motif_5,motif_6,motif_7,motif_8,motif_9	6.78e-30	1.0	true	1	all	3e-23	68.4	any_required	PF00201	1	1	complete	True	True	True	True	True	complete	True	True	retained
GMO.00000574.v1.g034180.t1	ugt	Conjugation, transfer, and redox chemistry								133.7	2e-38	483	proteome_v1_exact	full_length	round2	GMO.00000574.v1.g034180.t1	confirmed	confirmed	strong_only	True	False	10	10	motif_1,motif_10,motif_2,motif_3,motif_4,motif_5,motif_6,motif_7,motif_8,motif_9	1.0600000000000001e-29	1.0	true	1	all	3.2000000000000003e-28	84.7	any_required	PF00201	1	1	complete	True	True	True	True	True	complete	True	True	retained
GMO.00002466.v1.g547550.t1	ugt	Conjugation, transfer, and redox chemistry								133.2	2.9e-38	499	proteome_v1_exact	full_length	round2	GMO.00002466.v1.g547550.t1	confirmed	confirmed	strong_only	True	False	10	10	motif_1,motif_10,motif_2,motif_3,motif_4,motif_5,motif_6,motif_7,motif_8,motif_9	4.29e-32	1.0	true	1	all	5.8e-26	77.3	any_required	PF00201	1	1	complete	True	True	True	True	True	complete	True	True	retained
GMO.00002725.v1.g671940.t2	ugt	Conjugation, transfer, and redox chemistry								133.1	3.1000000000000004e-38	493	proteome_v1_exact	full_length	round2	GMO.00002725.v1.g671940.t2	confirmed	confirmed	strong_only	True	False	9	10	motif_1,motif_10,motif_2,motif_3,motif_4,motif_5,motif_6,motif_7,motif_8	3.4e-28	0.9	true	1	all	5.5999999999999996e-24	70.8	any_required	PF00201	1	1	complete	True	True	True	True	True	complete	True	True	retained
GMO.00001399.v1.g179990.t2	ugt	Conjugation, transfer, and redox chemistry								132.7	3.8000000000000005e-38	474	proteome_v1_exact	full_length	round2	GMO.00001399.v1.g179990.t2	confirmed	confirmed	strong_only	True	False	9	10	motif_1,motif_10,motif_2,motif_3,motif_4,motif_5,motif_6,motif_8,motif_9	1.84e-30	0.9	true	1	all	5.400000000000001e-28	84.0	any_required	PF00201	1	1	complete	True	True	True	True	True	complete	True	True	retained
GMO.00001343.v1.g155930.t2	ugt	Conjugation, transfer, and redox chemistry								132.5	4.5e-38	474	proteome_v1_exact	full_length	round2	GMO.00001343.v1.g155930.t2	confirmed	confirmed	strong_only	True	False	9	10	motif_1,motif_10,motif_2,motif_3,motif_4,motif_5,motif_6,motif_8,motif_9	3.67e-30	0.9	true	1	all	3.5e-27	81.3	any_required	PF00201	1	1	complete	True	True	True	True	True	complete	True	True	retained
GMO.00000193.v1.g004680.t1	ugt	Conjugation, transfer, and redox chemistry								132.2	5.8e-38	142	proteome_v1_exact	full_length	round2	GMO.00000193.v1.g004680.t1	confirmed	confirmed	strong_only	True	False	4	10	motif_1,motif_4,motif_5,motif_6	6.78e-27	0.4	true	1	all	4.2e-19	54.7	any_required	PF00201	1	1	complete	True	True	True	True	True	complete	True	True	retained
GMO.00001595.v1.g202070.t2	ugt	Conjugation, transfer, and redox chemistry								131.5	9.300000000000001e-38	464	proteome_v1_exact	full_length	round2	GMO.00001595.v1.g202070.t2	confirmed	confirmed	strong_only	True	False	9	10	motif_1,motif_10,motif_2,motif_4,motif_5,motif_6,motif_7,motif_8,motif_9	5.82e-30	0.9	true	1	all	1.1000000000000001e-30	92.9	any_required	PF00201	1	1	complete	True	True	True	True	True	complete	True	True	retained
GMO.00002728.v1.g672240.t2	ugt	Conjugation, transfer, and redox chemistry								131.5	9.300000000000001e-38	464	proteome_v1_exact	full_length	round2	GMO.00002728.v1.g672240.t2	confirmed	confirmed	strong_only	True	False	9	10	motif_1,motif_10,motif_2,motif_4,motif_5,motif_6,motif_7,motif_8,motif_9	5.82e-30	0.9	true	1	all	1.1000000000000001e-30	92.9	any_required	PF00201	1	1	complete	True	True	True	True	True	complete	True	True	retained
GMO.00002356.v1.g504870.t1	ugt	Conjugation, transfer, and redox chemistry								131.2	1.2e-37	492	proteome_v1_exact	full_length	round2	GMO.00002356.v1.g504870.t1	confirmed	confirmed	strong_only	True	False	8	10	motif_1,motif_2,motif_3,motif_4,motif_5,motif_6,motif_8,motif_9	9.19e-28	0.8	true	1	all	2.1e-22	65.5	any_required	PF00201	1	1	complete	True	True	True	True	True	complete	True	True	retained
GMO.00002453.v1.g537930.t1	ugt	Conjugation, transfer, and redox chemistry								131.2	1.1e-37	294	proteome_v1_exact	full_length	round2	GMO.00002453.v1.g537930.t1	confirmed	confirmed	strong_only	True	False	8	10	motif_1,motif_2,motif_4,motif_5,motif_6,motif_7,motif_8,motif_9	1.33e-35	0.8	true	1	all	5.1e-29	87.4	any_required	PF00201	1	1	complete	True	True	True	True	True	complete	True	True	retained
GMO.00002354.v1.g497690.t1	ugt	Conjugation, transfer, and redox chemistry								131.0	1.3000000000000001e-37	473	proteome_v1_exact	full_length	round2	GMO.00002354.v1.g497690.t1	confirmed	confirmed	strong_only	True	False	9	10	motif_1,motif_2,motif_3,motif_4,motif_5,motif_6,motif_7,motif_8,motif_9	1.22e-28	0.9	true	1	all	6.4000000000000005e-28	83.8	any_required	PF00201	1	1	complete	True	True	True	True	True	complete	True	True	retained
GMO.00002283.v1.g427480.t1	ugt	Conjugation, transfer, and redox chemistry								130.8	1.5e-37	309	proteome_v1_exact	full_length	round2	GMO.00002283.v1.g427480.t1	confirmed	confirmed	strong_only	True	False	7	10	motif_1,motif_2,motif_4,motif_5,motif_6,motif_7,motif_8	5.820000000000001e-31	0.7	true	1	all	3.6e-27	81.3	any_required	PF00201	1	1	complete	True	True	True	True	True	complete	True	True	retained
GMO.00002354.v1.g497710.t1	ugt	Conjugation, transfer, and redox chemistry								130.8	1.5e-37	474	proteome_v1_exact	full_length	round2	GMO.00002354.v1.g497710.t1	confirmed	confirmed	strong_only	True	False	9	10	motif_1,motif_2,motif_3,motif_4,motif_5,motif_6,motif_7,motif_8,motif_9	1.56e-29	0.9	true	1	all	5.500000000000001e-28	84.0	any_required	PF00201	1	1	complete	True	True	True	True	True	complete	True	True	retained
GMO.00002283.v1.g427490.t1	ugt	Conjugation, transfer, and redox chemistry								130.6	1.8e-37	309	proteome_v1_exact	full_length	round2	GMO.00002283.v1.g427490.t1	confirmed	confirmed	strong_only	True	False	7	10	motif_1,motif_2,motif_4,motif_5,motif_6,motif_7,motif_8	5.820000000000001e-31	0.7	true	1	all	6.5e-27	80.4	any_required	PF00201	1	1	complete	True	True	True	True	True	complete	True	True	retained
GMO.00001227.v1.g123870.t1	ugt	Conjugation, transfer, and redox chemistry								129.2	4.7e-37	310	proteome_v1_exact	full_length	round2	GMO.00001227.v1.g123870.t1	confirmed	confirmed	strong_only	True	False	7	10	motif_1,motif_2,motif_4,motif_5,motif_6,motif_7,motif_8	5.820000000000001e-31	0.7	true	1	all	4.2e-27	81.1	any_required	PF00201	1	1	complete	True	True	True	True	True	complete	True	True	retained
GMO.00000895.v1.g084030.t2	ugt	Conjugation, transfer, and redox chemistry								128.6	6.9e-37	231	proteome_v1_exact	full_length	round2	GMO.00000895.v1.g084030.t2	confirmed	confirmed	strong_only	True	False	7	10	motif_1,motif_2,motif_4,motif_5,motif_6,motif_7,motif_9	2.64e-34	0.7	true	1	all	1.4000000000000001e-28	85.9	any_required	PF00201	1	1	complete	True	True	True	True	True	complete	True	True	retained
GMO.00000539.v1.g020990.t2	ugt	Conjugation, transfer, and redox chemistry								127.2	1.8e-36	485	proteome_v1_exact	full_length	round2	GMO.00000539.v1.g020990.t2	confirmed	confirmed	strong_only	True	False	9	10	motif_1,motif_10,motif_2,motif_3,motif_4,motif_5,motif_7,motif_8,motif_9	2.17e-21	0.9	true	1	all	1.8e-26	79.0	any_required	PF00201	1	1	complete	True	True	True	True	True	complete	True	True	retained
GMO.00002276.v1.g411950.t2	ugt	Conjugation, transfer, and redox chemistry								127.2	1.8e-36	485	proteome_v1_exact	full_length	round2	GMO.00002276.v1.g411950.t2	confirmed	confirmed	strong_only	True	False	9	10	motif_1,motif_10,motif_2,motif_3,motif_4,motif_5,motif_7,motif_8,motif_9	2.17e-21	0.9	true	1	all	1.8e-26	79.0	any_required	PF00201	1	1	complete	True	True	True	True	True	complete	True	True	retained
GMO.00001111.v1.g109720.t1	ugt	Conjugation, transfer, and redox chemistry								126.1	4e-36	476	proteome_v1_exact	full_length	round2	GMO.00001111.v1.g109720.t1	confirmed	confirmed	strong_only	True	False	10	10	motif_1,motif_10,motif_2,motif_3,motif_4,motif_5,motif_6,motif_7,motif_8,motif_9	2.91e-28	1.0	true	1	all	4.8e-26	77.6	any_required	PF00201	1	1	complete	True	True	True	True	True	complete	True	True	retained
GMO.00001513.v1.g190060.t1	ugt	Conjugation, transfer, and redox chemistry								125.9	4.6e-36	474	proteome_v1_exact	full_length	round2	GMO.00001513.v1.g190060.t1	confirmed	confirmed	strong_only	True	False	8	10	motif_1,motif_2,motif_3,motif_4,motif_5,motif_6,motif_8,motif_9	9.19e-28	0.8	true	1	all	3.8e-22	64.7	any_required	PF00201	1	1	complete	True	True	True	True	True	complete	True	True	retained
GMO.00002275.v1.g406600.t1	ugt	Conjugation, transfer, and redox chemistry								124.0	1.6999999999999999e-35	473	proteome_v1_exact	full_length	round2	GMO.00002275.v1.g406600.t1	confirmed	confirmed	strong_only	True	False	9	10	motif_1,motif_2,motif_3,motif_4,motif_5,motif_6,motif_7,motif_8,motif_9	3.85e-29	0.9	true	1	all	4.9e-26	77.6	any_required	PF00201	1	1	complete	True	True	True	True	True	complete	True	True	retained
GMO.00001111.v1.g113620.t1	ugt	Conjugation, transfer, and redox chemistry								123.8	2e-35	464	proteome_v1_exact	full_length	round2	GMO.00001111.v1.g113620.t1	confirmed	confirmed	strong_only	True	False	9	10	motif_1,motif_2,motif_3,motif_4,motif_5,motif_6,motif_7,motif_8,motif_9	3.32e-33	0.9	true	1	all	8.2e-29	86.7	any_required	PF00201	1	1	complete	True	True	True	True	True	complete	True	True	retained
GMO.00000395.v1.g009830.t1	ugt	Conjugation, transfer, and redox chemistry								123.0	3.3999999999999997e-35	489	proteome_v1_exact	full_length	round2	GMO.00000395.v1.g009830.t1	confirmed	confirmed	strong_only	True	False	9	10	motif_1,motif_2,motif_3,motif_4,motif_5,motif_6,motif_7,motif_8,motif_9	2.46e-30	0.9	true	1	all	1.3e-25	76.1	any_required	PF00201	1	1	complete	True	True	True	True	True	complete	True	True	retained
GMO.00002253.v1.g370450.t1	ugt	Conjugation, transfer, and redox chemistry								123.0	3.3999999999999997e-35	489	proteome_v1_exact	full_length	round2	GMO.00002253.v1.g370450.t1	confirmed	confirmed	strong_only	True	False	9	10	motif_1,motif_2,motif_3,motif_4,motif_5,motif_6,motif_7,motif_8,motif_9	2.46e-30	0.9	true	1	all	1.3e-25	76.1	any_required	PF00201	1	1	complete	True	True	True	True	True	complete	True	True	retained
GMO.00002275.v1.g406290.t1	ugt	Conjugation, transfer, and redox chemistry								122.4	5.299999999999999e-35	487	proteome_v1_exact	full_length	round2	GMO.00002275.v1.g406290.t1	confirmed	confirmed	strong_only	True	False	9	10	motif_1,motif_10,motif_2,motif_3,motif_4,motif_5,motif_7,motif_8,motif_9	2.17e-21	0.9	true	1	all	3.2e-26	78.1	any_required	PF00201	1	1	complete	True	True	True	True	True	complete	True	True	retained
GMO.00002354.v1.g497730.t1	ugt	Conjugation, transfer, and redox chemistry								122.4	5.4e-35	470	proteome_v1_exact	full_length	round2	GMO.00002354.v1.g497730.t1	confirmed	confirmed	strong_only	True	False	9	10	motif_1,motif_2,motif_3,motif_4,motif_5,motif_6,motif_7,motif_8,motif_9	5.92e-30	0.9	true	1	all	4.9e-26	77.5	any_required	PF00201	1	1	complete	True	True	True	True	True	complete	True	True	retained
GMO.00002276.v1.g411590.t1	ugt	Conjugation, transfer, and redox chemistry								121.5	1.0000000000000001e-34	475	proteome_v1_exact	full_length	round2	GMO.00002276.v1.g411590.t1	confirmed	confirmed	strong_only	True	False	9	10	motif_1,motif_2,motif_3,motif_4,motif_5,motif_6,motif_7,motif_8,motif_9	3.85e-29	0.9	true	1	all	6.4000000000000005e-27	80.5	any_required	PF00201	1	1	complete	True	True	True	True	True	complete	True	True	retained
GMO.00001111.v1.g113640.t1	ugt	Conjugation, transfer, and redox chemistry								121.4	1.0000000000000001e-34	470	proteome_v1_exact	full_length	round2	GMO.00001111.v1.g113640.t1	confirmed	confirmed	strong_only	True	False	9	10	motif_1,motif_2,motif_3,motif_4,motif_5,motif_6,motif_7,motif_8,motif_9	3.12e-33	0.9	true	1	all	1.1000000000000001e-27	83.0	any_required	PF00201	1	1	complete	True	True	True	True	True	complete	True	True	retained
GMO.00002782.v1.g683650.t1	ugt	Conjugation, transfer, and redox chemistry								121.4	1.1e-34	454	proteome_v1_exact	full_length	round2	GMO.00002782.v1.g683650.t1	confirmed	confirmed	strong_only	True	False	10	10	motif_1,motif_10,motif_2,motif_3,motif_4,motif_5,motif_6,motif_7,motif_8,motif_9	2.14e-31	1.0	true	1	all	2.5e-25	75.2	any_required	PF00201	1	1	complete	True	True	True	True	True	complete	True	True	retained
GMO.00002466.v1.g547590.t1	ugt	Conjugation, transfer, and redox chemistry								119.7	3.5000000000000003e-34	454	proteome_v1_exact	full_length	round2	GMO.00002466.v1.g547590.t1	confirmed	confirmed	strong_only	True	False	10	10	motif_1,motif_10,motif_2,motif_3,motif_4,motif_5,motif_6,motif_7,motif_8,motif_9	2.14e-31	1.0	true	1	all	2.6e-25	75.2	any_required	PF00201	1	1	complete	True	True	True	True	True	complete	True	True	retained
GMO.00002368.v1.g516680.t1	ugt	Conjugation, transfer, and redox chemistry								118.5	8.2e-34	508	proteome_v1_exact	full_length	round2	GMO.00002368.v1.g516680.t1	confirmed	confirmed	strong_only	True	False	10	10	motif_1,motif_10,motif_2,motif_3,motif_4,motif_5,motif_6,motif_7,motif_8,motif_9	3.86e-31	1.0	true	1	all	1.8e-25	75.7	any_required	PF00201	1	1	complete	True	True	True	True	True	complete	True	True	retained
GMO.00002783.v1.g683720.t2	ugt	Conjugation, transfer, and redox chemistry								118.5	8.2e-34	495	proteome_v1_exact	full_length	round2	GMO.00002783.v1.g683720.t2	confirmed	confirmed	strong_only	True	False	10	10	motif_1,motif_10,motif_2,motif_3,motif_4,motif_5,motif_6,motif_7,motif_8,motif_9	4.29e-32	1.0	true	1	all	5.6e-26	77.4	any_required	PF00201	1	1	complete	True	True	True	True	True	complete	True	True	retained
GMO.00002275.v1.g406550.t1	ugt	Conjugation, transfer, and redox chemistry								117.1	2.2e-33	500	proteome_v1_exact	full_length	round2	GMO.00002275.v1.g406550.t1	confirmed	confirmed	strong_only	True	False	9	10	motif_1,motif_2,motif_3,motif_4,motif_5,motif_6,motif_7,motif_8,motif_9	7.19e-33	0.9	true	1	all	3.7e-26	78.0	any_required	PF00201	1	1	complete	True	True	True	True	True	complete	True	True	retained
GMO.00001111.v1.g113650.t1	ugt	Conjugation, transfer, and redox chemistry								116.7	2.7e-33	363	proteome_v1_exact	full_length	round2	GMO.00001111.v1.g113650.t1	confirmed	confirmed	strong_only	True	False	8	10	motif_1,motif_2,motif_4,motif_5,motif_6,motif_7,motif_8,motif_9	4.9400000000000004e-33	0.8	true	1	all	8.7e-28	83.3	any_required	PF00201	1	1	complete	True	True	True	True	True	complete	True	True	retained
GMO.00001736.v1.g233430.t1	ugt	Conjugation, transfer, and redox chemistry								116.4	3.6e-33	510	proteome_v1_exact	full_length	round2	GMO.00001736.v1.g233430.t1	confirmed	confirmed	strong_only	True	False	10	10	motif_1,motif_10,motif_2,motif_3,motif_4,motif_5,motif_6,motif_7,motif_8,motif_9	8.91e-34	1.0	true	1	all	1.9999999999999998e-25	75.5	any_required	PF00201	1	1	complete	True	True	True	True	True	complete	True	True	retained
GMO.00002276.v1.g411600.t1	ugt	Conjugation, transfer, and redox chemistry								115.6	6.3e-33	479	proteome_v1_exact	full_length	round2	GMO.00002276.v1.g411600.t1	confirmed	confirmed	strong_only	True	False	9	10	motif_1,motif_2,motif_3,motif_4,motif_5,motif_6,motif_7,motif_8,motif_9	5.15e-31	0.9	true	1	all	8.7e-31	93.2	any_required	PF00201	1	1	complete	True	True	True	True	True	complete	True	True	retained
GMO.00002564.v1.g620610.t1	ugt	Conjugation, transfer, and redox chemistry								115.4	7e-33	509	proteome_v1_exact	full_length	round2	GMO.00002564.v1.g620610.t1	confirmed	confirmed	strong_only	True	False	10	10	motif_1,motif_10,motif_2,motif_3,motif_4,motif_5,motif_6,motif_7,motif_8,motif_9	5.34e-33	1.0	true	1	all	2.4e-31	95.1	any_required	PF00201	1	1	complete	True	True	True	True	True	complete	True	True	retained
GMO.00000613.v1.g037170.t1	ugt	Conjugation, transfer, and redox chemistry								115.3	7.4e-33	475	proteome_v1_exact	full_length	round2	GMO.00000613.v1.g037170.t1	confirmed	confirmed	strong_only	True	False	9	10	motif_1,motif_2,motif_3,motif_4,motif_5,motif_6,motif_7,motif_8,motif_9	2.91e-30	0.9	true	1	all	5.5e-27	80.7	any_required	PF00201	1	1	complete	True	True	True	True	True	complete	True	True	retained
GMO.00002354.v1.g497720.t1	ugt	Conjugation, transfer, and redox chemistry								115.3	7.4e-33	475	proteome_v1_exact	full_length	round2	GMO.00002354.v1.g497720.t1	confirmed	confirmed	strong_only	True	False	9	10	motif_1,motif_2,motif_3,motif_4,motif_5,motif_6,motif_7,motif_8,motif_9	2.91e-30	0.9	true	1	all	5.5e-27	80.7	any_required	PF00201	1	1	complete	True	True	True	True	True	complete	True	True	retained
GMO.00001690.v1.g223040.t1	ugt	Conjugation, transfer, and redox chemistry								115.0	9.4e-33	288	proteome_v1_exact	full_length	round2	GMO.00001690.v1.g223040.t1	confirmed	confirmed	strong_only	True	False	7	10	motif_1,motif_2,motif_4,motif_5,motif_6,motif_7,motif_8	9.76e-35	0.7	true	1	all	1.5000000000000002e-22	66.1	any_required	PF00201	1	1	complete	True	True	True	True	True	complete	True	True	retained
GMO.00001385.v1.g172870.t1	ugt	Conjugation, transfer, and redox chemistry								114.6	1.2e-32	456	proteome_v1_exact	full_length	round2	GMO.00001385.v1.g172870.t1	confirmed	confirmed	strong_only	True	False	8	10	motif_1,motif_10,motif_2,motif_3,motif_4,motif_6,motif_7,motif_8	4.42e-26	0.8	true	1	all	2.9e-25	75.0	any_required	PF00201	1	1	complete	True	True	True	True	True	complete	True	True	retained
GMO.00001513.v1.g189790.t1	ugt	Conjugation, transfer, and redox chemistry								114.5	1.3000000000000001e-32	490	proteome_v1_exact	full_length	round2	GMO.00001513.v1.g189790.t1	confirmed	confirmed	strong_only	True	False	10	10	motif_1,motif_10,motif_2,motif_3,motif_4,motif_5,motif_6,motif_7,motif_8,motif_9	3.45e-31	1.0	true	1	all	3.4e-29	88.0	any_required	PF00201	1	1	complete	True	True	True	True	True	complete	True	True	retained
GMO.00002356.v1.g504540.t1	ugt	Conjugation, transfer, and redox chemistry								114.5	1.3000000000000001e-32	485	proteome_v1_exact	full_length	round2	GMO.00002356.v1.g504540.t1	confirmed	confirmed	strong_only	True	False	10	10	motif_1,motif_10,motif_2,motif_3,motif_4,motif_5,motif_6,motif_7,motif_8,motif_9	3.45e-31	1.0	true	1	all	2.7999999999999997e-29	88.3	any_required	PF00201	1	1	complete	True	True	True	True	True	complete	True	True	retained
GMO.00002275.v1.g406590.t1	ugt	Conjugation, transfer, and redox chemistry								114.3	1.5e-32	479	proteome_v1_exact	full_length	round2	GMO.00002275.v1.g406590.t1	confirmed	confirmed	strong_only	True	False	9	10	motif_1,motif_2,motif_3,motif_4,motif_5,motif_6,motif_7,motif_8,motif_9	6.2000000000000005e-30	0.9	true	1	all	3.1999999999999997e-31	94.7	any_required	PF00201	1	1	complete	True	True	True	True	True	complete	True	True	retained
GMO.00002283.v1.g426070.t1	ugt	Conjugation, transfer, and redox chemistry								114.1	1.7000000000000002e-32	468	proteome_v1_exact	full_length	round2	GMO.00002283.v1.g426070.t1	confirmed	confirmed	strong_only	True	False	9	10	motif_1,motif_10,motif_2,motif_3,motif_4,motif_6,motif_7,motif_8,motif_9	4.69e-32	0.9	true	1	all	3.4e-25	74.8	any_required	PF00201	1	1	complete	True	True	True	True	True	complete	True	True	retained
GMO.00001044.v1.g095030.t1	ugt	Conjugation, transfer, and redox chemistry								113.9	1.9999999999999998e-32	466	proteome_v1_exact	full_length	round2	GMO.00001044.v1.g095030.t1	confirmed	confirmed	strong_only	True	False	9	10	motif_1,motif_10,motif_2,motif_3,motif_4,motif_6,motif_7,motif_8,motif_9	4.69e-32	0.9	true	1	all	1.9e-25	75.6	any_required	PF00201	1	1	complete	True	True	True	True	True	complete	True	True	retained
GMO.00001111.v1.g113660.t1	ugt	Conjugation, transfer, and redox chemistry								113.9	1.9999999999999998e-32	492	proteome_v1_exact	full_length	round2	GMO.00001111.v1.g113660.t1	confirmed	confirmed	strong_only	True	False	9	10	motif_1,motif_2,motif_3,motif_4,motif_5,motif_6,motif_7,motif_8,motif_9	7.4e-30	0.9	true	1	all	1.4e-26	79.4	any_required	PF00201	1	1	complete	True	True	True	True	True	complete	True	True	retained
GMO.00002283.v1.g426110.t1	ugt	Conjugation, transfer, and redox chemistry								113.9	1.9999999999999998e-32	466	proteome_v1_exact	full_length	round2	GMO.00002283.v1.g426110.t1	confirmed	confirmed	strong_only	True	False	9	10	motif_1,motif_10,motif_2,motif_3,motif_4,motif_6,motif_7,motif_8,motif_9	4.69e-32	0.9	true	1	all	1.9e-25	75.6	any_required	PF00201	1	1	complete	True	True	True	True	True	complete	True	True	retained
GMO.00002465.v1.g547380.t1	ugt	Conjugation, transfer, and redox chemistry								113.9	1.9999999999999998e-32	311	proteome_v1_exact	full_length	round2	GMO.00002465.v1.g547380.t1	confirmed	confirmed	strong_only	True	False	8	10	motif_1,motif_10,motif_2,motif_3,motif_4,motif_5,motif_6,motif_7	1.9600000000000002e-29	0.8	true	1	all	5.6e-21	60.9	any_required	PF00201	1	1	complete	True	True	True	True	True	complete	True	True	retained
GMO.00002601.v1.g631630.t1	ugt	Conjugation, transfer, and redox chemistry								113.9	1.9e-32	476	proteome_v1_exact	full_length	round2	GMO.00002601.v1.g631630.t1	confirmed	confirmed	strong_only	True	False	9	10	motif_1,motif_2,motif_3,motif_4,motif_5,motif_6,motif_7,motif_8,motif_9	3.39e-32	0.9	true	1	all	1.4e-26	79.4	any_required	PF00201	1	1	complete	True	True	True	True	True	complete	True	True	retained
GMO.00001343.v1.g162370.t1	ugt	Conjugation, transfer, and redox chemistry								111.6	9.9e-32	456	proteome_v1_exact	full_length	round2	GMO.00001343.v1.g162370.t1	confirmed	confirmed	strong_only	True	False	8	10	motif_1,motif_10,motif_2,motif_3,motif_4,motif_6,motif_7,motif_8	4.42e-26	0.8	true	1	all	2.3e-25	75.3	any_required	PF00201	1	1	complete	True	True	True	True	True	complete	True	True	retained
GMO.00002354.v1.g499980.t1	ugt	Conjugation, transfer, and redox chemistry								110.8	1.6999999999999998e-31	504	proteome_v1_exact	full_length	round2	GMO.00002354.v1.g499980.t1	confirmed	confirmed	strong_only	True	False	10	10	motif_1,motif_10,motif_2,motif_3,motif_4,motif_5,motif_6,motif_7,motif_8,motif_9	5.34e-33	1.0	true	1	all	7.8e-30	90.1	any_required	PF00201	1	1	complete	True	True	True	True	True	complete	True	True	retained
GMO.00002276.v1.g411630.t1	ugt	Conjugation, transfer, and redox chemistry								110.4	2.3e-31	470	proteome_v1_exact	full_length	round2	GMO.00002276.v1.g411630.t1	confirmed	confirmed	strong_only	True	False	8	10	motif_1,motif_2,motif_3,motif_4,motif_5,motif_6,motif_7,motif_9	7.19e-33	0.8	true	1	all	3.5e-26	78.0	any_required	PF00201	1	1	complete	True	True	True	True	True	complete	True	True	retained
GMO.00001044.v1.g095060.t1	ugt	Conjugation, transfer, and redox chemistry								110.3	2.4e-31	468	proteome_v1_exact	full_length	round2	GMO.00001044.v1.g095060.t1	confirmed	confirmed	strong_only	True	False	9	10	motif_1,motif_10,motif_2,motif_3,motif_4,motif_6,motif_7,motif_8,motif_9	4.69e-32	0.9	true	1	all	3e-25	74.9	any_required	PF00201	1	1	complete	True	True	True	True	True	complete	True	True	retained
GMO.00002285.v1.g435810.t1	ugt	Conjugation, transfer, and redox chemistry								109.2	5.2e-31	488	proteome_v1_exact	full_length	round2	GMO.00002285.v1.g435810.t1	confirmed	confirmed	strong_only	True	False	10	10	motif_1,motif_10,motif_2,motif_3,motif_4,motif_5,motif_6,motif_7,motif_8,motif_9	3.72e-34	1.0	true	1	all	1.5e-25	75.9	any_required	PF00201	1	1	complete	True	True	True	True	True	complete	True	True	retained
GMO.00002356.v1.g504530.t1	ugt	Conjugation, transfer, and redox chemistry								109.1	5.5e-31	508	proteome_v1_exact	full_length	round2	GMO.00002356.v1.g504530.t1	confirmed	confirmed	strong_only	True	False	10	10	motif_1,motif_10,motif_2,motif_3,motif_4,motif_5,motif_6,motif_7,motif_8,motif_9	2.11e-34	1.0	true	1	all	6.099999999999999e-25	73.9	any_required	PF00201	1	1	complete	True	True	True	True	True	complete	True	True	retained
GMO.00002176.v1.g324960.t1	ugt	Conjugation, transfer, and redox chemistry								107.8	1.4000000000000001e-30	502	proteome_v1_exact	full_length	round2	GMO.00002176.v1.g324960.t1	confirmed	confirmed	strong_only	True	False	10	10	motif_1,motif_10,motif_2,motif_3,motif_4,motif_5,motif_6,motif_7,motif_8,motif_9	5.32e-28	1.0	true	1	all	2.8999999999999997e-29	88.2	any_required	PF00201	1	1	complete	True	True	True	True	True	complete	True	True	retained
GMO.00002275.v1.g406580.t1	ugt	Conjugation, transfer, and redox chemistry								107.1	2.3000000000000002e-30	494	proteome_v1_exact	full_length	round2	GMO.00002275.v1.g406580.t1	confirmed	confirmed	strong_only	True	False	9	10	motif_1,motif_2,motif_3,motif_4,motif_5,motif_6,motif_7,motif_8,motif_9	1.18e-30	0.9	true	1	all	8.199999999999999e-24	70.2	any_required	PF00201	1	1	complete	True	True	True	True	True	complete	True	True	retained
GMO.00001513.v1.g189770.t1	ugt	Conjugation, transfer, and redox chemistry								107.0	2.5000000000000002e-30	507	proteome_v1_exact	full_length	round2	GMO.00001513.v1.g189770.t1	confirmed	confirmed	strong_only	True	False	10	10	motif_1,motif_10,motif_2,motif_3,motif_4,motif_5,motif_6,motif_7,motif_8,motif_9	7.61e-35	1.0	true	1	all	1.8e-26	79.0	any_required	PF00201	1	1	complete	True	True	True	True	True	complete	True	True	retained
GMO.00001736.v1.g233410.t1	ugt	Conjugation, transfer, and redox chemistry								106.7	3.1000000000000003e-30	517	proteome_v1_exact	full_length	round2	GMO.00001736.v1.g233410.t1	confirmed	confirmed	strong_only	True	False	10	10	motif_1,motif_10,motif_2,motif_3,motif_4,motif_5,motif_6,motif_7,motif_8,motif_9	8.27e-33	1.0	true	1	all	7.9e-23	67.0	any_required	PF00201	1	1	complete	True	True	True	True	True	complete	True	True	retained
GMO.00002368.v1.g516670.t1	ugt	Conjugation, transfer, and redox chemistry								106.2	4.4000000000000004e-30	541	proteome_v1_exact	full_length	round2	GMO.00002368.v1.g516670.t1	confirmed	confirmed	strong_only	True	False	10	10	motif_1,motif_10,motif_2,motif_3,motif_4,motif_5,motif_6,motif_7,motif_8,motif_9	8.27e-33	1.0	true	1	all	4.5000000000000003e-23	67.8	any_required	PF00201	1	1	complete	True	True	True	True	True	complete	True	True	retained
GMO.00000531.v1.g014520.t1	ugt	Conjugation, transfer, and redox chemistry								106.1	4.8000000000000004e-30	456	proteome_v1_exact	full_length	round2	GMO.00000531.v1.g014520.t1	confirmed	confirmed	strong_only	True	False	8	10	motif_1,motif_2,motif_3,motif_4,motif_5,motif_6,motif_7,motif_9	4.57e-29	0.8	true	1	all	1.7e-29	89.0	any_required	PF00201	1	1	complete	True	True	True	True	True	complete	True	True	retained
GMO.00001229.v1.g124640.t1	ugt	Conjugation, transfer, and redox chemistry								106.1	4.8000000000000004e-30	456	proteome_v1_exact	full_length	round2	GMO.00001229.v1.g124640.t1	confirmed	confirmed	strong_only	True	False	8	10	motif_1,motif_2,motif_3,motif_4,motif_5,motif_6,motif_7,motif_9	4.57e-29	0.8	true	1	all	1.7e-29	89.0	any_required	PF00201	1	1	complete	True	True	True	True	True	complete	True	True	retained
GMO.00001513.v1.g189780.t1	ugt	Conjugation, transfer, and redox chemistry								106.0	4.9000000000000004e-30	507	proteome_v1_exact	full_length	round2	GMO.00001513.v1.g189780.t1	confirmed	confirmed	strong_only	True	False	10	10	motif_1,motif_10,motif_2,motif_3,motif_4,motif_5,motif_6,motif_7,motif_8,motif_9	2.11e-34	1.0	true	1	all	6.3e-25	73.9	any_required	PF00201	1	1	complete	True	True	True	True	True	complete	True	True	retained
GMO.00000555.v1.g022510.t1	ugt	Conjugation, transfer, and redox chemistry								105.9	5.3000000000000004e-30	501	proteome_v1_exact	full_length	round2	GMO.00000555.v1.g022510.t1	confirmed	confirmed	strong_only	True	False	8	10	motif_1,motif_2,motif_3,motif_4,motif_5,motif_6,motif_7,motif_8	2.7200000000000003e-26	0.8	true	1	all	3e-19	55.2	any_required	PF00201	1	1	complete	True	True	True	True	True	complete	True	True	retained
GMO.00002356.v1.g504520.t1	ugt	Conjugation, transfer, and redox chemistry								105.9	5.4000000000000005e-30	507	proteome_v1_exact	full_length	round2	GMO.00002356.v1.g504520.t1	confirmed	confirmed	strong_only	True	False	10	10	motif_1,motif_10,motif_2,motif_3,motif_4,motif_5,motif_6,motif_7,motif_8,motif_9	7.61e-35	1.0	true	1	all	1.7e-26	79.1	any_required	PF00201	1	1	complete	True	True	True	True	True	complete	True	True	retained
GMO.00002176.v1.g323940.t1	ugt	Conjugation, transfer, and redox chemistry								105.5	7.1e-30	490	proteome_v1_exact	full_length	round2	GMO.00002176.v1.g323940.t1	confirmed	confirmed	strong_only	True	False	10	10	motif_1,motif_10,motif_2,motif_3,motif_4,motif_5,motif_6,motif_7,motif_8,motif_9	2.3e-34	1.0	true	1	all	5.600000000000001e-23	67.5	any_required	PF00201	1	1	complete	True	True	True	True	True	complete	True	True	retained
GMO.00002276.v1.g411610.t1	ugt	Conjugation, transfer, and redox chemistry								105.3	8.2e-30	490	proteome_v1_exact	full_length	round2	GMO.00002276.v1.g411610.t1	confirmed	confirmed	strong_only	True	False	9	10	motif_1,motif_2,motif_3,motif_4,motif_5,motif_6,motif_7,motif_8,motif_9	6.03e-30	0.9	true	1	all	1.2e-23	69.7	any_required	PF00201	1	1	complete	True	True	True	True	True	complete	True	True	retained
GMO.00001694.v1.g224770.t1	ugt	Conjugation, transfer, and redox chemistry								104.5	1.4999999999999998e-29	463	proteome_v1_exact	full_length	round2	GMO.00001694.v1.g224770.t1	confirmed	confirmed	strong_only	True	False	9	10	motif_1,motif_10,motif_2,motif_3,motif_4,motif_6,motif_7,motif_8,motif_9	2.43e-28	0.9	true	1	all	7.1e-24	70.4	any_required	PF00201	1	1	complete	True	True	True	True	True	complete	True	True	retained
GMO.00002555.v1.g617410.t1	ugt	Conjugation, transfer, and redox chemistry								104.5	1.4999999999999998e-29	463	proteome_v1_exact	full_length	round2	GMO.00002555.v1.g617410.t1	confirmed	confirmed	strong_only	True	False	9	10	motif_1,motif_10,motif_2,motif_3,motif_4,motif_6,motif_7,motif_8,motif_9	2.43e-28	0.9	true	1	all	7.1e-24	70.4	any_required	PF00201	1	1	complete	True	True	True	True	True	complete	True	True	retained
GMO.00000720.v1.g055880.t1	ugt	Conjugation, transfer, and redox chemistry								103.8	2.3e-29	513	proteome_v1_exact	full_length	round2	GMO.00000720.v1.g055880.t1	confirmed	confirmed	strong_only	True	False	8	10	motif_1,motif_2,motif_3,motif_4,motif_5,motif_7,motif_8,motif_9	4.09e-27	0.8	true	1	all	1.4000000000000002e-23	69.5	any_required	PF00201	1	1	complete	True	True	True	True	True	complete	True	True	retained
GMO.00002427.v1.g525520.t1	ugt	Conjugation, transfer, and redox chemistry								103.8	2.4e-29	470	proteome_v1_exact	full_length	round2	GMO.00002427.v1.g525520.t1	confirmed	confirmed	strong_only	True	False	9	10	motif_1,motif_2,motif_3,motif_4,motif_5,motif_6,motif_7,motif_8,motif_9	2.0200000000000002e-29	0.9	true	1	all	2.4e-23	68.7	any_required	PF00201	1	1	complete	True	True	True	True	True	complete	True	True	retained
GMO.00002325.v1.g480800.t1	ugt	Conjugation, transfer, and redox chemistry								102.3	6.599999999999999e-29	501	proteome_v1_exact	full_length	round2	GMO.00002325.v1.g480800.t1	confirmed	confirmed	strong_only	True	False	8	10	motif_1,motif_2,motif_3,motif_4,motif_5,motif_6,motif_7,motif_8	2.7200000000000003e-26	0.8	true	1	all	6.6e-19	54.0	any_required	PF00201	1	1	complete	True	True	True	True	True	complete	True	True	retained
GMO.00001085.v1.g107510.t1	ugt	Conjugation, transfer, and redox chemistry								99.7	3.9000000000000004e-28	513	proteome_v1_exact	full_length	round2	GMO.00001085.v1.g107510.t1	confirmed	confirmed	strong_only	True	False	9	10	motif_1,motif_10,motif_2,motif_3,motif_4,motif_5,motif_7,motif_8,motif_9	4.09e-27	0.9	true	1	all	1.1e-23	69.9	any_required	PF00201	1	1	complete	True	True	True	True	True	complete	True	True	retained
GMO.00002601.v1.g631610.t1	ugt	Conjugation, transfer, and redox chemistry								98.8	7.800000000000001e-28	482	proteome_v1_exact	full_length	round2	GMO.00002601.v1.g631610.t1	confirmed	confirmed	strong_only	True	False	9	10	motif_1,motif_2,motif_3,motif_4,motif_5,motif_6,motif_7,motif_8,motif_9	1.61e-28	0.9	true	1	all	1.9e-27	82.2	any_required	PF00201	1	1	complete	True	True	True	True	True	complete	True	True	retained
GMO.00002611.v1.g635400.t1	ugt	Conjugation, transfer, and redox chemistry								96.4	4.1e-27	482	proteome_v1_exact	full_length	round2	GMO.00002611.v1.g635400.t1	confirmed	confirmed	strong_only	True	False	9	10	motif_1,motif_2,motif_3,motif_4,motif_5,motif_6,motif_7,motif_8,motif_9	1.61e-28	0.9	true	1	all	1.9e-27	82.2	any_required	PF00201	1	1	complete	True	True	True	True	True	complete	True	True	retained
GMO.00001855.v1.g256900.t1	ugt	Conjugation, transfer, and redox chemistry								95.8	6.2000000000000004e-27	394	proteome_v1_exact	full_length	round2	GMO.00001855.v1.g256900.t1	confirmed	confirmed	strong_only	True	False	8	10	motif_1,motif_2,motif_4,motif_5,motif_6,motif_7,motif_8,motif_9	7.39e-36	0.8	true	1	all	7e-26	77.0	any_required	PF00201	1	1	complete	True	True	True	True	True	complete	True	True	retained
GMO.00001635.v1.g216200.t1	ugt	Conjugation, transfer, and redox chemistry								93.5	3e-26	478	proteome_v1_exact	full_length	round2	GMO.00001635.v1.g216200.t1	confirmed	confirmed	strong_only	True	False	8	10	motif_1,motif_10,motif_2,motif_3,motif_4,motif_7,motif_8,motif_9	2.54e-28	0.8	true	1	all	6.5e-17	47.5	any_required	PF00201	1	1	complete	True	True	True	True	True	complete	True	True	retained
GMO.00002652.v1.g654900.t1	ugt	Conjugation, transfer, and redox chemistry								93.5	3e-26	478	proteome_v1_exact	full_length	round2	GMO.00002652.v1.g654900.t1	confirmed	confirmed	strong_only	True	False	8	10	motif_1,motif_10,motif_2,motif_3,motif_4,motif_7,motif_8,motif_9	2.54e-28	0.8	true	1	all	6.5e-17	47.5	any_required	PF00201	1	1	complete	True	True	True	True	True	complete	True	True	retained
GMO.00000193.v1.g004690.t1	ugt	Conjugation, transfer, and redox chemistry								87.9	1.5999999999999999e-24	357	proteome_v1_exact	full_length	round2	GMO.00000193.v1.g004690.t1	confirmed	confirmed	strong_only	True	False	5	10	motif_2,motif_3,motif_6,motif_8,motif_9	4.5700000000000005e-27	0.5	true	1	all	6.9e-09	21.0	any_required	PF00201	1	1	complete	True	True	True	True	True	complete	True	True	retained
GMO.00002652.v1.g654820.t1	ugt	Conjugation, transfer, and redox chemistry								84.6	1.6000000000000002e-23	472	proteome_v1_exact	full_length	round2	GMO.00002652.v1.g654820.t1	confirmed	confirmed	strong_only	True	False	9	10	motif_1,motif_10,motif_2,motif_3,motif_4,motif_6,motif_7,motif_8,motif_9	1.03e-27	0.9	true	1	all	1.2e-17	49.8	any_required	PF00201	1	1	complete	True	True	True	True	True	complete	True	True	retained
GMO.00002652.v1.g654830.t1	ugt	Conjugation, transfer, and redox chemistry								83.2	4.1e-23	470	proteome_v1_exact	full_length	round2	GMO.00002652.v1.g654830.t1	confirmed	confirmed	strong_only	True	False	9	10	motif_1,motif_10,motif_2,motif_3,motif_4,motif_6,motif_7,motif_8,motif_9	1.03e-27	0.9	true	1	all	2.6e-17	48.8	any_required	PF00201	1	1	complete	True	True	True	True	True	complete	True	True	retained
GMO.00000531.v1.g018770.t1	ugt	Conjugation, transfer, and redox chemistry								80.2	3.2000000000000003e-22	461	proteome_v1_exact	full_length	round2	GMO.00000531.v1.g018770.t1	confirmed	confirmed	strong_only	True	False	9	10	motif_1,motif_10,motif_2,motif_3,motif_4,motif_5,motif_7,motif_8,motif_9	2.47e-27	0.9	true	1	all	2.6e-16	45.4	any_required	PF00201	1	1	complete	True	True	True	True	True	complete	True	True	retained
GMO.00001366.v1.g167860.t1	ugt	Conjugation, transfer, and redox chemistry								79.9	4.1000000000000004e-22	461	proteome_v1_exact	full_length	round2	GMO.00001366.v1.g167860.t1	confirmed	confirmed	strong_only	True	False	9	10	motif_1,motif_10,motif_2,motif_3,motif_4,motif_5,motif_7,motif_8,motif_9	2.47e-27	0.9	true	1	all	3.3e-16	45.1	any_required	PF00201	1	1	complete	True	True	True	True	True	complete	True	True	retained
GMO.00001111.v1.g109900.t1	ugt	Conjugation, transfer, and redox chemistry								78.6	1e-21	466	proteome_v1_exact	full_length	round2	GMO.00001111.v1.g109900.t1	confirmed	confirmed	strong_only	True	False	9	10	motif_1,motif_10,motif_2,motif_3,motif_4,motif_5,motif_7,motif_8,motif_9	3.34e-25	0.9	true	1	all	1.6e-14	39.6	any_required	PF00201	1	1	complete	True	True	True	True	True	complete	True	True	retained
GMO.00002427.v1.g526330.t1	ugt	Conjugation, transfer, and redox chemistry								77.7	1.9e-21	467	proteome_v1_exact	full_length	round2	GMO.00002427.v1.g526330.t1	confirmed	confirmed	strong_only	True	False	9	10	motif_1,motif_10,motif_2,motif_3,motif_4,motif_5,motif_6,motif_7,motif_9	5.84e-29	0.9	true	1	all	6.3e-14	37.6	any_required	PF00201	1	1	complete	True	True	True	True	True	complete	True	True	retained
GMO.00001244.v1.g131360.t1	ugt	Conjugation, transfer, and redox chemistry								77.6	2e-21	467	proteome_v1_exact	full_length	round2	GMO.00001244.v1.g131360.t1	confirmed	confirmed	strong_only	True	False	9	10	motif_1,motif_10,motif_2,motif_3,motif_4,motif_5,motif_6,motif_7,motif_9	5.84e-29	0.9	true	1	all	6.3e-14	37.6	any_required	PF00201	1	1	complete	True	True	True	True	True	complete	True	True	retained
GMO.00002498.v1.g566970.t1	ugt	Conjugation, transfer, and redox chemistry								76.7	3.8e-21	471	proteome_v1_exact	full_length	round2	GMO.00002498.v1.g566970.t1	confirmed	confirmed	strong_only	True	False	9	10	motif_1,motif_10,motif_2,motif_3,motif_4,motif_5,motif_7,motif_8,motif_9	1.36e-24	0.9	true	1	all	1.2e-13	36.7	any_required	PF00201	1	1	complete	True	True	True	True	True	complete	True	True	retained
GMO.00002652.v1.g654890.t1	ugt	Conjugation, transfer, and redox chemistry								75.9	6.7e-21	315	proteome_v1_exact	full_length	round2	GMO.00002652.v1.g654890.t1	confirmed	confirmed	strong_only	True	False	5	10	motif_1,motif_2,motif_4,motif_7,motif_8	5.43e-28	0.5	true	1	all	8.2e-17	47.1	any_required	PF00201	1	1	complete	True	True	True	True	True	complete	True	True	retained
GMO.00002497.v1.g563160.t1	ugt	Conjugation, transfer, and redox chemistry								74.5	1.7e-20	471	proteome_v1_exact	full_length	round2	GMO.00002497.v1.g563160.t1	confirmed	confirmed	strong_only	True	False	9	10	motif_1,motif_10,motif_2,motif_3,motif_4,motif_5,motif_7,motif_8,motif_9	1.36e-24	0.9	true	1	all	1.5e-13	36.3	any_required	PF00201	1	1	complete	True	True	True	True	True	complete	True	True	retained
GMO.00001244.v1.g131390.t1	ugt	Conjugation, transfer, and redox chemistry								72.9	5.4e-20	466	proteome_v1_exact	full_length	round2	GMO.00001244.v1.g131390.t1	confirmed	confirmed	strong_only	True	False	9	10	motif_1,motif_10,motif_2,motif_3,motif_4,motif_5,motif_6,motif_7,motif_9	4.500000000000001e-28	0.9	true	1	all	1.9e-14	39.3	any_required	PF00201	1	1	complete	True	True	True	True	True	complete	True	True	retained
GMO.00002427.v1.g526350.t1	ugt	Conjugation, transfer, and redox chemistry								72.7	6.3e-20	466	proteome_v1_exact	full_length	round2	GMO.00002427.v1.g526350.t1	confirmed	confirmed	strong_only	True	False	9	10	motif_1,motif_10,motif_2,motif_3,motif_4,motif_5,motif_6,motif_7,motif_9	4.500000000000001e-28	0.9	true	1	all	1.9e-14	39.3	any_required	PF00201	1	1	complete	True	True	True	True	True	complete	True	True	retained
GMO.00002427.v1.g526360.t1	ugt	Conjugation, transfer, and redox chemistry								72.3	8.3e-20	466	proteome_v1_exact	full_length	round2	GMO.00002427.v1.g526360.t1	confirmed	confirmed	strong_only	True	False	9	10	motif_1,motif_10,motif_2,motif_3,motif_4,motif_5,motif_6,motif_7,motif_9	4.500000000000001e-28	0.9	true	1	all	1.8e-14	39.4	any_required	PF00201	1	1	complete	True	True	True	True	True	complete	True	True	retained
GMO.00001635.v1.g216160.t1	ugt	Conjugation, transfer, and redox chemistry								71.5	1.5e-19	212	proteome_v1_exact	full_length	round2	GMO.00001635.v1.g216160.t1	confirmed	confirmed	strong_only	True	False	4	10	motif_1,motif_2,motif_4,motif_7	7.33e-27	0.4	true	1	all	3.9e-15	41.6	any_required	PF00201	1	1	complete	True	True	True	True	True	complete	True	True	retained
GMO.00002652.v1.g654950.t1	ugt	Conjugation, transfer, and redox chemistry								71.5	1.5e-19	212	proteome_v1_exact	full_length	round2	GMO.00002652.v1.g654950.t1	confirmed	confirmed	strong_only	True	False	4	10	motif_1,motif_2,motif_4,motif_7	7.33e-27	0.4	true	1	all	3.9e-15	41.6	any_required	PF00201	1	1	complete	True	True	True	True	True	complete	True	True	retained
GMO.00001385.v1.g174780.t1	ugt	Conjugation, transfer, and redox chemistry								71.1	2e-19	150	proteome_v1_exact	full_length	round2	GMO.00001385.v1.g174780.t1	confirmed	confirmed	strong_only	True	False	4	10	motif_1,motif_2,motif_4,motif_7	4.69e-30	0.4	true	1	all	1.1e-18	53.3	any_required	PF00201	1	1	complete	True	True	True	True	True	complete	True	True	retained
GMO.00002275.v1.g409510.t1	ugt	Conjugation, transfer, and redox chemistry								70.1	3.9e-19	463	proteome_v1_exact	full_length	round2	GMO.00002275.v1.g409510.t1	confirmed	confirmed	strong_only	True	False	10	10	motif_1,motif_10,motif_2,motif_3,motif_4,motif_5,motif_6,motif_7,motif_8,motif_9	2.4100000000000003e-27	1.0	true	1	all	6.8e-13	34.2	any_required	PF00201	1	1	complete	True	True	True	True	True	complete	True	True	retained
GMO.00002427.v1.g526370.t1	ugt	Conjugation, transfer, and redox chemistry								68.7	1.1e-18	468	proteome_v1_exact	full_length	round2	GMO.00002427.v1.g526370.t1	confirmed	confirmed	strong_only	True	False	9	10	motif_1,motif_10,motif_2,motif_3,motif_4,motif_5,motif_6,motif_7,motif_9	1.09e-32	0.9	true	1	all	9.5e-16	43.6	any_required	PF00201	1	1	complete	True	True	True	True	True	complete	True	True	retained
GMO.00001244.v1.g131370.t1	ugt	Conjugation, transfer, and redox chemistry								68.6	1.1e-18	455	proteome_v1_exact	full_length	round2	GMO.00001244.v1.g131370.t1	confirmed	confirmed	strong_only	True	False	9	10	motif_1,motif_10,motif_2,motif_4,motif_5,motif_6,motif_7,motif_8,motif_9	1.59e-30	0.9	true	1	all	6.3e-14	37.6	any_required	PF00201	1	1	complete	True	True	True	True	True	complete	True	True	retained
GMO.00001244.v1.g131410.t1	ugt	Conjugation, transfer, and redox chemistry								67.6	2.2e-18	468	proteome_v1_exact	full_length	round2	GMO.00001244.v1.g131410.t1	confirmed	confirmed	strong_only	True	False	9	10	motif_1,motif_10,motif_2,motif_3,motif_4,motif_5,motif_6,motif_7,motif_9	1.09e-32	0.9	true	1	all	1.1e-15	43.4	any_required	PF00201	1	1	complete	True	True	True	True	True	complete	True	True	retained
GMO.00002427.v1.g526340.t1	ugt	Conjugation, transfer, and redox chemistry								67.2	2.8e-18	471	proteome_v1_exact	full_length	round2	GMO.00002427.v1.g526340.t1	confirmed	confirmed	strong_only	True	False	10	10	motif_1,motif_10,motif_2,motif_3,motif_4,motif_5,motif_6,motif_7,motif_8,motif_9	1.59e-30	1.0	true	1	all	3.5e-12	31.9	any_required	PF00201	1	1	complete	True	True	True	True	True	complete	True	True	retained
GMO.00000719.v1.g050270.t1	ugt	Conjugation, transfer, and redox chemistry								67.1	3.2e-18	463	proteome_v1_exact	full_length	round2	GMO.00000719.v1.g050270.t1	confirmed	confirmed	strong_only	True	False	10	10	motif_1,motif_10,motif_2,motif_3,motif_4,motif_5,motif_6,motif_7,motif_8,motif_9	2.4100000000000003e-27	1.0	true	1	all	2.6e-12	32.3	any_required	PF00201	1	1	complete	True	True	True	True	True	complete	True	True	retained
GMO.00000613.v1.g037180.t2	ugt	Conjugation, transfer, and redox chemistry								60.4	3.4e-16	135	proteome_v1_exact	full_length	round2	GMO.00000613.v1.g037180.t2	confirmed	confirmed	strong_only	True	False	3	10	motif_1,motif_5,motif_6	1.39e-26	0.3	true	1	all	4.5e-15	41.4	any_required	PF00201	1	1	complete	True	True	True	True	True	complete	True	True	retained
GMO.00001329.v1.g150050.t1	ugt	Conjugation, transfer, and redox chemistry								57.5	3.4e-14	134	proteome_v1_exact	full_length	round2	GMO.00001329.v1.g150050.t1	confirmed	confirmed	strong_only	True	False	5	10	motif_1,motif_4,motif_5,motif_6,motif_8	2.6e-25	0.5	true	1	all	6.9e-20	57.3	any_required	PF00201	1	1	complete	True	True	True	True	True	complete	True	True	retained
