gene_id	family	biochemical_context	target_bin	length	score	evalue	source	sequence_scope	discovery_round	matched_protein_id	pfam_hit	full_length_reference_hit	passing_pfam_profiles	passing_full_length_reference_queries	search_route
GMO.00002805.v1.g688570.t1	ADH	Oxylipin and volatile-product chemistry	ADH	407	118.2	6.6e-33	proteome_v1_exact	full_length	round1	GMO.00002805.v1.g688570.t1	true	false	PF00107.33;PF08240.18		pfam_only
GMO.00000855.v1.g078750.t1	ADH	Oxylipin and volatile-product chemistry	ADH	326	117.7	9.5e-33	proteome_v1_exact	full_length	round1	GMO.00000855.v1.g078750.t1	true	false	PF00107.33;PF08240.18		pfam_only
GMO.00002523.v1.g604250.t1	ADH	Oxylipin and volatile-product chemistry	ADH	407	117.6	1.1e-32	proteome_v1_exact	full_length	round1	GMO.00002523.v1.g604250.t1	true	false	PF00107.33;PF08240.18		pfam_only
GMO.00002319.v1.g463250.t1	ADH	Oxylipin and volatile-product chemistry	ADH	326	115.6	4.3e-32	proteome_v1_exact	full_length	round1	GMO.00002319.v1.g463250.t1	true	false	PF00107.33;PF08240.18		pfam_only
GMO.00001311.v1.g148430.t2	ADH	Oxylipin and volatile-product chemistry	ADH	347	104.3	1.2e-28	proteome_v1_exact	full_length	round1	GMO.00001311.v1.g148430.t2	true	false	PF00107.33;PF08240.18		pfam_only
GMO.00002500.v1.g571420.t2	ADH	Oxylipin and volatile-product chemistry	ADH	347	104.3	1.2e-28	proteome_v1_exact	full_length	round1	GMO.00002500.v1.g571420.t2	true	false	PF00107.33;PF08240.18		pfam_only
GMO.00002592.v1.g625510.t1	ADH	Oxylipin and volatile-product chemistry	ADH	357	100.9	1.3e-27	proteome_v1_exact	full_length	round1	GMO.00002592.v1.g625510.t1	true	false	PF00107.33;PF08240.18		pfam_only
GMO.00002283.v1.g429570.t1	ADH	Oxylipin and volatile-product chemistry	ADH	357	100.1	2.3e-27	proteome_v1_exact	full_length	round1	GMO.00002283.v1.g429570.t1	true	false	PF00107.33;PF08240.18		pfam_only
GMO.00000895.v1.g083680.t1	ADH	Oxylipin and volatile-product chemistry	ADH	357	99.2	4.4e-27	proteome_v1_exact	full_length	round1	GMO.00000895.v1.g083680.t1	true	false	PF00107.33;PF08240.18		pfam_only
GMO.00000895.v1.g085880.t1	ADH	Oxylipin and volatile-product chemistry	ADH	356	99.1	4.6e-27	proteome_v1_exact	full_length	round1	GMO.00000895.v1.g085880.t1	true	false	PF00107.33;PF08240.18		pfam_only
GMO.00002453.v1.g538270.t1	ADH	Oxylipin and volatile-product chemistry	ADH	357	98.8	5.6e-27	proteome_v1_exact	full_length	round1	GMO.00002453.v1.g538270.t1	true	false	PF00107.33;PF08240.18		pfam_only
GMO.00001311.v1.g148440.t1	ADH	Oxylipin and volatile-product chemistry	ADH	364	98.5	8.3e-27	proteome_v1_exact	full_length	round1	GMO.00001311.v1.g148440.t1	true	false	PF00107.33;PF08240.18		pfam_only
GMO.00002453.v1.g536070.t1	ADH	Oxylipin and volatile-product chemistry	ADH	356	98.5	7.3e-27	proteome_v1_exact	full_length	round1	GMO.00002453.v1.g536070.t1	true	false	PF00107.33;PF08240.18		pfam_only
GMO.00002500.v1.g571440.t1	ADH	Oxylipin and volatile-product chemistry	ADH	364	98.5	8.3e-27	proteome_v1_exact	full_length	round1	GMO.00002500.v1.g571440.t1	true	false	PF00107.33;PF08240.18		pfam_only
GMO.00002283.v1.g425750.t2	ADH	Oxylipin and volatile-product chemistry	ADH	365	96.2	3.6e-26	proteome_v1_exact	full_length	round1	GMO.00002283.v1.g425750.t2	true	false	PF00107.33;PF08240.18		pfam_only
GMO.00002283.v1.g425720.t1	ADH	Oxylipin and volatile-product chemistry	ADH	365	95.6	5.8e-26	proteome_v1_exact	full_length	round1	GMO.00002283.v1.g425720.t1	true	false	PF00107.33;PF08240.18		pfam_only
GMO.00001044.v1.g095260.t2	ADH	Oxylipin and volatile-product chemistry	ADH	365	95.3	6.9e-26	proteome_v1_exact	full_length	round1	GMO.00001044.v1.g095260.t2	true	false	PF00107.33;PF08240.18		pfam_only
GMO.00001044.v1.g095320.t1	ADH	Oxylipin and volatile-product chemistry	ADH	365	95.3	7e-26	proteome_v1_exact	full_length	round1	GMO.00001044.v1.g095320.t1	true	false	PF00107.33;PF08240.18		pfam_only
GMO.00002497.v1.g564110.t1	ADH	Oxylipin and volatile-product chemistry	ADH	382	95.1	9.8e-26	proteome_v1_exact	full_length	round1	GMO.00002497.v1.g564110.t1	true	false	PF00107.33;PF08240.18		pfam_only
GMO.00002498.v1.g566020.t1	ADH	Oxylipin and volatile-product chemistry	ADH	382	95.0	1e-25	proteome_v1_exact	full_length	round1	GMO.00002498.v1.g566020.t1	true	false	PF00107.33;PF08240.18		pfam_only
GMO.00001207.v1.g119650.t1	ADH	Oxylipin and volatile-product chemistry	ADH	360	94.0	1.8e-25	proteome_v1_exact	full_length	round1	GMO.00001207.v1.g119650.t1	true	false	PF00107.33;PF08240.18		pfam_only
GMO.00002283.v1.g430470.t1	ADH	Oxylipin and volatile-product chemistry	ADH	360	94.0	1.8e-25	proteome_v1_exact	full_length	round1	GMO.00002283.v1.g430470.t1	true	false	PF00107.33;PF08240.18		pfam_only
GMO.00002363.v1.g507560.t1	ADH	Oxylipin and volatile-product chemistry	ADH	381	94.0	2.1e-25	proteome_v1_exact	full_length	round1	GMO.00002363.v1.g507560.t1	true	false	PF00107.33;PF08240.18		pfam_only
GMO.00000574.v1.g030570.t2	ADH	Oxylipin and volatile-product chemistry	ADH	325	93.9	2.2e-25	proteome_v1_exact	full_length	round1	GMO.00000574.v1.g030570.t2	true	false	PF00107.33;PF08240.18		pfam_only
GMO.00001044.v1.g095250.t1	ADH	Oxylipin and volatile-product chemistry	ADH	355	93.6	2.5e-25	proteome_v1_exact	full_length	round1	GMO.00001044.v1.g095250.t1	true	false	PF00107.33;PF08240.18		pfam_only
GMO.00001056.v1.g098710.t1	ADH	Oxylipin and volatile-product chemistry	ADH	349	93.6	2.8e-25	proteome_v1_exact	full_length	round1	GMO.00001056.v1.g098710.t1	true	false	PF00107.33		pfam_only
GMO.00001825.v1.g252830.t1	ADH	Oxylipin and volatile-product chemistry	ADH	401	93.4	3.3e-25	proteome_v1_exact	full_length	round1	GMO.00001825.v1.g252830.t1	true	false	PF00107.33;PF08240.18		pfam_only
GMO.00001044.v1.g095310.t1	ADH	Oxylipin and volatile-product chemistry	ADH	359	92.9	4e-25	proteome_v1_exact	full_length	round1	GMO.00001044.v1.g095310.t1	true	false	PF00107.33;PF08240.18		pfam_only
GMO.00002283.v1.g425730.t1	ADH	Oxylipin and volatile-product chemistry	ADH	359	92.9	4e-25	proteome_v1_exact	full_length	round1	GMO.00002283.v1.g425730.t1	true	false	PF00107.33;PF08240.18		pfam_only
GMO.00002363.v1.g509900.t1	ADH	Oxylipin and volatile-product chemistry	ADH	349	90.5	2.4e-24	proteome_v1_exact	full_length	round1	GMO.00002363.v1.g509900.t1	true	false	PF00107.33		pfam_only
GMO.00002497.v1.g564520.t1	ADH	Oxylipin and volatile-product chemistry	ADH	379	89.8	4.1e-24	proteome_v1_exact	full_length	round1	GMO.00002497.v1.g564520.t1	true	false	PF00107.33;PF08240.18		pfam_only
GMO.00002498.v1.g565590.t1	ADH	Oxylipin and volatile-product chemistry	ADH	379	89.8	4.1e-24	proteome_v1_exact	full_length	round1	GMO.00002498.v1.g565590.t1	true	false	PF00107.33;PF08240.18		pfam_only
GMO.00001343.v1.g156700.t1	ADH	Oxylipin and volatile-product chemistry	ADH	346	89.5	5.3e-24	proteome_v1_exact	full_length	round1	GMO.00001343.v1.g156700.t1	true	false	PF00107.33		pfam_only
GMO.00001385.v1.g178490.t1	ADH	Oxylipin and volatile-product chemistry	ADH	346	89.4	5.6e-24	proteome_v1_exact	full_length	round1	GMO.00001385.v1.g178490.t1	true	false	PF00107.33		pfam_only
GMO.00000531.v1.g012880.t1	ADH	Oxylipin and volatile-product chemistry	ADH	344	89.2	6.6e-24	proteome_v1_exact	full_length	round1	GMO.00000531.v1.g012880.t1	true	false	PF00107.33		pfam_only
GMO.00000532.v1.g019730.t1	ADH	Oxylipin and volatile-product chemistry	ADH	344	89.2	6.6e-24	proteome_v1_exact	full_length	round1	GMO.00000532.v1.g019730.t1	true	false	PF00107.33		pfam_only
GMO.00001570.v1.g197300.t2	ADH	Oxylipin and volatile-product chemistry	ADH	342	89.2	6.5e-24	proteome_v1_exact	full_length	round1	GMO.00001570.v1.g197300.t2	true	false	PF00107.33		pfam_only
GMO.00002253.v1.g378530.t1	ADH	Oxylipin and volatile-product chemistry	ADH	386	89.1	7e-24	proteome_v1_exact	full_length	round1	GMO.00002253.v1.g378530.t1	true	false	PF00107.33;PF08240.18		pfam_only
GMO.00002557.v1.g619440.t1	ADH	Oxylipin and volatile-product chemistry	ADH	357	89.0	6.4e-24	proteome_v1_exact	full_length	round1	GMO.00002557.v1.g619440.t1	true	false	PF00107.33;PF08240.18		pfam_only
GMO.00002785.v1.g683860.t1	ADH	Oxylipin and volatile-product chemistry	ADH	357	89.0	6.4e-24	proteome_v1_exact	full_length	round1	GMO.00002785.v1.g683860.t1	true	false	PF00107.33;PF08240.18		pfam_only
GMO.00002523.v1.g600910.t1	ADH	Oxylipin and volatile-product chemistry	ADH	207	88.3	1.1e-23	proteome_v1_exact	full_length	round1	GMO.00002523.v1.g600910.t1	true	false	PF08240.18		pfam_only
GMO.00001044.v1.g095330.t1	ADH	Oxylipin and volatile-product chemistry	ADH	362	87.9	1.4e-23	proteome_v1_exact	full_length	round1	GMO.00001044.v1.g095330.t1	true	false	PF00107.33;PF08240.18		pfam_only
GMO.00002283.v1.g425640.t1	ADH	Oxylipin and volatile-product chemistry	ADH	362	87.9	1.4e-23	proteome_v1_exact	full_length	round1	GMO.00002283.v1.g425640.t1	true	false	PF00107.33;PF08240.18		pfam_only
GMO.00000895.v1.g084520.t2	ADH	Oxylipin and volatile-product chemistry	ADH	474	87.8	1.7e-23	proteome_v1_exact	full_length	round1	GMO.00000895.v1.g084520.t2	true	false	PF00107.33		pfam_only
GMO.00002453.v1.g537460.t2	ADH	Oxylipin and volatile-product chemistry	ADH	474	87.6	1.9e-23	proteome_v1_exact	full_length	round1	GMO.00002453.v1.g537460.t2	true	false	PF00107.33		pfam_only
GMO.00001329.v1.g150790.t1	ADH	Oxylipin and volatile-product chemistry	ADH	357	85.9	5.8e-23	proteome_v1_exact	full_length	round1	GMO.00001329.v1.g150790.t1	true	false	PF00107.33;PF08240.18		pfam_only
GMO.00002636.v1.g649590.t1	ADH	Oxylipin and volatile-product chemistry	ADH	343	85.5	8.8e-23	proteome_v1_exact	full_length	round1	GMO.00002636.v1.g649590.t1	true	false	PF00107.33		pfam_only
GMO.00000872.v1.g079640.t1	ADH	Oxylipin and volatile-product chemistry	ADH	343	85.3	1e-22	proteome_v1_exact	full_length	round1	GMO.00000872.v1.g079640.t1	true	false	PF00107.33		pfam_only
GMO.00002319.v1.g473750.t1	ADH	Oxylipin and volatile-product chemistry	ADH	343	85.3	1e-22	proteome_v1_exact	full_length	round1	GMO.00002319.v1.g473750.t1	true	false	PF00107.33		pfam_only
GMO.00002511.v1.g576080.t1	ADH	Oxylipin and volatile-product chemistry	ADH	353	84.8	1.4e-22	proteome_v1_exact	full_length	round1	GMO.00002511.v1.g576080.t1	true	false	PF00107.33		pfam_only
GMO.00001745.v1.g236760.t1	ADH	Oxylipin and volatile-product chemistry	ADH	346	84.5	1.9e-22	proteome_v1_exact	full_length	round1	GMO.00001745.v1.g236760.t1	true	false	PF00107.33		pfam_only
GMO.00002636.v1.g649580.t1	ADH	Oxylipin and volatile-product chemistry	ADH	346	84.5	1.8e-22	proteome_v1_exact	full_length	round1	GMO.00002636.v1.g649580.t1	true	false	PF00107.33		pfam_only
GMO.00002280.v1.g425310.t1	ADH	Oxylipin and volatile-product chemistry	ADH	355	84.2	2.2e-22	proteome_v1_exact	full_length	round1	GMO.00002280.v1.g425310.t1	true	false	PF00107.33		pfam_only
GMO.00002511.v1.g576090.t1	ADH	Oxylipin and volatile-product chemistry	ADH	348	84.1	2.5e-22	proteome_v1_exact	full_length	round1	GMO.00002511.v1.g576090.t1	true	false	PF00107.33		pfam_only
GMO.00001783.v1.g243640.t1	ADH	Oxylipin and volatile-product chemistry	ADH	394	83.4	3.6e-22	proteome_v1_exact	full_length	round1	GMO.00001783.v1.g243640.t1	true	false	PF00107.33;PF08240.18		pfam_only
GMO.00002280.v1.g425320.t1	ADH	Oxylipin and volatile-product chemistry	ADH	348	83.4	4e-22	proteome_v1_exact	full_length	round1	GMO.00002280.v1.g425320.t1	true	false	PF00107.33		pfam_only
GMO.00002556.v1.g618990.t1	ADH	Oxylipin and volatile-product chemistry	ADH	393	83.4	3.5e-22	proteome_v1_exact	full_length	round1	GMO.00002556.v1.g618990.t1	true	false	PF00107.33;PF08240.18		pfam_only
GMO.00001343.v1.g163470.t1	ADH	Oxylipin and volatile-product chemistry	ADH	350	83.2	4.5e-22	proteome_v1_exact	full_length	round1	GMO.00001343.v1.g163470.t1	true	false	PF00107.33		pfam_only
GMO.00001385.v1.g171730.t1	ADH	Oxylipin and volatile-product chemistry	ADH	350	83.2	4.5e-22	proteome_v1_exact	full_length	round1	GMO.00001385.v1.g171730.t1	true	false	PF00107.33		pfam_only
GMO.00001745.v1.g236770.t1	ADH	Oxylipin and volatile-product chemistry	ADH	343	82.9	5.5e-22	proteome_v1_exact	full_length	round1	GMO.00001745.v1.g236770.t1	true	false	PF00107.33		pfam_only
GMO.00001570.v1.g197350.t1	ADH	Oxylipin and volatile-product chemistry	ADH	344	79.2	7.6e-21	proteome_v1_exact	full_length	round1	GMO.00001570.v1.g197350.t1	true	false	PF00107.33		pfam_only
GMO.00000574.v1.g029430.t1	ADH	Oxylipin and volatile-product chemistry	ADH	348	78.9	9.9e-21	proteome_v1_exact	full_length	round1	GMO.00000574.v1.g029430.t1	true	false	PF00107.33;PF08240.18		pfam_only
GMO.00001808.v1.g249020.t1	ADH	Oxylipin and volatile-product chemistry	ADH	348	78.9	9.9e-21	proteome_v1_exact	full_length	round1	GMO.00001808.v1.g249020.t1	true	false	PF00107.33;PF08240.18		pfam_only
GMO.00001366.v1.g169500.t1	ADH	Oxylipin and volatile-product chemistry	ADH	325	78.4	1.4e-20	proteome_v1_exact	full_length	round1	GMO.00001366.v1.g169500.t1	true	false	PF00107.33;PF08240.18		pfam_only
GMO.00000531.v1.g017320.t1	ADH	Oxylipin and volatile-product chemistry	ADH	341	78.3	1.5e-20	proteome_v1_exact	full_length	round1	GMO.00000531.v1.g017320.t1	true	false	PF00107.33;PF08240.18		pfam_only
GMO.00001783.v1.g243630.t1	ADH	Oxylipin and volatile-product chemistry	ADH	409	76.3	5.7e-20	proteome_v1_exact	full_length	round1	GMO.00001783.v1.g243630.t1	true	false	PF00107.33;PF08240.18		pfam_only
GMO.00002556.v1.g618980.t1	ADH	Oxylipin and volatile-product chemistry	ADH	409	73.9	3.2e-19	proteome_v1_exact	full_length	round1	GMO.00002556.v1.g618980.t1	true	false	PF00107.33;PF08240.18		pfam_only
GMO.00001343.v1.g160560.t1	ADH	Oxylipin and volatile-product chemistry	ADH	321	68.8	1.3e-17	proteome_v1_exact	full_length	round1	GMO.00001343.v1.g160560.t1	true	false	PF00107.33;PF08240.18		pfam_only
GMO.00001385.v1.g174970.t1	ADH	Oxylipin and volatile-product chemistry	ADH	321	68.5	1.5e-17	proteome_v1_exact	full_length	round1	GMO.00001385.v1.g174970.t1	true	false	PF00107.33;PF08240.18		pfam_only
GMO.00002498.v1.g567040.t1	ADH	Oxylipin and volatile-product chemistry	ADH	339	66.6	6.1e-17	proteome_v1_exact	full_length	round1	GMO.00002498.v1.g567040.t1	true	false	PF08240.18		pfam_only
GMO.00001559.v1.g195870.t1	ADH	Oxylipin and volatile-product chemistry	ADH	388	66.4	7e-17	proteome_v1_exact	full_length	round1	GMO.00001559.v1.g195870.t1	true	false	PF08240.18		pfam_only
GMO.00002326.v1.g482160.t1	ADH	Oxylipin and volatile-product chemistry	ADH	388	66.3	7.3e-17	proteome_v1_exact	full_length	round1	GMO.00002326.v1.g482160.t1	true	false	PF08240.18		pfam_only
GMO.00002523.v1.g600860.t1	ADH	Oxylipin and volatile-product chemistry	ADH	161	63.5	5.4e-16	proteome_v1_exact	full_length	round1	GMO.00002523.v1.g600860.t1	true	false	PF00107.33		pfam_only
GMO.00002497.v1.g563110.t1	ADH	Oxylipin and volatile-product chemistry	ADH	334	63.3	6.4e-16	proteome_v1_exact	full_length	round1	GMO.00002497.v1.g563110.t1	true	false	PF08240.18		pfam_only
GMO.00002498.v1.g567020.t2	ADH	Oxylipin and volatile-product chemistry	ADH	333	63.3	6.4e-16	proteome_v1_exact	full_length	round1	GMO.00002498.v1.g567020.t2	true	false	PF08240.18		pfam_only
GMO.00002497.v1.g563080.t1	ADH	Oxylipin and volatile-product chemistry	ADH	339	61.0	3.4e-15	proteome_v1_exact	full_length	round1	GMO.00002497.v1.g563080.t1	true	false	PF08240.18		pfam_only
GMO.00001385.v1.g174950.t1	ADH	Oxylipin and volatile-product chemistry	ADH	262	59.1	1.3e-14	proteome_v1_exact	full_length	round1	GMO.00001385.v1.g174950.t1	true	false	PF00107.33		pfam_only
GMO.00002497.v1.g563100.t1	ADH	Oxylipin and volatile-product chemistry	ADH	345	57.0	6.1e-14	proteome_v1_exact	full_length	round1	GMO.00002497.v1.g563100.t1	true	false	PF08240.18		pfam_only
GMO.00002497.v1.g563120.t2	ADH	Oxylipin and volatile-product chemistry	ADH	331	55.7	1.5e-13	proteome_v1_exact	full_length	round1	GMO.00002497.v1.g563120.t2	true	false	PF08240.18		pfam_only
GMO.00002498.v1.g567010.t2	ADH	Oxylipin and volatile-product chemistry	ADH	331	55.7	1.5e-13	proteome_v1_exact	full_length	round1	GMO.00002498.v1.g567010.t2	true	false	PF08240.18		pfam_only
GMO.00002356.v1.g503070.t1	ADH	Oxylipin and volatile-product chemistry	ADH	385	55.5	1.7e-13	proteome_v1_exact	full_length	round1	GMO.00002356.v1.g503070.t1	true	false	PF00107.33		pfam_only
GMO.00002636.v1.g647740.t1	ADH	Oxylipin and volatile-product chemistry	ADH	366	54.9	2.7e-13	proteome_v1_exact	full_length	round1	GMO.00002636.v1.g647740.t1	true	false	PF08240.18		pfam_only
GMO.00001745.v1.g234870.t1	ADH	Oxylipin and volatile-product chemistry	ADH	366	53.2	8.8e-13	proteome_v1_exact	full_length	round1	GMO.00001745.v1.g234870.t1	true	false	PF08240.18		pfam_only
GMO.00002363.v1.g510460.t2	Alliinase	Sulfur release and comparative reference architectures	Alliinase	433	508.2	3.3e-151	proteome_v1_exact	full_length	round1	GMO.00002363.v1.g510460.t2	true	false	PF04864.20		pfam_only
GMO.00001056.v1.g098240.t1	Alliinase	Sulfur release and comparative reference architectures	Alliinase	494	503.7	7.8e-150	proteome_v1_exact	full_length	round1	GMO.00001056.v1.g098240.t1	true	false	PF04863.20;PF04864.20		pfam_only
GMO.00001056.v1.g098250.t1	Alliinase	Sulfur release and comparative reference architectures	Alliinase	480	501.4	4e-149	proteome_v1_exact	full_length	round1	GMO.00001056.v1.g098250.t1	true	false	PF04863.20;PF04864.20		pfam_only
GMO.00002363.v1.g510450.t2	Alliinase	Sulfur release and comparative reference architectures	Alliinase	475	500.3	8.4e-149	proteome_v1_exact	full_length	round1	GMO.00002363.v1.g510450.t2	true	false	PF04863.20;PF04864.20		pfam_only
GMO.00002325.v1.g481480.t1	Alliinase	Sulfur release and comparative reference architectures	Alliinase	412	489.1	2.1e-145	proteome_v1_exact	full_length	round1	GMO.00002325.v1.g481480.t1	true	false	PF04864.20		pfam_only
GMO.00002288.v1.g441120.t1	Alliinase	Sulfur release and comparative reference architectures	Alliinase	452	488.4	3.5e-145	proteome_v1_exact	full_length	round1	GMO.00002288.v1.g441120.t1	true	false	PF04864.20		pfam_only
GMO.00001376.v1.g170880.t1	Alliinase	Sulfur release and comparative reference architectures	Alliinase	452	488.3	3.7e-145	proteome_v1_exact	full_length	round1	GMO.00001376.v1.g170880.t1	true	false	PF04864.20		pfam_only
GMO.00000555.v1.g021720.t1	Alliinase	Sulfur release and comparative reference architectures	Alliinase	415	485.9	2e-144	proteome_v1_exact	full_length	round1	GMO.00000555.v1.g021720.t1	true	false	PF04864.20		pfam_only
GMO.00002363.v1.g510470.t1	Alliinase	Sulfur release and comparative reference architectures	Alliinase	465	485.4	2.9e-144	proteome_v1_exact	full_length	round1	GMO.00002363.v1.g510470.t1	true	false	PF04863.20;PF04864.20		pfam_only
GMO.00001056.v1.g098230.t1	Alliinase	Sulfur release and comparative reference architectures	Alliinase	358	466.2	1.9e-138	proteome_v1_exact	full_length	round1	GMO.00001056.v1.g098230.t1	true	false	PF04864.20		pfam_only
GMO.00002705.v1.g665510.t1	GGT	Conjugation, transfer, and redox chemistry	GGT	629	583.2	1.6e-173	proteome_v1_exact	full_length	round1	GMO.00002705.v1.g665510.t1	true	false	PF01019.27		pfam_only
GMO.00002711.v1.g667700.t1	GGT	Conjugation, transfer, and redox chemistry	GGT	629	582.9	1.9e-173	proteome_v1_exact	full_length	round1	GMO.00002711.v1.g667700.t1	true	false	PF01019.27		pfam_only
GMO.00001202.v1.g119250.t1	GGT	Conjugation, transfer, and redox chemistry	GGT	586	571.7	4.6e-170	proteome_v1_exact	full_length	round1	GMO.00001202.v1.g119250.t1	true	false	PF01019.27		pfam_only
GMO.00002283.v1.g429350.t1	GGT	Conjugation, transfer, and redox chemistry	GGT	586	571.7	4.6e-170	proteome_v1_exact	full_length	round1	GMO.00002283.v1.g429350.t1	true	false	PF01019.27		pfam_only
GMO.00001200.v1.g119160.t1	GGT	Conjugation, transfer, and redox chemistry	GGT	310	300.1	9.5e-88	proteome_v1_exact	full_length	round1	GMO.00001200.v1.g119160.t1	true	false	PF01019.27		pfam_only
GMO.00001014.v1.g090870.t1	GST	Conjugation, transfer, and redox chemistry	GST	217	80.8	2.1e-21	proteome_v1_exact	full_length	round1	GMO.00001014.v1.g090870.t1	true	false	PF02798.27		pfam_only
GMO.00002518.v1.g587580.t1	GST	Conjugation, transfer, and redox chemistry	GST	217	80.8	2.1e-21	proteome_v1_exact	full_length	round1	GMO.00002518.v1.g587580.t1	true	false	PF02798.27		pfam_only
GMO.00002317.v1.g453350.t1	GST	Conjugation, transfer, and redox chemistry	GST	220	80.1	3.6e-21	proteome_v1_exact	full_length	round1	GMO.00002317.v1.g453350.t1	true	false	PF02798.27		pfam_only
GMO.00002695.v1.g660500.t1	GST	Conjugation, transfer, and redox chemistry	GST	220	80.1	3.6e-21	proteome_v1_exact	full_length	round1	GMO.00002695.v1.g660500.t1	true	false	PF02798.27		pfam_only
GMO.00002695.v1.g660490.t1	GST	Conjugation, transfer, and redox chemistry	GST	220	79.3	6.2e-21	proteome_v1_exact	full_length	round1	GMO.00002695.v1.g660490.t1	true	false	PF02798.27		pfam_only
GMO.00002317.v1.g453360.t1	GST	Conjugation, transfer, and redox chemistry	GST	220	78.3	1.3e-20	proteome_v1_exact	full_length	round1	GMO.00002317.v1.g453360.t1	true	false	PF02798.27		pfam_only
GMO.00001014.v1.g090820.t1	GST	Conjugation, transfer, and redox chemistry	GST	217	76.6	4.5e-20	proteome_v1_exact	full_length	round1	GMO.00001014.v1.g090820.t1	true	false	PF02798.27		pfam_only
GMO.00002518.v1.g587540.t1	GST	Conjugation, transfer, and redox chemistry	GST	217	76.6	4.5e-20	proteome_v1_exact	full_length	round1	GMO.00002518.v1.g587540.t1	true	false	PF02798.27		pfam_only
GMO.00000743.v1.g064240.t1	GST	Conjugation, transfer, and redox chemistry	GST	152	75.6	8.6e-20	proteome_v1_exact	full_length	round1	GMO.00000743.v1.g064240.t1	true	false	PF02798.27		pfam_only
GMO.00002271.v1.g399660.t1	GST	Conjugation, transfer, and redox chemistry	GST	152	75.6	8.6e-20	proteome_v1_exact	full_length	round1	GMO.00002271.v1.g399660.t1	true	false	PF02798.27		pfam_only
GMO.00002319.v1.g469450.t1	GST	Conjugation, transfer, and redox chemistry	GST	223	75.3	1.1e-19	proteome_v1_exact	full_length	round1	GMO.00002319.v1.g469450.t1	true	false	PF02798.27		pfam_only
GMO.00000827.v1.g069540.t1	GST	Conjugation, transfer, and redox chemistry	GST	226	74.6	1.8e-19	proteome_v1_exact	full_length	round1	GMO.00000827.v1.g069540.t1	true	false	PF02798.27		pfam_only
GMO.00000827.v1.g069550.t1	GST	Conjugation, transfer, and redox chemistry	GST	223	74.6	1.8e-19	proteome_v1_exact	full_length	round1	GMO.00000827.v1.g069550.t1	true	false	PF02798.27		pfam_only
GMO.00002319.v1.g469440.t1	GST	Conjugation, transfer, and redox chemistry	GST	226	74.4	2e-19	proteome_v1_exact	full_length	round1	GMO.00002319.v1.g469440.t1	true	false	PF02798.27		pfam_only
GMO.00002518.v1.g587570.t1	GST	Conjugation, transfer, and redox chemistry	GST	216	74.1	2.7e-19	proteome_v1_exact	full_length	round1	GMO.00002518.v1.g587570.t1	true	false	PF02798.27		pfam_only
GMO.00000174.v1.g002300.t1	GST	Conjugation, transfer, and redox chemistry	GST	223	73.8	3.2e-19	proteome_v1_exact	full_length	round1	GMO.00000174.v1.g002300.t1	true	false	PF02798.27		pfam_only
GMO.00002176.v1.g338040.t1	GST	Conjugation, transfer, and redox chemistry	GST	223	73.8	3.2e-19	proteome_v1_exact	full_length	round1	GMO.00002176.v1.g338040.t1	true	false	PF02798.27		pfam_only
GMO.00002518.v1.g587550.t1	GST	Conjugation, transfer, and redox chemistry	GST	217	73.8	3.3e-19	proteome_v1_exact	full_length	round1	GMO.00002518.v1.g587550.t1	true	false	PF02798.27		pfam_only
GMO.00001014.v1.g090830.t1	GST	Conjugation, transfer, and redox chemistry	GST	217	73.5	4.2e-19	proteome_v1_exact	full_length	round1	GMO.00001014.v1.g090830.t1	true	false	PF02798.27		pfam_only
GMO.00002176.v1.g338030.t1	GST	Conjugation, transfer, and redox chemistry	GST	229	73.4	4.4e-19	proteome_v1_exact	full_length	round1	GMO.00002176.v1.g338030.t1	true	false	PF02798.27		pfam_only
GMO.00002176.v1.g338060.t1	GST	Conjugation, transfer, and redox chemistry	GST	234	73.4	4.3e-19	proteome_v1_exact	full_length	round1	GMO.00002176.v1.g338060.t1	true	false	PF02798.27		pfam_only
GMO.00000174.v1.g002310.t1	GST	Conjugation, transfer, and redox chemistry	GST	229	73.3	4.7e-19	proteome_v1_exact	full_length	round1	GMO.00000174.v1.g002310.t1	true	false	PF02798.27		pfam_only
GMO.00002518.v1.g587600.t1	GST	Conjugation, transfer, and redox chemistry	GST	217	73.1	5.6e-19	proteome_v1_exact	full_length	round1	GMO.00002518.v1.g587600.t1	true	false	PF02798.27		pfam_only
GMO.00001014.v1.g090860.t1	GST	Conjugation, transfer, and redox chemistry	GST	217	73.0	5.7e-19	proteome_v1_exact	full_length	round1	GMO.00001014.v1.g090860.t1	true	false	PF02798.27		pfam_only
GMO.00002497.v1.g564340.t1	GST	Conjugation, transfer, and redox chemistry	GST	225	73.0	5.8e-19	proteome_v1_exact	full_length	round1	GMO.00002497.v1.g564340.t1	true	false	PF02798.27		pfam_only
GMO.00002498.v1.g565780.t1	GST	Conjugation, transfer, and redox chemistry	GST	225	73.0	5.8e-19	proteome_v1_exact	full_length	round1	GMO.00002498.v1.g565780.t1	true	false	PF02798.27		pfam_only
GMO.00002518.v1.g587560.t1	GST	Conjugation, transfer, and redox chemistry	GST	218	72.3	9.3e-19	proteome_v1_exact	full_length	round1	GMO.00002518.v1.g587560.t1	true	false	PF02798.27		pfam_only
GMO.00002497.v1.g564350.t1	GST	Conjugation, transfer, and redox chemistry	GST	224	72.2	1.1e-18	proteome_v1_exact	full_length	round1	GMO.00002497.v1.g564350.t1	true	false	PF02798.27		pfam_only
GMO.00002498.v1.g565770.t1	GST	Conjugation, transfer, and redox chemistry	GST	224	72.2	1.1e-18	proteome_v1_exact	full_length	round1	GMO.00002498.v1.g565770.t1	true	false	PF02798.27		pfam_only
GMO.00002695.v1.g660470.t1	GST	Conjugation, transfer, and redox chemistry	GST	128	72.1	1.1e-18	proteome_v1_exact	full_length	round1	GMO.00002695.v1.g660470.t1	true	false	PF02798.27		pfam_only
GMO.00000174.v1.g002280.t1	GST	Conjugation, transfer, and redox chemistry	GST	234	71.8	1.3e-18	proteome_v1_exact	full_length	round1	GMO.00000174.v1.g002280.t1	true	false	PF02798.27		pfam_only
GMO.00002453.v1.g539930.t1	GST	Conjugation, transfer, and redox chemistry	GST	233	71.1	2.2e-18	proteome_v1_exact	full_length	round1	GMO.00002453.v1.g539930.t1	true	false	PF02798.27		pfam_only
GMO.00002317.v1.g453370.t1	GST	Conjugation, transfer, and redox chemistry	GST	193	70.9	2.6e-18	proteome_v1_exact	full_length	round1	GMO.00002317.v1.g453370.t1	true	false	PF02798.27		pfam_only
GMO.00002453.v1.g539950.t1	GST	Conjugation, transfer, and redox chemistry	GST	218	70.9	2.6e-18	proteome_v1_exact	full_length	round1	GMO.00002453.v1.g539950.t1	true	false	PF02798.27		pfam_only
GMO.00002582.v1.g624500.t1	GST	Conjugation, transfer, and redox chemistry	GST	218	70.9	2.6e-18	proteome_v1_exact	full_length	round1	GMO.00002582.v1.g624500.t1	true	false	PF02798.27		pfam_only
GMO.00000827.v1.g069560.t1	GST	Conjugation, transfer, and redox chemistry	GST	223	70.8	2.9e-18	proteome_v1_exact	full_length	round1	GMO.00000827.v1.g069560.t1	true	false	PF02798.27		pfam_only
GMO.00002453.v1.g539910.t1	GST	Conjugation, transfer, and redox chemistry	GST	215	70.8	2.7e-18	proteome_v1_exact	full_length	round1	GMO.00002453.v1.g539910.t1	true	false	PF02798.27		pfam_only
GMO.00002582.v1.g624530.t1	GST	Conjugation, transfer, and redox chemistry	GST	215	70.8	2.7e-18	proteome_v1_exact	full_length	round1	GMO.00002582.v1.g624530.t1	true	false	PF02798.27		pfam_only
GMO.00001014.v1.g090940.t1	GST	Conjugation, transfer, and redox chemistry	GST	217	70.3	3.9e-18	proteome_v1_exact	full_length	round1	GMO.00001014.v1.g090940.t1	true	false	PF02798.27		pfam_only
GMO.00001014.v1.g090810.t1	GST	Conjugation, transfer, and redox chemistry	GST	217	70.0	5e-18	proteome_v1_exact	full_length	round1	GMO.00001014.v1.g090810.t1	true	false	PF02798.27		pfam_only
GMO.00002518.v1.g587530.t1	GST	Conjugation, transfer, and redox chemistry	GST	217	70.0	5e-18	proteome_v1_exact	full_length	round1	GMO.00002518.v1.g587530.t1	true	false	PF02798.27		pfam_only
GMO.00002453.v1.g539940.t1	GST	Conjugation, transfer, and redox chemistry	GST	222	69.9	5.3e-18	proteome_v1_exact	full_length	round1	GMO.00002453.v1.g539940.t1	true	false	PF02798.27		pfam_only
GMO.00002650.v1.g653390.t1	GST	Conjugation, transfer, and redox chemistry	GST	85	69.9	5.5e-18	proteome_v1_exact	full_length	round1	GMO.00002650.v1.g653390.t1	true	false	PF02798.27		pfam_only
GMO.00002319.v1.g469460.t1	GST	Conjugation, transfer, and redox chemistry	GST	223	69.5	7.1e-18	proteome_v1_exact	full_length	round1	GMO.00002319.v1.g469460.t1	true	false	PF02798.27		pfam_only
GMO.00002453.v1.g539920.t1	GST	Conjugation, transfer, and redox chemistry	GST	216	69.0	1e-17	proteome_v1_exact	full_length	round1	GMO.00002453.v1.g539920.t1	true	false	PF02798.27		pfam_only
GMO.00002582.v1.g624520.t1	GST	Conjugation, transfer, and redox chemistry	GST	216	69.0	1e-17	proteome_v1_exact	full_length	round1	GMO.00002582.v1.g624520.t1	true	false	PF02798.27		pfam_only
GMO.00000937.v1.g087890.t1	GST	Conjugation, transfer, and redox chemistry	GST	226	68.6	1.4e-17	proteome_v1_exact	full_length	round1	GMO.00000937.v1.g087890.t1	true	false	PF02798.27		pfam_only
GMO.00002284.v1.g433120.t2	GST	Conjugation, transfer, and redox chemistry	GST	226	67.9	2.3e-17	proteome_v1_exact	full_length	round1	GMO.00002284.v1.g433120.t2	true	false	PF02798.27		pfam_only
GMO.00000937.v1.g087860.t1	GST	Conjugation, transfer, and redox chemistry	GST	226	67.7	2.7e-17	proteome_v1_exact	full_length	round1	GMO.00000937.v1.g087860.t1	true	false	PF02798.27		pfam_only
GMO.00002284.v1.g433160.t1	GST	Conjugation, transfer, and redox chemistry	GST	226	67.7	2.7e-17	proteome_v1_exact	full_length	round1	GMO.00002284.v1.g433160.t1	true	false	PF02798.27		pfam_only
GMO.00002582.v1.g624560.t1	GST	Conjugation, transfer, and redox chemistry	GST	218	67.7	2.7e-17	proteome_v1_exact	full_length	round1	GMO.00002582.v1.g624560.t1	true	false	PF02798.27		pfam_only
GMO.00002453.v1.g539890.t1	GST	Conjugation, transfer, and redox chemistry	GST	218	67.6	2.8e-17	proteome_v1_exact	full_length	round1	GMO.00002453.v1.g539890.t1	true	false	PF02798.27		pfam_only
GMO.00002453.v1.g539900.t1	GST	Conjugation, transfer, and redox chemistry	GST	214	67.0	4.4e-17	proteome_v1_exact	full_length	round1	GMO.00002453.v1.g539900.t1	true	false	PF02798.27		pfam_only
GMO.00000719.v1.g050990.t1	GST	Conjugation, transfer, and redox chemistry	GST	215	66.9	4.7e-17	proteome_v1_exact	full_length	round1	GMO.00000719.v1.g050990.t1	true	false	PF02798.27		pfam_only
GMO.00002582.v1.g624550.t1	GST	Conjugation, transfer, and redox chemistry	GST	214	66.9	4.6e-17	proteome_v1_exact	full_length	round1	GMO.00002582.v1.g624550.t1	true	false	PF02798.27		pfam_only
GMO.00002276.v1.g411030.t1	GST	Conjugation, transfer, and redox chemistry	GST	215	66.6	5.6e-17	proteome_v1_exact	full_length	round1	GMO.00002276.v1.g411030.t1	true	false	PF02798.27		pfam_only
GMO.00000697.v1.g048120.t1	GST	Conjugation, transfer, and redox chemistry	GST	231	66.2	7.9e-17	proteome_v1_exact	full_length	round1	GMO.00000697.v1.g048120.t1	true	false	PF02798.27		pfam_only
GMO.00002291.v1.g445250.t1	GST	Conjugation, transfer, and redox chemistry	GST	231	66.2	7.9e-17	proteome_v1_exact	full_length	round1	GMO.00002291.v1.g445250.t1	true	false	PF02798.27		pfam_only
GMO.00002317.v1.g453380.t1	GST	Conjugation, transfer, and redox chemistry	GST	225	65.8	1e-16	proteome_v1_exact	full_length	round1	GMO.00002317.v1.g453380.t1	true	false	PF02798.27		pfam_only
GMO.00001050.v1.g096440.t1	GST	Conjugation, transfer, and redox chemistry	GST	225	65.1	1.7e-16	proteome_v1_exact	full_length	round1	GMO.00001050.v1.g096440.t1	true	false	PF02798.27		pfam_only
GMO.00001180.v1.g117650.t1	GST	Conjugation, transfer, and redox chemistry	GST	219	64.8	2.1e-16	proteome_v1_exact	full_length	round1	GMO.00001180.v1.g117650.t1	true	false	PF02798.27		pfam_only
GMO.00002253.v1.g378300.t1	GST	Conjugation, transfer, and redox chemistry	GST	223	64.8	2.1e-16	proteome_v1_exact	full_length	round1	GMO.00002253.v1.g378300.t1	true	false	PF02798.27		pfam_only
GMO.00002354.v1.g500180.t1	GST	Conjugation, transfer, and redox chemistry	GST	219	64.8	2.1e-16	proteome_v1_exact	full_length	round1	GMO.00002354.v1.g500180.t1	true	false	PF02798.27		pfam_only
GMO.00002603.v1.g632760.t1	GST	Conjugation, transfer, and redox chemistry	GST	230	64.5	2.5e-16	proteome_v1_exact	full_length	round1	GMO.00002603.v1.g632760.t1	true	false	PF02798.27		pfam_only
GMO.00002534.v1.g606830.t1	GST	Conjugation, transfer, and redox chemistry	GST	231	64.4	2.8e-16	proteome_v1_exact	full_length	round1	GMO.00002534.v1.g606830.t1	true	false	PF02798.27		pfam_only
GMO.00002568.v1.g622150.t1	GST	Conjugation, transfer, and redox chemistry	GST	231	64.4	2.7e-16	proteome_v1_exact	full_length	round1	GMO.00002568.v1.g622150.t1	true	false	PF02798.27		pfam_only
GMO.00002523.v1.g603160.t1	GST	Conjugation, transfer, and redox chemistry	GST	225	64.3	2.9e-16	proteome_v1_exact	full_length	round1	GMO.00002523.v1.g603160.t1	true	false	PF02798.27		pfam_only
GMO.00002523.v1.g603170.t1	GST	Conjugation, transfer, and redox chemistry	GST	225	64.3	3e-16	proteome_v1_exact	full_length	round1	GMO.00002523.v1.g603170.t1	true	false	PF02798.27		pfam_only
GMO.00000720.v1.g052220.t1	GST	Conjugation, transfer, and redox chemistry	GST	238	64.1	3.5e-16	proteome_v1_exact	full_length	round1	GMO.00000720.v1.g052220.t1	true	false	PF02798.27		pfam_only
GMO.00002767.v1.g678310.t1	GST	Conjugation, transfer, and redox chemistry	GST	238	64.0	3.7e-16	proteome_v1_exact	full_length	round1	GMO.00002767.v1.g678310.t1	true	false	PF02798.27		pfam_only
GMO.00002176.v1.g338050.t1	GST	Conjugation, transfer, and redox chemistry	GST	224	63.7	4.8e-16	proteome_v1_exact	full_length	round1	GMO.00002176.v1.g338050.t1	true	false	PF02798.27		pfam_only
GMO.00002291.v1.g445260.t1	GST	Conjugation, transfer, and redox chemistry	GST	232	63.7	4.6e-16	proteome_v1_exact	full_length	round1	GMO.00002291.v1.g445260.t1	true	false	PF02798.27		pfam_only
GMO.00002695.v1.g660460.t1	GST	Conjugation, transfer, and redox chemistry	GST	224	63.1	7.1e-16	proteome_v1_exact	full_length	round1	GMO.00002695.v1.g660460.t1	true	false	PF02798.27		pfam_only
GMO.00000174.v1.g002290.t1	GST	Conjugation, transfer, and redox chemistry	GST	224	62.0	1.6e-15	proteome_v1_exact	full_length	round1	GMO.00000174.v1.g002290.t1	true	false	PF02798.27		pfam_only
GMO.00000697.v1.g048130.t1	GST	Conjugation, transfer, and redox chemistry	GST	232	61.4	2.4e-15	proteome_v1_exact	full_length	round1	GMO.00000697.v1.g048130.t1	true	false	PF02798.27		pfam_only
GMO.00001050.v1.g096430.t1	GST	Conjugation, transfer, and redox chemistry	GST	225	61.0	3.3e-15	proteome_v1_exact	full_length	round1	GMO.00001050.v1.g096430.t1	true	false	PF02798.27		pfam_only
GMO.00001573.v1.g199890.t1	GST	Conjugation, transfer, and redox chemistry	GST	228	60.6	4.2e-15	proteome_v1_exact	full_length	round1	GMO.00001573.v1.g199890.t1	true	false	PF02798.27		pfam_only
GMO.00002336.v1.g487520.t1	GST	Conjugation, transfer, and redox chemistry	GST	228	60.6	4.2e-15	proteome_v1_exact	full_length	round1	GMO.00002336.v1.g487520.t1	true	false	PF02798.27		pfam_only
GMO.00001490.v1.g184070.t1	GST	Conjugation, transfer, and redox chemistry	GST	230	57.7	3.4e-14	proteome_v1_exact	full_length	round1	GMO.00001490.v1.g184070.t1	true	false	PF02798.27		pfam_only
GMO.00002253.v1.g372260.t1	GST	Conjugation, transfer, and redox chemistry	GST	418	56.9	6.1e-14	proteome_v1_exact	full_length	round1	GMO.00002253.v1.g372260.t1	true	false	PF02798.27		pfam_only
GMO.00001513.v1.g191250.t1	GST	Conjugation, transfer, and redox chemistry	GST	419	56.8	6.7e-14	proteome_v1_exact	full_length	round1	GMO.00001513.v1.g191250.t1	true	false	PF02798.27		pfam_only
GMO.00002326.v1.g482460.t1	GST	Conjugation, transfer, and redox chemistry	GST	230	56.8	6.8e-14	proteome_v1_exact	full_length	round1	GMO.00002326.v1.g482460.t1	true	false	PF02798.27		pfam_only
GMO.00002356.v1.g506090.t1	GST	Conjugation, transfer, and redox chemistry	GST	419	56.8	6.7e-14	proteome_v1_exact	full_length	round1	GMO.00002356.v1.g506090.t1	true	false	PF02798.27		pfam_only
GMO.00002271.v1.g399560.t1	CSCBL_like	Sulfur release and comparative reference architectures	CSCBL-like	468	489.1	1.9e-145	proteome_v1_exact	full_length	round1	GMO.00002271.v1.g399560.t1	true	false	PF01053.27		pfam_only
GMO.00000743.v1.g064290.t1	CSCBL_like	Sulfur release and comparative reference architectures	CSCBL-like	468	488.0	4.1e-145	proteome_v1_exact	full_length	round1	GMO.00000743.v1.g064290.t1	true	false	PF01053.27		pfam_only
GMO.00001343.v1.g162120.t1	CSCBL_like	Sulfur release and comparative reference architectures	CSCBL-like	542	457.9	6e-136	proteome_v1_exact	full_length	round1	GMO.00001343.v1.g162120.t1	true	false	PF01053.27		pfam_only
GMO.00001385.v1.g173130.t1	CSCBL_like	Sulfur release and comparative reference architectures	CSCBL-like	542	457.9	6e-136	proteome_v1_exact	full_length	round1	GMO.00001385.v1.g173130.t1	true	false	PF01053.27		pfam_only
GMO.00001695.v1.g225230.t1	CSCBL_like	Sulfur release and comparative reference architectures	CSCBL-like	448	285.6	1.3e-83	proteome_v1_exact	full_length	round1	GMO.00001695.v1.g225230.t1	true	false	PF01053.27		pfam_only
GMO.00002556.v1.g618800.t1	CSCBL_like	Sulfur release and comparative reference architectures	CSCBL-like	448	285.6	1.3e-83	proteome_v1_exact	full_length	round1	GMO.00002556.v1.g618800.t1	true	false	PF01053.27		pfam_only
GMO.00002317.v1.g452520.t1	LF_synthase	Sulfur release and comparative reference architectures	Lachrymatory-factor synthase	186	73.0	8.8e-19	proteome_v1_exact	full_length	round1	GMO.00002317.v1.g452520.t1	true	false	PF10604.16		pfam_only
GMO.00002695.v1.g661350.t1	LF_synthase	Sulfur release and comparative reference architectures	Lachrymatory-factor synthase	186	73.0	8.8e-19	proteome_v1_exact	full_length	round1	GMO.00002695.v1.g661350.t1	true	false	PF10604.16		pfam_only
GMO.00001607.v1.g209960.t1	LF_synthase	Sulfur release and comparative reference architectures	Lachrymatory-factor synthase	170	70.7	4.3e-18	proteome_v1_exact	full_length	round1	GMO.00001607.v1.g209960.t1	true	false	PF10604.16		pfam_only
GMO.00001111.v1.g112310.t1	LF_synthase	Sulfur release and comparative reference architectures	Lachrymatory-factor synthase	193	69.8	8.3e-18	proteome_v1_exact	full_length	round1	GMO.00001111.v1.g112310.t1	true	false	PF10604.16		pfam_only
GMO.00000574.v1.g031970.t1	LF_synthase	Sulfur release and comparative reference architectures	Lachrymatory-factor synthase	170	69.2	1.2e-17	proteome_v1_exact	full_length	round1	GMO.00000574.v1.g031970.t1	true	false	PF10604.16		pfam_only
GMO.00000574.v1.g027720.t1	LF_synthase	Sulfur release and comparative reference architectures	Lachrymatory-factor synthase	205	67.9	3.2e-17	proteome_v1_exact	full_length	round1	GMO.00000574.v1.g027720.t1	true	false	PF10604.16		pfam_only
GMO.00002345.v1.g494660.t1	LF_synthase	Sulfur release and comparative reference architectures	Lachrymatory-factor synthase	205	67.9	3.2e-17	proteome_v1_exact	full_length	round1	GMO.00002345.v1.g494660.t1	true	false	PF10604.16		pfam_only
GMO.00002253.v1.g383580.t1	LF_synthase	Sulfur release and comparative reference architectures	Lachrymatory-factor synthase	173	62.8	1.2e-15	proteome_v1_exact	full_length	round1	GMO.00002253.v1.g383580.t1	true	false	PF10604.16		pfam_only
GMO.00002216.v1.g345800.t1	LOX	Oxylipin and volatile-product chemistry	LOX	861	1075.9	0.0	proteome_v1_exact	full_length	round1	GMO.00002216.v1.g345800.t1	true	false	PF00305.25;PF01477.29		pfam_only
GMO.00001513.v1.g189860.t1	LOX	Oxylipin and volatile-product chemistry	LOX	917	1069.4	0.0	proteome_v1_exact	full_length	round1	GMO.00001513.v1.g189860.t1	true	false	PF00305.25		pfam_only
GMO.00002356.v1.g504640.t1	LOX	Oxylipin and volatile-product chemistry	LOX	917	1069.0	0.0	proteome_v1_exact	full_length	round1	GMO.00002356.v1.g504640.t1	true	false	PF00305.25		pfam_only
GMO.00002216.v1.g345670.t1	LOX	Oxylipin and volatile-product chemistry	LOX	956	1059.5	1.7e-317	proteome_v1_exact	full_length	round1	GMO.00002216.v1.g345670.t1	true	false	PF00305.25;PF01477.29		pfam_only
GMO.00002216.v1.g345790.t1	LOX	Oxylipin and volatile-product chemistry	LOX	872	1058.1	4.8e-317	proteome_v1_exact	full_length	round1	GMO.00002216.v1.g345790.t1	true	false	PF00305.25;PF01477.29		pfam_only
GMO.00001513.v1.g189850.t1	LOX	Oxylipin and volatile-product chemistry	LOX	907	1057.9	5e-317	proteome_v1_exact	full_length	round1	GMO.00001513.v1.g189850.t1	true	false	PF00305.25		pfam_only
GMO.00002356.v1.g504630.t1	LOX	Oxylipin and volatile-product chemistry	LOX	909	1057.9	5e-317	proteome_v1_exact	full_length	round1	GMO.00002356.v1.g504630.t1	true	false	PF00305.25		pfam_only
GMO.00002216.v1.g345780.t1	LOX	Oxylipin and volatile-product chemistry	LOX	803	1054.2	6.7e-316	proteome_v1_exact	full_length	round1	GMO.00002216.v1.g345780.t1	true	false	PF00305.25;PF01477.29		pfam_only
GMO.00001513.v1.g189840.t1	LOX	Oxylipin and volatile-product chemistry	LOX	931	1052.8	1.8e-315	proteome_v1_exact	full_length	round1	GMO.00001513.v1.g189840.t1	true	false	PF00305.25		pfam_only
GMO.00001016.v1.g092500.t1	LOX	Oxylipin and volatile-product chemistry	LOX	860	1052.4	2.5e-315	proteome_v1_exact	full_length	round1	GMO.00001016.v1.g092500.t1	true	false	PF00305.25;PF01477.29		pfam_only
GMO.00002516.v1.g581300.t1	LOX	Oxylipin and volatile-product chemistry	LOX	860	1051.9	3.5e-315	proteome_v1_exact	full_length	round1	GMO.00002516.v1.g581300.t1	true	false	PF00305.25;PF01477.29		pfam_only
GMO.00002356.v1.g504770.t1	LOX	Oxylipin and volatile-product chemistry	LOX	923	1051.5	4.6e-315	proteome_v1_exact	full_length	round1	GMO.00002356.v1.g504770.t1	true	false	PF00305.25		pfam_only
GMO.00001513.v1.g189890.t1	LOX	Oxylipin and volatile-product chemistry	LOX	923	1051.0	6.2e-315	proteome_v1_exact	full_length	round1	GMO.00001513.v1.g189890.t1	true	false	PF00305.25		pfam_only
GMO.00000571.v1.g025000.t1	LOX	Oxylipin and volatile-product chemistry	LOX	936	1046.0	2.1e-313	proteome_v1_exact	full_length	round1	GMO.00000571.v1.g025000.t1	true	false	PF00305.25		pfam_only
GMO.00002325.v1.g479150.t1	LOX	Oxylipin and volatile-product chemistry	LOX	936	1046.0	2.1e-313	proteome_v1_exact	full_length	round1	GMO.00002325.v1.g479150.t1	true	false	PF00305.25		pfam_only
GMO.00002176.v1.g331990.t1	LOX	Oxylipin and volatile-product chemistry	LOX	873	1044.0	8.2e-313	proteome_v1_exact	full_length	round1	GMO.00002176.v1.g331990.t1	true	false	PF00305.25;PF01477.29		pfam_only
GMO.00002216.v1.g345680.t1	LOX	Oxylipin and volatile-product chemistry	LOX	849	1041.4	5.1e-312	proteome_v1_exact	full_length	round1	GMO.00002216.v1.g345680.t1	true	false	PF00305.25;PF01477.29		pfam_only
GMO.00002319.v1.g466540.t1	LOX	Oxylipin and volatile-product chemistry	LOX	932	1039.4	2.1e-311	proteome_v1_exact	full_length	round1	GMO.00002319.v1.g466540.t1	true	false	PF00305.25;PF01477.29		pfam_only
GMO.00002415.v1.g519410.t1	LOX	Oxylipin and volatile-product chemistry	LOX	932	1039.4	2.1e-311	proteome_v1_exact	full_length	round1	GMO.00002415.v1.g519410.t1	true	false	PF00305.25;PF01477.29		pfam_only
GMO.00002216.v1.g362160.t1	LOX	Oxylipin and volatile-product chemistry	LOX	876	1035.9	2.4e-310	proteome_v1_exact	full_length	round1	GMO.00002216.v1.g362160.t1	true	false	PF00305.25;PF01477.29		pfam_only
GMO.00002176.v1.g311800.t1	LOX	Oxylipin and volatile-product chemistry	LOX	869	1035.6	3e-310	proteome_v1_exact	full_length	round1	GMO.00002176.v1.g311800.t1	true	false	PF00305.25;PF01477.29		pfam_only
GMO.00002226.v1.g367190.t1	LOX	Oxylipin and volatile-product chemistry	LOX	876	1035.5	3.2e-310	proteome_v1_exact	full_length	round1	GMO.00002226.v1.g367190.t1	true	false	PF00305.25;PF01477.29		pfam_only
GMO.00001513.v1.g189910.t1	LOX	Oxylipin and volatile-product chemistry	LOX	929	1034.6	6.1e-310	proteome_v1_exact	full_length	round1	GMO.00001513.v1.g189910.t1	true	false	PF00305.25		pfam_only
GMO.00002356.v1.g504750.t1	LOX	Oxylipin and volatile-product chemistry	LOX	929	1029.5	2.1e-308	proteome_v1_exact	full_length	round1	GMO.00002356.v1.g504750.t1	true	false	PF00305.25		pfam_only
GMO.00001513.v1.g189920.t1	LOX	Oxylipin and volatile-product chemistry	LOX	927	1003.4	1.7e-300	proteome_v1_exact	full_length	round1	GMO.00001513.v1.g189920.t1	true	false	PF00305.25		pfam_only
GMO.00002356.v1.g504740.t1	LOX	Oxylipin and volatile-product chemistry	LOX	929	1001.3	7.1e-300	proteome_v1_exact	full_length	round1	GMO.00002356.v1.g504740.t1	true	false	PF00305.25		pfam_only
GMO.00001513.v1.g189930.t1	LOX	Oxylipin and volatile-product chemistry	LOX	929	993.9	1.2e-297	proteome_v1_exact	full_length	round1	GMO.00001513.v1.g189930.t1	true	false	PF00305.25		pfam_only
GMO.00002356.v1.g504730.t1	LOX	Oxylipin and volatile-product chemistry	LOX	927	993.1	2.2e-297	proteome_v1_exact	full_length	round1	GMO.00002356.v1.g504730.t1	true	false	PF00305.25		pfam_only
GMO.00002356.v1.g504600.t1	LOX	Oxylipin and volatile-product chemistry	LOX	580	882.1	8.5e-264	proteome_v1_exact	full_length	round1	GMO.00002356.v1.g504600.t1	true	false	PF00305.25		pfam_only
GMO.00002218.v1.g365940.t1	LOX	Oxylipin and volatile-product chemistry	LOX	841	799.4	8.9e-239	proteome_v1_exact	full_length	round1	GMO.00002218.v1.g365940.t1	true	false	PF00305.25		pfam_only
GMO.00000789.v1.g067900.t1	LOX	Oxylipin and volatile-product chemistry	LOX	274	414.6	2.5e-122	proteome_v1_exact	full_length	round1	GMO.00000789.v1.g067900.t1	true	false	PF00305.25		pfam_only
GMO.00002176.v1.g311790.t2	LOX	Oxylipin and volatile-product chemistry	LOX	171	211.0	9.9e-61	proteome_v1_exact	full_length	round1	GMO.00002176.v1.g311790.t2	true	false	PF00305.25		pfam_only
GMO.00002176.v1.g311810.t1	LOX	Oxylipin and volatile-product chemistry	LOX	171	210.8	1.2e-60	proteome_v1_exact	full_length	round1	GMO.00002176.v1.g311810.t1	true	false	PF00305.25		pfam_only
GMO.00002787.v1.g684210.t2	LOX	Oxylipin and volatile-product chemistry	LOX	167	173.2	2.7e-49	proteome_v1_exact	full_length	round1	GMO.00002787.v1.g684210.t2	true	false	PF00305.25		pfam_only
GMO.00002356.v1.g504590.t1	LOX	Oxylipin and volatile-product chemistry	LOX	337	118.8	8e-33	proteome_v1_exact	full_length	round1	GMO.00002356.v1.g504590.t1	true	false	PF00305.25		pfam_only
GMO.00002271.v1.g399560.t1	MGL_cannabis	Sulfur release and comparative reference architectures	MGL-Cannabis	468	489.1	1.9e-145	proteome_v1_exact	full_length	round1	GMO.00002271.v1.g399560.t1	true	false	PF01053.27		pfam_only
GMO.00000743.v1.g064290.t1	MGL_cannabis	Sulfur release and comparative reference architectures	MGL-Cannabis	468	488.0	4.1e-145	proteome_v1_exact	full_length	round1	GMO.00000743.v1.g064290.t1	true	false	PF01053.27		pfam_only
GMO.00001343.v1.g162120.t1	MGL_cannabis	Sulfur release and comparative reference architectures	MGL-Cannabis	542	457.9	6e-136	proteome_v1_exact	full_length	round1	GMO.00001343.v1.g162120.t1	true	false	PF01053.27		pfam_only
GMO.00001385.v1.g173130.t1	MGL_cannabis	Sulfur release and comparative reference architectures	MGL-Cannabis	542	457.9	6e-136	proteome_v1_exact	full_length	round1	GMO.00001385.v1.g173130.t1	true	false	PF01053.27		pfam_only
GMO.00001695.v1.g225230.t1	MGL_cannabis	Sulfur release and comparative reference architectures	MGL-Cannabis	448	285.6	1.3e-83	proteome_v1_exact	full_length	round1	GMO.00001695.v1.g225230.t1	true	false	PF01053.27		pfam_only
GMO.00002556.v1.g618800.t1	MGL_cannabis	Sulfur release and comparative reference architectures	MGL-Cannabis	448	285.6	1.3e-83	proteome_v1_exact	full_length	round1	GMO.00002556.v1.g618800.t1	true	false	PF01053.27		pfam_only
GMO.00002271.v1.g399560.t1	MGL_durio	Sulfur release and comparative reference architectures	MGL-Durio	468	489.1	1.9e-145	proteome_v1_exact	full_length	round1	GMO.00002271.v1.g399560.t1	true	false	PF01053.27		pfam_only
GMO.00000743.v1.g064290.t1	MGL_durio	Sulfur release and comparative reference architectures	MGL-Durio	468	488.0	4.1e-145	proteome_v1_exact	full_length	round1	GMO.00000743.v1.g064290.t1	true	false	PF01053.27		pfam_only
GMO.00001343.v1.g162120.t1	MGL_durio	Sulfur release and comparative reference architectures	MGL-Durio	542	457.9	6e-136	proteome_v1_exact	full_length	round1	GMO.00001343.v1.g162120.t1	true	false	PF01053.27		pfam_only
GMO.00001385.v1.g173130.t1	MGL_durio	Sulfur release and comparative reference architectures	MGL-Durio	542	457.9	6e-136	proteome_v1_exact	full_length	round1	GMO.00001385.v1.g173130.t1	true	false	PF01053.27		pfam_only
GMO.00001695.v1.g225230.t1	MGL_durio	Sulfur release and comparative reference architectures	MGL-Durio	448	285.6	1.3e-83	proteome_v1_exact	full_length	round1	GMO.00001695.v1.g225230.t1	true	false	PF01053.27		pfam_only
GMO.00002556.v1.g618800.t1	MGL_durio	Sulfur release and comparative reference architectures	MGL-Durio	448	285.6	1.3e-83	proteome_v1_exact	full_length	round1	GMO.00002556.v1.g618800.t1	true	false	PF01053.27		pfam_only
GMO.00002271.v1.g399560.t1	MGL_artocarpus	Sulfur release and comparative reference architectures	MGL-Artocarpus	468	489.1	1.9e-145	proteome_v1_exact	full_length	round1	GMO.00002271.v1.g399560.t1	true	false	PF01053.27		pfam_only
GMO.00000743.v1.g064290.t1	MGL_artocarpus	Sulfur release and comparative reference architectures	MGL-Artocarpus	468	488.0	4.1e-145	proteome_v1_exact	full_length	round1	GMO.00000743.v1.g064290.t1	true	false	PF01053.27		pfam_only
GMO.00001343.v1.g162120.t1	MGL_artocarpus	Sulfur release and comparative reference architectures	MGL-Artocarpus	542	457.9	6e-136	proteome_v1_exact	full_length	round1	GMO.00001343.v1.g162120.t1	true	false	PF01053.27		pfam_only
GMO.00001385.v1.g173130.t1	MGL_artocarpus	Sulfur release and comparative reference architectures	MGL-Artocarpus	542	457.9	6e-136	proteome_v1_exact	full_length	round1	GMO.00001385.v1.g173130.t1	true	false	PF01053.27		pfam_only
GMO.00001695.v1.g225230.t1	MGL_artocarpus	Sulfur release and comparative reference architectures	MGL-Artocarpus	448	285.6	1.3e-83	proteome_v1_exact	full_length	round1	GMO.00001695.v1.g225230.t1	true	false	PF01053.27		pfam_only
GMO.00002556.v1.g618800.t1	MGL_artocarpus	Sulfur release and comparative reference architectures	MGL-Artocarpus	448	285.6	1.3e-83	proteome_v1_exact	full_length	round1	GMO.00002556.v1.g618800.t1	true	false	PF01053.27		pfam_only
GMO.00002319.v1.g469810.t1	Myrosinase	Sulfur release and comparative reference architectures	Myrosinase	1057	990.0	3.6e-297	proteome_v1_exact	full_length	round1	GMO.00002319.v1.g469810.t1	true	false	PF00232.25		pfam_only
GMO.00001343.v1.g163370.t1	Myrosinase	Sulfur release and comparative reference architectures	Myrosinase	495	571.0	4.5e-170	proteome_v1_exact	full_length	round1	GMO.00001343.v1.g163370.t1	true	false	PF00232.25		pfam_only
GMO.00001385.v1.g171830.t1	Myrosinase	Sulfur release and comparative reference architectures	Myrosinase	495	571.0	4.5e-170	proteome_v1_exact	full_length	round1	GMO.00001385.v1.g171830.t1	true	false	PF00232.25		pfam_only
GMO.00002275.v1.g403640.t1	Myrosinase	Sulfur release and comparative reference architectures	Myrosinase	500	555.1	3.1e-165	proteome_v1_exact	full_length	round1	GMO.00002275.v1.g403640.t1	true	false	PF00232.25		pfam_only
GMO.00000537.v1.g020960.t1	Myrosinase	Sulfur release and comparative reference architectures	Myrosinase	500	552.4	2e-164	proteome_v1_exact	full_length	round1	GMO.00000537.v1.g020960.t1	true	false	PF00232.25		pfam_only
GMO.00002356.v1.g504710.t2	Myrosinase	Sulfur release and comparative reference architectures	Myrosinase	484	541.8	3.3e-161	proteome_v1_exact	full_length	round1	GMO.00002356.v1.g504710.t2	true	false	PF00232.25		pfam_only
GMO.00001513.v1.g189950.t1	Myrosinase	Sulfur release and comparative reference architectures	Myrosinase	528	541.2	5e-161	proteome_v1_exact	full_length	round1	GMO.00001513.v1.g189950.t1	true	false	PF00232.25		pfam_only
GMO.00001050.v1.g096410.t2	Myrosinase	Sulfur release and comparative reference architectures	Myrosinase	507	534.4	6e-159	proteome_v1_exact	full_length	round1	GMO.00001050.v1.g096410.t2	true	false	PF00232.25		pfam_only
GMO.00002523.v1.g603190.t1	Myrosinase	Sulfur release and comparative reference architectures	Myrosinase	517	533.8	8.7e-159	proteome_v1_exact	full_length	round1	GMO.00002523.v1.g603190.t1	true	false	PF00232.25		pfam_only
GMO.00001856.v1.g257650.t1	Myrosinase	Sulfur release and comparative reference architectures	Myrosinase	509	526.9	1.1e-156	proteome_v1_exact	full_length	round1	GMO.00001856.v1.g257650.t1	true	false	PF00232.25		pfam_only
GMO.00002277.v1.g422660.t1	Myrosinase	Sulfur release and comparative reference architectures	Myrosinase	509	525.8	2.3e-156	proteome_v1_exact	full_length	round1	GMO.00002277.v1.g422660.t1	true	false	PF00232.25		pfam_only
GMO.00001050.v1.g096390.t2	Myrosinase	Sulfur release and comparative reference architectures	Myrosinase	511	525.7	2.6e-156	proteome_v1_exact	full_length	round1	GMO.00001050.v1.g096390.t2	true	false	PF00232.25		pfam_only
GMO.00002523.v1.g603210.t2	Myrosinase	Sulfur release and comparative reference architectures	Myrosinase	511	524.7	5.3e-156	proteome_v1_exact	full_length	round1	GMO.00002523.v1.g603210.t2	true	false	PF00232.25		pfam_only
GMO.00000827.v1.g069880.t1	Myrosinase	Sulfur release and comparative reference architectures	Myrosinase	497	524.4	6.2e-156	proteome_v1_exact	full_length	round1	GMO.00000827.v1.g069880.t1	true	false	PF00232.25		pfam_only
GMO.00002523.v1.g603200.t2	Myrosinase	Sulfur release and comparative reference architectures	Myrosinase	499	523.6	1.1e-155	proteome_v1_exact	full_length	round1	GMO.00002523.v1.g603200.t2	true	false	PF00232.25		pfam_only
GMO.00001050.v1.g096400.t2	Myrosinase	Sulfur release and comparative reference architectures	Myrosinase	499	523.5	1.1e-155	proteome_v1_exact	full_length	round1	GMO.00001050.v1.g096400.t2	true	false	PF00232.25		pfam_only
GMO.00002356.v1.g504720.t3	Myrosinase	Sulfur release and comparative reference architectures	Myrosinase	524	521.9	3.6e-155	proteome_v1_exact	full_length	round1	GMO.00002356.v1.g504720.t3	true	false	PF00232.25		pfam_only
GMO.00001513.v1.g189940.t1	Myrosinase	Sulfur release and comparative reference architectures	Myrosinase	528	521.7	4.1e-155	proteome_v1_exact	full_length	round1	GMO.00001513.v1.g189940.t1	true	false	PF00232.25		pfam_only
GMO.00000827.v1.g069860.t2	Myrosinase	Sulfur release and comparative reference architectures	Myrosinase	510	521.5	4.8e-155	proteome_v1_exact	full_length	round1	GMO.00000827.v1.g069860.t2	true	false	PF00232.25		pfam_only
GMO.00002277.v1.g413260.t1	Myrosinase	Sulfur release and comparative reference architectures	Myrosinase	508	518.0	5.4e-154	proteome_v1_exact	full_length	round1	GMO.00002277.v1.g413260.t1	true	false	PF00232.25		pfam_only
GMO.00002176.v1.g312690.t1	Myrosinase	Sulfur release and comparative reference architectures	Myrosinase	517	513.1	1.7e-152	proteome_v1_exact	full_length	round1	GMO.00002176.v1.g312690.t1	true	false	PF00232.25		pfam_only
GMO.00001527.v1.g192460.t1	Myrosinase	Sulfur release and comparative reference architectures	Myrosinase	509	512.5	2.6e-152	proteome_v1_exact	full_length	round1	GMO.00001527.v1.g192460.t1	true	false	PF00232.25		pfam_only
GMO.00002277.v1.g413310.t1	Myrosinase	Sulfur release and comparative reference architectures	Myrosinase	509	512.3	3e-152	proteome_v1_exact	full_length	round1	GMO.00002277.v1.g413310.t1	true	false	PF00232.25		pfam_only
GMO.00001527.v1.g192620.t1	Myrosinase	Sulfur release and comparative reference architectures	Myrosinase	508	511.7	4.5e-152	proteome_v1_exact	full_length	round1	GMO.00001527.v1.g192620.t1	true	false	PF00232.25		pfam_only
GMO.00001050.v1.g096380.t1	Myrosinase	Sulfur release and comparative reference architectures	Myrosinase	481	502.5	2.7e-149	proteome_v1_exact	full_length	round1	GMO.00001050.v1.g096380.t1	true	false	PF00232.25		pfam_only
GMO.00002523.v1.g603220.t1	Myrosinase	Sulfur release and comparative reference architectures	Myrosinase	481	502.4	3.1e-149	proteome_v1_exact	full_length	round1	GMO.00002523.v1.g603220.t1	true	false	PF00232.25		pfam_only
GMO.00001378.v1.g171120.t2	Myrosinase	Sulfur release and comparative reference architectures	Myrosinase	512	495.9	2.8e-147	proteome_v1_exact	full_length	round1	GMO.00001378.v1.g171120.t2	true	false	PF00232.25		pfam_only
GMO.00002288.v1.g439230.t1	Myrosinase	Sulfur release and comparative reference architectures	Myrosinase	519	495.3	4.2e-147	proteome_v1_exact	full_length	round1	GMO.00002288.v1.g439230.t1	true	false	PF00232.25		pfam_only
GMO.00001378.v1.g171180.t1	Myrosinase	Sulfur release and comparative reference architectures	Myrosinase	548	492.5	2.9e-146	proteome_v1_exact	full_length	round1	GMO.00001378.v1.g171180.t1	true	false	PF00232.25		pfam_only
GMO.00002288.v1.g439150.t1	Myrosinase	Sulfur release and comparative reference architectures	Myrosinase	548	492.3	3.5e-146	proteome_v1_exact	full_length	round1	GMO.00002288.v1.g439150.t1	true	false	PF00232.25		pfam_only
GMO.00000845.v1.g075370.t2	Myrosinase	Sulfur release and comparative reference architectures	Myrosinase	521	487.6	9.5e-145	proteome_v1_exact	full_length	round1	GMO.00000845.v1.g075370.t2	true	false	PF00232.25		pfam_only
GMO.00002319.v1.g458380.t3	Myrosinase	Sulfur release and comparative reference architectures	Myrosinase	521	487.6	9.5e-145	proteome_v1_exact	full_length	round1	GMO.00002319.v1.g458380.t3	true	false	PF00232.25		pfam_only
GMO.00001378.v1.g171130.t1	Myrosinase	Sulfur release and comparative reference architectures	Myrosinase	564	486.3	2.3e-144	proteome_v1_exact	full_length	round1	GMO.00001378.v1.g171130.t1	true	false	PF00232.25		pfam_only
GMO.00002288.v1.g439220.t1	Myrosinase	Sulfur release and comparative reference architectures	Myrosinase	564	484.5	8.2e-144	proteome_v1_exact	full_length	round1	GMO.00002288.v1.g439220.t1	true	false	PF00232.25		pfam_only
GMO.00000937.v1.g087670.t1	Myrosinase	Sulfur release and comparative reference architectures	Myrosinase	254	288.4	2.5e-84	proteome_v1_exact	full_length	round1	GMO.00000937.v1.g087670.t1	true	false	PF00232.25		pfam_only
GMO.00002275.v1.g403610.t1	Myrosinase	Sulfur release and comparative reference architectures	Myrosinase	237	217.8	6.4e-63	proteome_v1_exact	full_length	round1	GMO.00002275.v1.g403610.t1	true	false	PF00232.25		pfam_only
GMO.00000937.v1.g087690.t1	Myrosinase	Sulfur release and comparative reference architectures	Myrosinase	269	213.8	1e-61	proteome_v1_exact	full_length	round1	GMO.00000937.v1.g087690.t1	true	false	PF00232.25		pfam_only
GMO.00002284.v1.g432940.t2	Myrosinase	Sulfur release and comparative reference architectures	Myrosinase	269	213.8	1e-61	proteome_v1_exact	full_length	round1	GMO.00002284.v1.g432940.t2	true	false	PF00232.25		pfam_only
GMO.00002284.v1.g432920.t1	Myrosinase	Sulfur release and comparative reference architectures	Myrosinase	163	196.5	1.9e-56	proteome_v1_exact	full_length	round1	GMO.00002284.v1.g432920.t1	true	false	PF00232.25		pfam_only
GMO.00000172.v1.g002150.t1	Myrosinase	Sulfur release and comparative reference architectures	Myrosinase	664	182.2	3.9e-52	proteome_v1_exact	full_length	round1	GMO.00000172.v1.g002150.t1	true	false	PF00232.25		pfam_only
GMO.00000176.v1.g002350.t1	Myrosinase	Sulfur release and comparative reference architectures	Myrosinase	664	182.2	3.9e-52	proteome_v1_exact	full_length	round1	GMO.00000176.v1.g002350.t1	true	false	PF00232.25		pfam_only
GMO.00002176.v1.g336480.t1	Myrosinase	Sulfur release and comparative reference architectures	Myrosinase	664	182.2	3.9e-52	proteome_v1_exact	full_length	round1	GMO.00002176.v1.g336480.t1	true	false	PF00232.25		pfam_only
GMO.00002356.v1.g504650.t1	Myrosinase	Sulfur release and comparative reference architectures	Myrosinase	136	136.9	2.2e-38	proteome_v1_exact	full_length	round1	GMO.00002356.v1.g504650.t1	true	false	PF00232.25		pfam_only
GMO.00002284.v1.g432890.t1	Myrosinase	Sulfur release and comparative reference architectures	Myrosinase	104	65.2	1.2e-16	proteome_v1_exact	full_length	round1	GMO.00002284.v1.g432890.t1	true	false	PF00232.25		pfam_only
GMO.00000748.v1.g065690.t1	AOC	Oxylipin and volatile-product chemistry	AOC	250	321.6	3.5e-95	proteome_v1_exact	full_length	round2	GMO.00000748.v1.g065690.t1	true	true	PF06351.17	Q9LS01/AOC3_ARATH/SV1	pfam_and_reference
GMO.00002452.v1.g534540.t1	AOC	Oxylipin and volatile-product chemistry	AOC	250	321.6	3.5e-95	proteome_v1_exact	full_length	round2	GMO.00002452.v1.g534540.t1	true	true	PF06351.17	Q9LS01/AOC3_ARATH/SV1	pfam_and_reference
GMO.00000741.v1.g063280.t1	AOC	Oxylipin and volatile-product chemistry	AOC	258	317.0	8.7e-94	proteome_v1_exact	full_length	round2	GMO.00000741.v1.g063280.t1	true	true	PF06351.17	Q9LS01/AOC3_ARATH/SV1	pfam_and_reference
GMO.00002272.v1.g401360.t1	AOC	Oxylipin and volatile-product chemistry	AOC	258	317.0	8.7e-94	proteome_v1_exact	full_length	round2	GMO.00002272.v1.g401360.t1	true	true	PF06351.17	Q9LS01/AOC3_ARATH/SV1	pfam_and_reference
GMO.00000748.v1.g065700.t1	AOC	Oxylipin and volatile-product chemistry	AOC	184	310.8	7.2e-92	proteome_v1_exact	full_length	round2	GMO.00000748.v1.g065700.t1	true	true	PF06351.17	Q9LS01/AOC3_ARATH/SV1	pfam_and_reference
GMO.00002452.v1.g534530.t1	AOC	Oxylipin and volatile-product chemistry	AOC	184	310.8	7.2e-92	proteome_v1_exact	full_length	round2	GMO.00002452.v1.g534530.t1	true	true	PF06351.17	Q9LS01/AOC3_ARATH/SV1	pfam_and_reference
GMO.00002176.v1.g338720.t1	AOS_HPL	Oxylipin and volatile-product chemistry	AOS/HPL-motivated P450 search	526	794.3	1.5e-238	proteome_v1_exact	full_length	round2	GMO.00002176.v1.g338720.t1	true	true	PF00067.28	Q96242/CP74A_ARATH/SV3;Q9ZSY9/C74B2_ARATH/SV1	pfam_and_reference
GMO.00002211.v1.g343080.t1	AOS_HPL	Oxylipin and volatile-product chemistry	AOS/HPL-motivated P450 search	526	794.3	1.5e-238	proteome_v1_exact	full_length	round2	GMO.00002211.v1.g343080.t1	true	true	PF00067.28	Q96242/CP74A_ARATH/SV3;Q9ZSY9/C74B2_ARATH/SV1	pfam_and_reference
GMO.00002275.v1.g408390.t2	AOS_HPL	Oxylipin and volatile-product chemistry	AOS/HPL-motivated P450 search	480	672.4	9.7e-202	proteome_v1_exact	full_length	round2	GMO.00002275.v1.g408390.t2	true	true	PF00067.28	Q96242/CP74A_ARATH/SV3;Q9ZSY9/C74B2_ARATH/SV1	pfam_and_reference
GMO.00002368.v1.g515840.t1	AOS_HPL	Oxylipin and volatile-product chemistry	AOS/HPL-motivated P450 search	504	567.1	1e-169	proteome_v1_exact	full_length	round2	GMO.00002368.v1.g515840.t1	true	true	PF00067.28	Q96242/CP74A_ARATH/SV3;Q9ZSY9/C74B2_ARATH/SV1	pfam_and_reference
GMO.00001736.v1.g232740.t1	AOS_HPL	Oxylipin and volatile-product chemistry	AOS/HPL-motivated P450 search	504	565.9	2.5e-169	proteome_v1_exact	full_length	round2	GMO.00001736.v1.g232740.t1	true	true	PF00067.28	Q96242/CP74A_ARATH/SV3;Q9ZSY9/C74B2_ARATH/SV1	pfam_and_reference
GMO.00002176.v1.g313970.t1	AOS_HPL	Oxylipin and volatile-product chemistry	AOS/HPL-motivated P450 search	500	559.6	2e-167	proteome_v1_exact	full_length	round2	GMO.00002176.v1.g313970.t1	true	true	PF00067.28	Q96242/CP74A_ARATH/SV3;Q9ZSY9/C74B2_ARATH/SV1	pfam_and_reference
GMO.00002368.v1.g515760.t1	AOS_HPL	Oxylipin and volatile-product chemistry	AOS/HPL-motivated P450 search	483	551.9	4.2e-165	proteome_v1_exact	full_length	round2	GMO.00002368.v1.g515760.t1	true	true	PF00067.28	Q96242/CP74A_ARATH/SV3;Q9ZSY9/C74B2_ARATH/SV1	pfam_and_reference
GMO.00001736.v1.g232730.t1	AOS_HPL	Oxylipin and volatile-product chemistry	AOS/HPL-motivated P450 search	483	551.5	5.7e-165	proteome_v1_exact	full_length	round2	GMO.00001736.v1.g232730.t1	true	true	PF00067.28	Q96242/CP74A_ARATH/SV3;Q9ZSY9/C74B2_ARATH/SV1	pfam_and_reference
GMO.00001753.v1.g239020.t1	AOS_HPL	Oxylipin and volatile-product chemistry	AOS/HPL-motivated P450 search	484	551.5	5.8e-165	proteome_v1_exact	full_length	round2	GMO.00001753.v1.g239020.t1	true	true	PF00067.28	Q96242/CP74A_ARATH/SV3;Q9ZSY9/C74B2_ARATH/SV1	pfam_and_reference
GMO.00002631.v1.g642910.t1	AOS_HPL	Oxylipin and volatile-product chemistry	AOS/HPL-motivated P450 search	484	548.6	4.2e-164	proteome_v1_exact	full_length	round2	GMO.00002631.v1.g642910.t1	true	true	PF00067.28	Q96242/CP74A_ARATH/SV3;Q9ZSY9/C74B2_ARATH/SV1	pfam_and_reference
GMO.00000719.v1.g049070.t2	AOS_HPL	Oxylipin and volatile-product chemistry	AOS/HPL-motivated P450 search	353	439.0	5.2e-131	proteome_v1_exact	full_length	round2	GMO.00000719.v1.g049070.t2	true	true	PF00067.28	Q96242/CP74A_ARATH/SV3;Q9ZSY9/C74B2_ARATH/SV1	pfam_and_reference
GMO.00001180.v1.g117620.t1	AOS_HPL	Oxylipin and volatile-product chemistry	AOS/HPL-motivated P450 search	506	398.7	1e-117	proteome_v1_exact	full_length	round2	GMO.00001180.v1.g117620.t1	true	false	PF00067.28		pfam_only
GMO.00002354.v1.g500220.t1	AOS_HPL	Oxylipin and volatile-product chemistry	AOS/HPL-motivated P450 search	506	398.7	1e-117	proteome_v1_exact	full_length	round2	GMO.00002354.v1.g500220.t1	true	false	PF00067.28		pfam_only
GMO.00002521.v1.g598140.t1	AOS_HPL	Oxylipin and volatile-product chemistry	AOS/HPL-motivated P450 search	505	375.0	1.6e-110	proteome_v1_exact	full_length	round2	GMO.00002521.v1.g598140.t1	true	false	PF00067.28		pfam_only
GMO.00001309.v1.g145030.t1	AOS_HPL	Oxylipin and volatile-product chemistry	AOS/HPL-motivated P450 search	607	374.4	2.3e-110	proteome_v1_exact	full_length	round2	GMO.00001309.v1.g145030.t1	true	false	PF00067.28		pfam_only
GMO.00001599.v1.g206990.t1	AOS_HPL	Oxylipin and volatile-product chemistry	AOS/HPL-motivated P450 search	607	374.4	2.3e-110	proteome_v1_exact	full_length	round2	GMO.00001599.v1.g206990.t1	true	false	PF00067.28		pfam_only
GMO.00001059.v1.g101010.t1	AOS_HPL	Oxylipin and volatile-product chemistry	AOS/HPL-motivated P450 search	505	374.2	2.7e-110	proteome_v1_exact	full_length	round2	GMO.00001059.v1.g101010.t1	true	false	PF00067.28		pfam_only
GMO.00001016.v1.g092530.t1	AOS_HPL	Oxylipin and volatile-product chemistry	AOS/HPL-motivated P450 search	531	373.1	6e-110	proteome_v1_exact	full_length	round2	GMO.00001016.v1.g092530.t1	true	false	PF00067.28		pfam_only
GMO.00000687.v1.g046570.t1	AOS_HPL	Oxylipin and volatile-product chemistry	AOS/HPL-motivated P450 search	514	372.7	8.1e-110	proteome_v1_exact	full_length	round2	GMO.00000687.v1.g046570.t1	true	false	PF00067.28		pfam_only
GMO.00002294.v1.g447570.t1	AOS_HPL	Oxylipin and volatile-product chemistry	AOS/HPL-motivated P450 search	514	372.7	8.1e-110	proteome_v1_exact	full_length	round2	GMO.00002294.v1.g447570.t1	true	false	PF00067.28		pfam_only
GMO.00002516.v1.g581330.t1	AOS_HPL	Oxylipin and volatile-product chemistry	AOS/HPL-motivated P450 search	531	372.6	8.4e-110	proteome_v1_exact	full_length	round2	GMO.00002516.v1.g581330.t1	true	false	PF00067.28		pfam_only
GMO.00002317.v1.g455750.t1	AOS_HPL	Oxylipin and volatile-product chemistry	AOS/HPL-motivated P450 search	517	370.7	3.1e-109	proteome_v1_exact	full_length	round2	GMO.00002317.v1.g455750.t1	true	false	PF00067.28		pfam_only
GMO.00000552.v1.g021570.t1	AOS_HPL	Oxylipin and volatile-product chemistry	AOS/HPL-motivated P450 search	518	368.3	1.7e-108	proteome_v1_exact	full_length	round2	GMO.00000552.v1.g021570.t1	true	false	PF00067.28		pfam_only
GMO.00002176.v1.g310450.t1	AOS_HPL	Oxylipin and volatile-product chemistry	AOS/HPL-motivated P450 search	502	365.9	8.9e-108	proteome_v1_exact	full_length	round2	GMO.00002176.v1.g310450.t1	true	false	PF00067.28		pfam_only
GMO.00002176.v1.g310430.t1	AOS_HPL	Oxylipin and volatile-product chemistry	AOS/HPL-motivated P450 search	503	364.8	2e-107	proteome_v1_exact	full_length	round2	GMO.00002176.v1.g310430.t1	true	false	PF00067.28		pfam_only
GMO.00002284.v1.g433830.t1	AOS_HPL	Oxylipin and volatile-product chemistry	AOS/HPL-motivated P450 search	523	364.7	2.1e-107	proteome_v1_exact	full_length	round2	GMO.00002284.v1.g433830.t1	true	false	PF00067.28		pfam_only
GMO.00000571.v1.g024880.t1	AOS_HPL	Oxylipin and volatile-product chemistry	AOS/HPL-motivated P450 search	520	364.3	2.7e-107	proteome_v1_exact	full_length	round2	GMO.00000571.v1.g024880.t1	true	false	PF00067.28		pfam_only
GMO.00002325.v1.g479040.t1	AOS_HPL	Oxylipin and volatile-product chemistry	AOS/HPL-motivated P450 search	516	363.5	4.9e-107	proteome_v1_exact	full_length	round2	GMO.00002325.v1.g479040.t1	true	false	PF00067.28		pfam_only
GMO.00002288.v1.g440220.t1	AOS_HPL	Oxylipin and volatile-product chemistry	AOS/HPL-motivated P450 search	511	363.1	6.5e-107	proteome_v1_exact	full_length	round2	GMO.00002288.v1.g440220.t1	true	false	PF00067.28		pfam_only
GMO.00000937.v1.g088370.t1	AOS_HPL	Oxylipin and volatile-product chemistry	AOS/HPL-motivated P450 search	521	362.2	1.2e-106	proteome_v1_exact	full_length	round2	GMO.00000937.v1.g088370.t1	true	false	PF00067.28		pfam_only
GMO.00002284.v1.g433880.t1	AOS_HPL	Oxylipin and volatile-product chemistry	AOS/HPL-motivated P450 search	521	362.2	1.2e-106	proteome_v1_exact	full_length	round2	GMO.00002284.v1.g433880.t1	true	false	PF00067.28		pfam_only
GMO.00002802.v1.g687960.t1	AOS_HPL	Oxylipin and volatile-product chemistry	AOS/HPL-motivated P450 search	524	362.1	1.3e-106	proteome_v1_exact	full_length	round2	GMO.00002802.v1.g687960.t1	true	false	PF00067.28		pfam_only
GMO.00002654.v1.g656020.t1	AOS_HPL	Oxylipin and volatile-product chemistry	AOS/HPL-motivated P450 search	524	361.7	1.7e-106	proteome_v1_exact	full_length	round2	GMO.00002654.v1.g656020.t1	true	false	PF00067.28		pfam_only
GMO.00001329.v1.g149450.t1	AOS_HPL	Oxylipin and volatile-product chemistry	AOS/HPL-motivated P450 search	513	358.5	1.6e-105	proteome_v1_exact	full_length	round2	GMO.00001329.v1.g149450.t1	true	false	PF00067.28		pfam_only
GMO.00000571.v1.g024870.t1	AOS_HPL	Oxylipin and volatile-product chemistry	AOS/HPL-motivated P450 search	516	358.3	1.8e-105	proteome_v1_exact	full_length	round2	GMO.00000571.v1.g024870.t1	true	false	PF00067.28		pfam_only
GMO.00002523.v1.g599610.t1	AOS_HPL	Oxylipin and volatile-product chemistry	AOS/HPL-motivated P450 search	513	357.2	3.8e-105	proteome_v1_exact	full_length	round2	GMO.00002523.v1.g599610.t1	true	false	PF00067.28		pfam_only
GMO.00002317.v1.g455070.t1	AOS_HPL	Oxylipin and volatile-product chemistry	AOS/HPL-motivated P450 search	501	356.9	4.8e-105	proteome_v1_exact	full_length	round2	GMO.00002317.v1.g455070.t1	true	false	PF00067.28		pfam_only
GMO.00001309.v1.g144990.t1	AOS_HPL	Oxylipin and volatile-product chemistry	AOS/HPL-motivated P450 search	531	355.5	1.3e-104	proteome_v1_exact	full_length	round2	GMO.00001309.v1.g144990.t1	true	false	PF00067.28		pfam_only
GMO.00000693.v1.g047300.t1	AOS_HPL	Oxylipin and volatile-product chemistry	AOS/HPL-motivated P450 search	501	354.8	2.2e-104	proteome_v1_exact	full_length	round2	GMO.00000693.v1.g047300.t1	true	false	PF00067.28		pfam_only
GMO.00001599.v1.g207010.t1	AOS_HPL	Oxylipin and volatile-product chemistry	AOS/HPL-motivated P450 search	531	354.8	2e-104	proteome_v1_exact	full_length	round2	GMO.00001599.v1.g207010.t1	true	false	PF00067.28		pfam_only
GMO.00001329.v1.g149470.t1	AOS_HPL	Oxylipin and volatile-product chemistry	AOS/HPL-motivated P450 search	513	354.1	3.4e-104	proteome_v1_exact	full_length	round2	GMO.00001329.v1.g149470.t1	true	false	PF00067.28		pfam_only
GMO.00002284.v1.g433870.t1	AOS_HPL	Oxylipin and volatile-product chemistry	AOS/HPL-motivated P450 search	523	353.9	3.9e-104	proteome_v1_exact	full_length	round2	GMO.00002284.v1.g433870.t1	true	false	PF00067.28		pfam_only
GMO.00002427.v1.g527130.t1	AOS_HPL	Oxylipin and volatile-product chemistry	AOS/HPL-motivated P450 search	493	353.2	6.3e-104	proteome_v1_exact	full_length	round2	GMO.00002427.v1.g527130.t1	true	false	PF00067.28		pfam_only
GMO.00000937.v1.g088360.t1	AOS_HPL	Oxylipin and volatile-product chemistry	AOS/HPL-motivated P450 search	524	352.9	8.1e-104	proteome_v1_exact	full_length	round2	GMO.00000937.v1.g088360.t1	true	false	PF00067.28		pfam_only
GMO.00002523.v1.g599630.t1	AOS_HPL	Oxylipin and volatile-product chemistry	AOS/HPL-motivated P450 search	513	352.2	1.3e-103	proteome_v1_exact	full_length	round2	GMO.00002523.v1.g599630.t1	true	false	PF00067.28		pfam_only
GMO.00001179.v1.g117230.t1	AOS_HPL	Oxylipin and volatile-product chemistry	AOS/HPL-motivated P450 search	515	352.0	1.5e-103	proteome_v1_exact	full_length	round2	GMO.00001179.v1.g117230.t1	true	false	PF00067.28		pfam_only
GMO.00002354.v1.g499720.t1	AOS_HPL	Oxylipin and volatile-product chemistry	AOS/HPL-motivated P450 search	515	352.0	1.5e-103	proteome_v1_exact	full_length	round2	GMO.00002354.v1.g499720.t1	true	false	PF00067.28		pfam_only
GMO.00002288.v1.g440350.t1	AOS_HPL	Oxylipin and volatile-product chemistry	AOS/HPL-motivated P450 search	520	351.3	2.5e-103	proteome_v1_exact	full_length	round2	GMO.00002288.v1.g440350.t1	true	false	PF00067.28		pfam_only
GMO.00001798.v1.g245360.t1	AOS_HPL	Oxylipin and volatile-product chemistry	AOS/HPL-motivated P450 search	500	351.2	2.6e-103	proteome_v1_exact	full_length	round2	GMO.00001798.v1.g245360.t1	true	false	PF00067.28		pfam_only
GMO.00002453.v1.g536150.t1	AOS_HPL	Oxylipin and volatile-product chemistry	AOS/HPL-motivated P450 search	516	350.1	5.5e-103	proteome_v1_exact	full_length	round2	GMO.00002453.v1.g536150.t1	true	false	PF00067.28		pfam_only
GMO.00001376.v1.g170210.t1	AOS_HPL	Oxylipin and volatile-product chemistry	AOS/HPL-motivated P450 search	520	348.2	2.2e-102	proteome_v1_exact	full_length	round2	GMO.00001376.v1.g170210.t1	true	false	PF00067.28		pfam_only
GMO.00001059.v1.g100980.t1	AOS_HPL	Oxylipin and volatile-product chemistry	AOS/HPL-motivated P450 search	520	347.9	2.6e-102	proteome_v1_exact	full_length	round2	GMO.00001059.v1.g100980.t1	true	false	PF00067.28		pfam_only
GMO.00001376.v1.g170190.t1	AOS_HPL	Oxylipin and volatile-product chemistry	AOS/HPL-motivated P450 search	527	347.6	3.3e-102	proteome_v1_exact	full_length	round2	GMO.00001376.v1.g170190.t1	true	false	PF00067.28		pfam_only
GMO.00001599.v1.g205770.t1	AOS_HPL	Oxylipin and volatile-product chemistry	AOS/HPL-motivated P450 search	500	346.9	5.3e-102	proteome_v1_exact	full_length	round2	GMO.00001599.v1.g205770.t1	true	false	PF00067.28		pfam_only
GMO.00002288.v1.g440310.t1	AOS_HPL	Oxylipin and volatile-product chemistry	AOS/HPL-motivated P450 search	527	346.9	5.2e-102	proteome_v1_exact	full_length	round2	GMO.00002288.v1.g440310.t1	true	false	PF00067.28		pfam_only
GMO.00002453.v1.g536160.t1	AOS_HPL	Oxylipin and volatile-product chemistry	AOS/HPL-motivated P450 search	501	346.9	5.2e-102	proteome_v1_exact	full_length	round2	GMO.00002453.v1.g536160.t1	true	false	PF00067.28		pfam_only
GMO.00000895.v1.g085780.t1	AOS_HPL	Oxylipin and volatile-product chemistry	AOS/HPL-motivated P450 search	501	346.4	7.5e-102	proteome_v1_exact	full_length	round2	GMO.00000895.v1.g085780.t1	true	false	PF00067.28		pfam_only
GMO.00002325.v1.g478160.t1	AOS_HPL	Oxylipin and volatile-product chemistry	AOS/HPL-motivated P450 search	514	344.6	2.6e-101	proteome_v1_exact	full_length	round2	GMO.00002325.v1.g478160.t1	true	false	PF00067.28		pfam_only
GMO.00002498.v1.g566900.t1	AOS_HPL	Oxylipin and volatile-product chemistry	AOS/HPL-motivated P450 search	529	343.2	7e-101	proteome_v1_exact	full_length	round2	GMO.00002498.v1.g566900.t1	true	false	PF00067.28		pfam_only
GMO.00002176.v1.g325930.t1	AOS_HPL	Oxylipin and volatile-product chemistry	AOS/HPL-motivated P450 search	504	342.6	1.1e-100	proteome_v1_exact	full_length	round2	GMO.00002176.v1.g325930.t1	true	false	PF00067.28		pfam_only
GMO.00001599.v1.g207020.t1	AOS_HPL	Oxylipin and volatile-product chemistry	AOS/HPL-motivated P450 search	515	342.1	1.5e-100	proteome_v1_exact	full_length	round2	GMO.00001599.v1.g207020.t1	true	false	PF00067.28		pfam_only
GMO.00002325.v1.g479740.t1	AOS_HPL	Oxylipin and volatile-product chemistry	AOS/HPL-motivated P450 search	530	342.1	1.5e-100	proteome_v1_exact	full_length	round2	GMO.00002325.v1.g479740.t1	true	false	PF00067.28		pfam_only
GMO.00002288.v1.g440230.t2	AOS_HPL	Oxylipin and volatile-product chemistry	AOS/HPL-motivated P450 search	521	342.0	1.6e-100	proteome_v1_exact	full_length	round2	GMO.00002288.v1.g440230.t2	true	false	PF00067.28		pfam_only
GMO.00002176.v1.g328170.t1	AOS_HPL	Oxylipin and volatile-product chemistry	AOS/HPL-motivated P450 search	525	341.6	2.1e-100	proteome_v1_exact	full_length	round2	GMO.00002176.v1.g328170.t1	true	false	PF00067.28		pfam_only
GMO.00001376.v1.g170100.t2	AOS_HPL	Oxylipin and volatile-product chemistry	AOS/HPL-motivated P450 search	521	341.5	2.3e-100	proteome_v1_exact	full_length	round2	GMO.00001376.v1.g170100.t2	true	false	PF00067.28		pfam_only
GMO.00000571.v1.g025730.t1	AOS_HPL	Oxylipin and volatile-product chemistry	AOS/HPL-motivated P450 search	530	341.3	2.6e-100	proteome_v1_exact	full_length	round2	GMO.00000571.v1.g025730.t1	true	false	PF00067.28		pfam_only
GMO.00002453.v1.g536140.t1	AOS_HPL	Oxylipin and volatile-product chemistry	AOS/HPL-motivated P450 search	501	341.3	2.6e-100	proteome_v1_exact	full_length	round2	GMO.00002453.v1.g536140.t1	true	false	PF00067.28		pfam_only
GMO.00000895.v1.g085800.t1	AOS_HPL	Oxylipin and volatile-product chemistry	AOS/HPL-motivated P450 search	500	340.7	4.1e-100	proteome_v1_exact	full_length	round2	GMO.00000895.v1.g085800.t1	true	false	PF00067.28		pfam_only
GMO.00001358.v1.g166420.t1	AOS_HPL	Oxylipin and volatile-product chemistry	AOS/HPL-motivated P450 search	515	340.3	5.4e-100	proteome_v1_exact	full_length	round2	GMO.00001358.v1.g166420.t1	true	false	PF00067.28		pfam_only
GMO.00002495.v1.g561710.t1	AOS_HPL	Oxylipin and volatile-product chemistry	AOS/HPL-motivated P450 search	515	340.3	5.4e-100	proteome_v1_exact	full_length	round2	GMO.00002495.v1.g561710.t1	true	false	PF00067.28		pfam_only
GMO.00002497.v1.g563230.t1	AOS_HPL	Oxylipin and volatile-product chemistry	AOS/HPL-motivated P450 search	529	340.1	6e-100	proteome_v1_exact	full_length	round2	GMO.00002497.v1.g563230.t1	true	false	PF00067.28		pfam_only
GMO.00002523.v1.g599950.t1	AOS_HPL	Oxylipin and volatile-product chemistry	AOS/HPL-motivated P450 search	527	340.1	5.9e-100	proteome_v1_exact	full_length	round2	GMO.00002523.v1.g599950.t1	true	false	PF00067.28		pfam_only
GMO.00001309.v1.g145060.t1	AOS_HPL	Oxylipin and volatile-product chemistry	AOS/HPL-motivated P450 search	545	339.5	9.5e-100	proteome_v1_exact	full_length	round2	GMO.00001309.v1.g145060.t1	true	false	PF00067.28		pfam_only
GMO.00001599.v1.g206960.t1	AOS_HPL	Oxylipin and volatile-product chemistry	AOS/HPL-motivated P450 search	545	339.5	9.5e-100	proteome_v1_exact	full_length	round2	GMO.00001599.v1.g206960.t1	true	false	PF00067.28		pfam_only
GMO.00001329.v1.g149830.t1	AOS_HPL	Oxylipin and volatile-product chemistry	AOS/HPL-motivated P450 search	526	338.7	1.6e-99	proteome_v1_exact	full_length	round2	GMO.00001329.v1.g149830.t1	true	false	PF00067.28		pfam_only
GMO.00001309.v1.g145110.t1	AOS_HPL	Oxylipin and volatile-product chemistry	AOS/HPL-motivated P450 search	524	337.4	4.1e-99	proteome_v1_exact	full_length	round2	GMO.00001309.v1.g145110.t1	true	false	PF00067.28		pfam_only
GMO.00001599.v1.g206900.t1	AOS_HPL	Oxylipin and volatile-product chemistry	AOS/HPL-motivated P450 search	524	337.4	4.1e-99	proteome_v1_exact	full_length	round2	GMO.00001599.v1.g206900.t1	true	false	PF00067.28		pfam_only
GMO.00001309.v1.g145020.t1	AOS_HPL	Oxylipin and volatile-product chemistry	AOS/HPL-motivated P450 search	519	337.2	4.5e-99	proteome_v1_exact	full_length	round2	GMO.00001309.v1.g145020.t1	true	false	PF00067.28		pfam_only
GMO.00001330.v1.g151740.t1	AOS_HPL	Oxylipin and volatile-product chemistry	AOS/HPL-motivated P450 search	513	336.4	8e-99	proteome_v1_exact	full_length	round2	GMO.00001330.v1.g151740.t1	true	false	PF00067.28		pfam_only
GMO.00002453.v1.g536130.t1	AOS_HPL	Oxylipin and volatile-product chemistry	AOS/HPL-motivated P450 search	505	336.3	8.6e-99	proteome_v1_exact	full_length	round2	GMO.00002453.v1.g536130.t1	true	false	PF00067.28		pfam_only
GMO.00000571.v1.g024850.t1	AOS_HPL	Oxylipin and volatile-product chemistry	AOS/HPL-motivated P450 search	532	336.1	9.7e-99	proteome_v1_exact	full_length	round2	GMO.00000571.v1.g024850.t1	true	false	PF00067.28		pfam_only
GMO.00002253.v1.g388170.t2	AOS_HPL	Oxylipin and volatile-product chemistry	AOS/HPL-motivated P450 search	513	335.3	1.7e-98	proteome_v1_exact	full_length	round2	GMO.00002253.v1.g388170.t2	true	false	PF00067.28		pfam_only
GMO.00001227.v1.g123240.t1	AOS_HPL	Oxylipin and volatile-product chemistry	AOS/HPL-motivated P450 search	511	334.6	2.8e-98	proteome_v1_exact	full_length	round2	GMO.00001227.v1.g123240.t1	true	false	PF00067.28		pfam_only
GMO.00002631.v1.g642250.t1	AOS_HPL	Oxylipin and volatile-product chemistry	AOS/HPL-motivated P450 search	503	334.4	3.2e-98	proteome_v1_exact	full_length	round2	GMO.00002631.v1.g642250.t1	true	false	PF00067.28		pfam_only
GMO.00002283.v1.g428060.t1	AOS_HPL	Oxylipin and volatile-product chemistry	AOS/HPL-motivated P450 search	511	333.9	4.7e-98	proteome_v1_exact	full_length	round2	GMO.00002283.v1.g428060.t1	true	false	PF00067.28		pfam_only
GMO.00002325.v1.g480560.t1	AOS_HPL	Oxylipin and volatile-product chemistry	AOS/HPL-motivated P450 search	508	333.7	5.3e-98	proteome_v1_exact	full_length	round2	GMO.00002325.v1.g480560.t1	true	false	PF00067.28		pfam_only
GMO.00000895.v1.g085810.t1	AOS_HPL	Oxylipin and volatile-product chemistry	AOS/HPL-motivated P450 search	505	333.5	6e-98	proteome_v1_exact	full_length	round2	GMO.00000895.v1.g085810.t1	true	false	PF00067.28		pfam_only
GMO.00001376.v1.g169980.t1	AOS_HPL	Oxylipin and volatile-product chemistry	AOS/HPL-motivated P450 search	545	333.3	7.2e-98	proteome_v1_exact	full_length	round2	GMO.00001376.v1.g169980.t1	true	false	PF00067.28		pfam_only
GMO.00001343.v1.g157540.t1	AOS_HPL	Oxylipin and volatile-product chemistry	AOS/HPL-motivated P450 search	510	333.1	8.2e-98	proteome_v1_exact	full_length	round2	GMO.00001343.v1.g157540.t1	true	false	PF00067.28		pfam_only
GMO.00002288.v1.g440250.t1	AOS_HPL	Oxylipin and volatile-product chemistry	AOS/HPL-motivated P450 search	528	332.9	9e-98	proteome_v1_exact	full_length	round2	GMO.00002288.v1.g440250.t1	true	false	PF00067.28		pfam_only
GMO.00001376.v1.g169970.t1	AOS_HPL	Oxylipin and volatile-product chemistry	AOS/HPL-motivated P450 search	545	332.5	1.2e-97	proteome_v1_exact	full_length	round2	GMO.00001376.v1.g169970.t1	true	false	PF00067.28		pfam_only
GMO.00001376.v1.g170120.t1	AOS_HPL	Oxylipin and volatile-product chemistry	AOS/HPL-motivated P450 search	528	332.5	1.2e-97	proteome_v1_exact	full_length	round2	GMO.00001376.v1.g170120.t1	true	false	PF00067.28		pfam_only
GMO.00001558.v1.g195700.t1	AOS_HPL	Oxylipin and volatile-product chemistry	AOS/HPL-motivated P450 search	512	332.4	1.3e-97	proteome_v1_exact	full_length	round2	GMO.00001558.v1.g195700.t1	true	false	PF00067.28		pfam_only
GMO.00002326.v1.g482730.t1	AOS_HPL	Oxylipin and volatile-product chemistry	AOS/HPL-motivated P450 search	512	332.4	1.3e-97	proteome_v1_exact	full_length	round2	GMO.00002326.v1.g482730.t1	true	false	PF00067.28		pfam_only
GMO.00001385.v1.g177690.t1	AOS_HPL	Oxylipin and volatile-product chemistry	AOS/HPL-motivated P450 search	510	332.1	1.6e-97	proteome_v1_exact	full_length	round2	GMO.00001385.v1.g177690.t1	true	false	PF00067.28		pfam_only
GMO.00000555.v1.g022830.t1	AOS_HPL	Oxylipin and volatile-product chemistry	AOS/HPL-motivated P450 search	513	331.7	2.2e-97	proteome_v1_exact	full_length	round2	GMO.00000555.v1.g022830.t1	true	false	PF00067.28		pfam_only
GMO.00000895.v1.g086230.t1	AOS_HPL	Oxylipin and volatile-product chemistry	AOS/HPL-motivated P450 search	521	331.4	2.6e-97	proteome_v1_exact	full_length	round2	GMO.00000895.v1.g086230.t1	true	false	PF00067.28		pfam_only
GMO.00002288.v1.g440120.t1	AOS_HPL	Oxylipin and volatile-product chemistry	AOS/HPL-motivated P450 search	545	331.4	2.7e-97	proteome_v1_exact	full_length	round2	GMO.00002288.v1.g440120.t1	true	false	PF00067.28		pfam_only
GMO.00000567.v1.g024750.t1	AOS_HPL	Oxylipin and volatile-product chemistry	AOS/HPL-motivated P450 search	532	331.1	3.3e-97	proteome_v1_exact	full_length	round2	GMO.00000567.v1.g024750.t1	true	false	PF00067.28		pfam_only
GMO.00002325.v1.g479000.t1	AOS_HPL	Oxylipin and volatile-product chemistry	AOS/HPL-motivated P450 search	532	331.1	3.3e-97	proteome_v1_exact	full_length	round2	GMO.00002325.v1.g479000.t1	true	false	PF00067.28		pfam_only
GMO.00002283.v1.g428050.t1	AOS_HPL	Oxylipin and volatile-product chemistry	AOS/HPL-motivated P450 search	511	330.7	4.4e-97	proteome_v1_exact	full_length	round2	GMO.00002283.v1.g428050.t1	true	false	PF00067.28		pfam_only
GMO.00000895.v1.g085770.t1	AOS_HPL	Oxylipin and volatile-product chemistry	AOS/HPL-motivated P450 search	511	330.4	5.2e-97	proteome_v1_exact	full_length	round2	GMO.00000895.v1.g085770.t1	true	false	PF00067.28		pfam_only
GMO.00000895.v1.g085760.t1	AOS_HPL	Oxylipin and volatile-product chemistry	AOS/HPL-motivated P450 search	506	330.3	5.7e-97	proteome_v1_exact	full_length	round2	GMO.00000895.v1.g085760.t1	true	false	PF00067.28		pfam_only
GMO.00001376.v1.g170010.t1	AOS_HPL	Oxylipin and volatile-product chemistry	AOS/HPL-motivated P450 search	545	330.1	6.4e-97	proteome_v1_exact	full_length	round2	GMO.00001376.v1.g170010.t1	true	false	PF00067.28		pfam_only
GMO.00000895.v1.g085730.t1	AOS_HPL	Oxylipin and volatile-product chemistry	AOS/HPL-motivated P450 search	506	330.0	7.1e-97	proteome_v1_exact	full_length	round2	GMO.00000895.v1.g085730.t1	true	false	PF00067.28		pfam_only
GMO.00002453.v1.g536180.t1	AOS_HPL	Oxylipin and volatile-product chemistry	AOS/HPL-motivated P450 search	506	329.1	1.3e-96	proteome_v1_exact	full_length	round2	GMO.00002453.v1.g536180.t1	true	false	PF00067.28		pfam_only
GMO.00001227.v1.g123760.t1	AOS_HPL	Oxylipin and volatile-product chemistry	AOS/HPL-motivated P450 search	511	328.6	1.9e-96	proteome_v1_exact	full_length	round2	GMO.00001227.v1.g123760.t1	true	false	PF00067.28		pfam_only
GMO.00000555.v1.g022790.t1	AOS_HPL	Oxylipin and volatile-product chemistry	AOS/HPL-motivated P450 search	513	328.3	2.3e-96	proteome_v1_exact	full_length	round2	GMO.00000555.v1.g022790.t1	true	false	PF00067.28		pfam_only
GMO.00002325.v1.g480490.t1	AOS_HPL	Oxylipin and volatile-product chemistry	AOS/HPL-motivated P450 search	513	328.2	2.4e-96	proteome_v1_exact	full_length	round2	GMO.00002325.v1.g480490.t1	true	false	PF00067.28		pfam_only
GMO.00002325.v1.g480530.t1	AOS_HPL	Oxylipin and volatile-product chemistry	AOS/HPL-motivated P450 search	513	328.2	2.4e-96	proteome_v1_exact	full_length	round2	GMO.00002325.v1.g480530.t1	true	false	PF00067.28		pfam_only
GMO.00000555.v1.g022740.t1	AOS_HPL	Oxylipin and volatile-product chemistry	AOS/HPL-motivated P450 search	503	327.8	3.3e-96	proteome_v1_exact	full_length	round2	GMO.00000555.v1.g022740.t1	true	false	PF00067.28		pfam_only
GMO.00002325.v1.g480550.t1	AOS_HPL	Oxylipin and volatile-product chemistry	AOS/HPL-motivated P450 search	513	327.7	3.6e-96	proteome_v1_exact	full_length	round2	GMO.00002325.v1.g480550.t1	true	false	PF00067.28		pfam_only
GMO.00000555.v1.g022770.t1	AOS_HPL	Oxylipin and volatile-product chemistry	AOS/HPL-motivated P450 search	503	327.4	4.2e-96	proteome_v1_exact	full_length	round2	GMO.00000555.v1.g022770.t1	true	false	PF00067.28		pfam_only
GMO.00002453.v1.g536190.t1	AOS_HPL	Oxylipin and volatile-product chemistry	AOS/HPL-motivated P450 search	512	326.5	8.2e-96	proteome_v1_exact	full_length	round2	GMO.00002453.v1.g536190.t1	true	false	PF00067.28		pfam_only
GMO.00000895.v1.g085750.t1	AOS_HPL	Oxylipin and volatile-product chemistry	AOS/HPL-motivated P450 search	512	326.0	1.2e-95	proteome_v1_exact	full_length	round2	GMO.00000895.v1.g085750.t1	true	false	PF00067.28		pfam_only
GMO.00002253.v1.g371350.t1	AOS_HPL	Oxylipin and volatile-product chemistry	AOS/HPL-motivated P450 search	536	325.6	1.5e-95	proteome_v1_exact	full_length	round2	GMO.00002253.v1.g371350.t1	true	false	PF00067.28		pfam_only
GMO.00002453.v1.g536210.t1	AOS_HPL	Oxylipin and volatile-product chemistry	AOS/HPL-motivated P450 search	506	325.4	1.7e-95	proteome_v1_exact	full_length	round2	GMO.00002453.v1.g536210.t1	true	false	PF00067.28		pfam_only
GMO.00000555.v1.g022800.t1	AOS_HPL	Oxylipin and volatile-product chemistry	AOS/HPL-motivated P450 search	513	325.3	1.9e-95	proteome_v1_exact	full_length	round2	GMO.00000555.v1.g022800.t1	true	false	PF00067.28		pfam_only
GMO.00002453.v1.g536170.t1	AOS_HPL	Oxylipin and volatile-product chemistry	AOS/HPL-motivated P450 search	511	324.4	3.5e-95	proteome_v1_exact	full_length	round2	GMO.00002453.v1.g536170.t1	true	false	PF00067.28		pfam_only
GMO.00000827.v1.g069840.t1	AOS_HPL	Oxylipin and volatile-product chemistry	AOS/HPL-motivated P450 search	509	323.8	5.4e-95	proteome_v1_exact	full_length	round2	GMO.00000827.v1.g069840.t1	true	false	PF00067.28		pfam_only
GMO.00002319.v1.g469790.t1	AOS_HPL	Oxylipin and volatile-product chemistry	AOS/HPL-motivated P450 search	509	323.8	5.4e-95	proteome_v1_exact	full_length	round2	GMO.00002319.v1.g469790.t1	true	false	PF00067.28		pfam_only
GMO.00002453.v1.g536220.t1	AOS_HPL	Oxylipin and volatile-product chemistry	AOS/HPL-motivated P450 search	512	323.1	8.6e-95	proteome_v1_exact	full_length	round2	GMO.00002453.v1.g536220.t1	true	false	PF00067.28		pfam_only
GMO.00000895.v1.g085720.t1	AOS_HPL	Oxylipin and volatile-product chemistry	AOS/HPL-motivated P450 search	512	322.6	1.2e-94	proteome_v1_exact	full_length	round2	GMO.00000895.v1.g085720.t1	true	false	PF00067.28		pfam_only
GMO.00002453.v1.g535730.t1	AOS_HPL	Oxylipin and volatile-product chemistry	AOS/HPL-motivated P450 search	527	322.5	1.4e-94	proteome_v1_exact	full_length	round2	GMO.00002453.v1.g535730.t1	true	false	PF00067.28		pfam_only
GMO.00000895.v1.g086220.t1	AOS_HPL	Oxylipin and volatile-product chemistry	AOS/HPL-motivated P450 search	527	321.8	2.2e-94	proteome_v1_exact	full_length	round2	GMO.00000895.v1.g086220.t1	true	false	PF00067.28		pfam_only
GMO.00002288.v1.g440320.t1	AOS_HPL	Oxylipin and volatile-product chemistry	AOS/HPL-motivated P450 search	522	321.0	3.7e-94	proteome_v1_exact	full_length	round2	GMO.00002288.v1.g440320.t1	true	false	PF00067.28		pfam_only
GMO.00001376.v1.g170200.t1	AOS_HPL	Oxylipin and volatile-product chemistry	AOS/HPL-motivated P450 search	523	319.8	8.7e-94	proteome_v1_exact	full_length	round2	GMO.00001376.v1.g170200.t1	true	false	PF00067.28		pfam_only
GMO.00002315.v1.g452130.t1	AOS_HPL	Oxylipin and volatile-product chemistry	AOS/HPL-motivated P450 search	521	315.0	2.4e-92	proteome_v1_exact	full_length	round2	GMO.00002315.v1.g452130.t1	true	false	PF00067.28		pfam_only
GMO.00002697.v1.g661790.t1	AOS_HPL	Oxylipin and volatile-product chemistry	AOS/HPL-motivated P450 search	521	315.0	2.4e-92	proteome_v1_exact	full_length	round2	GMO.00002697.v1.g661790.t1	true	false	PF00067.28		pfam_only
GMO.00001525.v1.g191900.t1	AOS_HPL	Oxylipin and volatile-product chemistry	AOS/HPL-motivated P450 search	546	314.9	2.7e-92	proteome_v1_exact	full_length	round2	GMO.00001525.v1.g191900.t1	true	false	PF00067.28		pfam_only
GMO.00001315.v1.g149120.t1	AOS_HPL	Oxylipin and volatile-product chemistry	AOS/HPL-motivated P450 search	510	314.1	4.8e-92	proteome_v1_exact	full_length	round2	GMO.00001315.v1.g149120.t1	true	false	PF00067.28		pfam_only
GMO.00002325.v1.g480450.t1	AOS_HPL	Oxylipin and volatile-product chemistry	AOS/HPL-motivated P450 search	510	314.1	4.8e-92	proteome_v1_exact	full_length	round2	GMO.00002325.v1.g480450.t1	true	false	PF00067.28		pfam_only
GMO.00000895.v1.g085710.t1	AOS_HPL	Oxylipin and volatile-product chemistry	AOS/HPL-motivated P450 search	523	313.2	8.7e-92	proteome_v1_exact	full_length	round2	GMO.00000895.v1.g085710.t1	true	false	PF00067.28		pfam_only
GMO.00000555.v1.g022820.t1	AOS_HPL	Oxylipin and volatile-product chemistry	AOS/HPL-motivated P450 search	511	312.9	1.1e-91	proteome_v1_exact	full_length	round2	GMO.00000555.v1.g022820.t1	true	false	PF00067.28		pfam_only
GMO.00002325.v1.g480500.t1	AOS_HPL	Oxylipin and volatile-product chemistry	AOS/HPL-motivated P450 search	511	312.7	1.2e-91	proteome_v1_exact	full_length	round2	GMO.00002325.v1.g480500.t1	true	false	PF00067.28		pfam_only
GMO.00002356.v1.g502710.t1	AOS_HPL	Oxylipin and volatile-product chemistry	AOS/HPL-motivated P450 search	542	312.7	1.2e-91	proteome_v1_exact	full_length	round2	GMO.00002356.v1.g502710.t1	true	false	PF00067.28		pfam_only
GMO.00002325.v1.g480570.t1	AOS_HPL	Oxylipin and volatile-product chemistry	AOS/HPL-motivated P450 search	511	311.9	2.2e-91	proteome_v1_exact	full_length	round2	GMO.00002325.v1.g480570.t1	true	false	PF00067.28		pfam_only
GMO.00002518.v1.g587870.t1	AOS_HPL	Oxylipin and volatile-product chemistry	AOS/HPL-motivated P450 search	516	311.7	2.6e-91	proteome_v1_exact	full_length	round2	GMO.00002518.v1.g587870.t1	true	false	PF00067.28		pfam_only
GMO.00002728.v1.g672360.t1	AOS_HPL	Oxylipin and volatile-product chemistry	AOS/HPL-motivated P450 search	534	311.1	3.8e-91	proteome_v1_exact	full_length	round2	GMO.00002728.v1.g672360.t1	true	false	PF00067.28		pfam_only
GMO.00001595.v1.g201920.t1	AOS_HPL	Oxylipin and volatile-product chemistry	AOS/HPL-motivated P450 search	534	310.3	6.7e-91	proteome_v1_exact	full_length	round2	GMO.00001595.v1.g201920.t1	true	false	PF00067.28		pfam_only
GMO.00002453.v1.g536240.t1	AOS_HPL	Oxylipin and volatile-product chemistry	AOS/HPL-motivated P450 search	523	308.5	2.3e-90	proteome_v1_exact	full_length	round2	GMO.00002453.v1.g536240.t1	true	false	PF00067.28		pfam_only
GMO.00002768.v1.g679550.t1	AOS_HPL	Oxylipin and volatile-product chemistry	AOS/HPL-motivated P450 search	503	308.5	2.4e-90	proteome_v1_exact	full_length	round2	GMO.00002768.v1.g679550.t1	true	false	PF00067.28		pfam_only
GMO.00001773.v1.g241060.t1	AOS_HPL	Oxylipin and volatile-product chemistry	AOS/HPL-motivated P450 search	526	306.6	8.5e-90	proteome_v1_exact	full_length	round2	GMO.00001773.v1.g241060.t1	true	false	PF00067.28		pfam_only
GMO.00000555.v1.g022860.t1	AOS_HPL	Oxylipin and volatile-product chemistry	AOS/HPL-motivated P450 search	510	305.0	2.6e-89	proteome_v1_exact	full_length	round2	GMO.00000555.v1.g022860.t1	true	false	PF00067.28		pfam_only
GMO.00002325.v1.g480460.t1	AOS_HPL	Oxylipin and volatile-product chemistry	AOS/HPL-motivated P450 search	510	305.0	2.6e-89	proteome_v1_exact	full_length	round2	GMO.00002325.v1.g480460.t1	true	false	PF00067.28		pfam_only
GMO.00002253.v1.g388160.t1	AOS_HPL	Oxylipin and volatile-product chemistry	AOS/HPL-motivated P450 search	506	304.2	4.6e-89	proteome_v1_exact	full_length	round2	GMO.00002253.v1.g388160.t1	true	false	PF00067.28		pfam_only
GMO.00002518.v1.g587860.t1	AOS_HPL	Oxylipin and volatile-product chemistry	AOS/HPL-motivated P450 search	533	303.9	5.8e-89	proteome_v1_exact	full_length	round2	GMO.00002518.v1.g587860.t1	true	false	PF00067.28		pfam_only
GMO.00001014.v1.g091340.t1	AOS_HPL	Oxylipin and volatile-product chemistry	AOS/HPL-motivated P450 search	535	303.7	6.8e-89	proteome_v1_exact	full_length	round2	GMO.00001014.v1.g091340.t1	true	false	PF00067.28		pfam_only
GMO.00001014.v1.g091350.t2	AOS_HPL	Oxylipin and volatile-product chemistry	AOS/HPL-motivated P450 search	451	303.3	8.8e-89	proteome_v1_exact	full_length	round2	GMO.00001014.v1.g091350.t2	true	false	PF00067.28		pfam_only
GMO.00001343.v1.g161760.t1	AOS_HPL	Oxylipin and volatile-product chemistry	AOS/HPL-motivated P450 search	509	297.2	6.1e-87	proteome_v1_exact	full_length	round2	GMO.00001343.v1.g161760.t1	true	false	PF00067.28		pfam_only
GMO.00002645.v1.g652180.t1	AOS_HPL	Oxylipin and volatile-product chemistry	AOS/HPL-motivated P450 search	609	296.6	9.7e-87	proteome_v1_exact	full_length	round2	GMO.00002645.v1.g652180.t1	true	false	PF00067.28		pfam_only
GMO.00001111.v1.g110750.t2	AOS_HPL	Oxylipin and volatile-product chemistry	AOS/HPL-motivated P450 search	507	296.1	1.3e-86	proteome_v1_exact	full_length	round2	GMO.00001111.v1.g110750.t2	true	false	PF00067.28		pfam_only
GMO.00002601.v1.g630240.t1	AOS_HPL	Oxylipin and volatile-product chemistry	AOS/HPL-motivated P450 search	609	295.9	1.6e-86	proteome_v1_exact	full_length	round2	GMO.00002601.v1.g630240.t1	true	false	PF00067.28		pfam_only
GMO.00001385.v1.g173490.t2	AOS_HPL	Oxylipin and volatile-product chemistry	AOS/HPL-motivated P450 search	509	294.1	5.6e-86	proteome_v1_exact	full_length	round2	GMO.00001385.v1.g173490.t2	true	false	PF00067.28		pfam_only
GMO.00000684.v1.g046560.t1	AOS_HPL	Oxylipin and volatile-product chemistry	AOS/HPL-motivated P450 search	361	292.6	1.5e-85	proteome_v1_exact	full_length	round2	GMO.00000684.v1.g046560.t1	true	false	PF00067.28		pfam_only
GMO.00002294.v1.g447480.t1	AOS_HPL	Oxylipin and volatile-product chemistry	AOS/HPL-motivated P450 search	361	292.6	1.5e-85	proteome_v1_exact	full_length	round2	GMO.00002294.v1.g447480.t1	true	false	PF00067.28		pfam_only
GMO.00002452.v1.g534740.t1	AOS_HPL	Oxylipin and volatile-product chemistry	AOS/HPL-motivated P450 search	514	292.4	1.8e-85	proteome_v1_exact	full_length	round2	GMO.00002452.v1.g534740.t1	true	false	PF00067.28		pfam_only
GMO.00000748.v1.g065510.t1	AOS_HPL	Oxylipin and volatile-product chemistry	AOS/HPL-motivated P450 search	514	290.0	9.4e-85	proteome_v1_exact	full_length	round2	GMO.00000748.v1.g065510.t1	true	false	PF00067.28		pfam_only
GMO.00002283.v1.g429740.t1	AOS_HPL	Oxylipin and volatile-product chemistry	AOS/HPL-motivated P450 search	541	289.8	1.1e-84	proteome_v1_exact	full_length	round2	GMO.00002283.v1.g429740.t1	true	false	PF00067.28		pfam_only
GMO.00002589.v1.g625320.t1	AOS_HPL	Oxylipin and volatile-product chemistry	AOS/HPL-motivated P450 search	541	289.8	1.1e-84	proteome_v1_exact	full_length	round2	GMO.00002589.v1.g625320.t1	true	false	PF00067.28		pfam_only
GMO.00000684.v1.g046500.t1	AOS_HPL	Oxylipin and volatile-product chemistry	AOS/HPL-motivated P450 search	361	288.6	2.5e-84	proteome_v1_exact	full_length	round2	GMO.00000684.v1.g046500.t1	true	false	PF00067.28		pfam_only
GMO.00002294.v1.g447430.t1	AOS_HPL	Oxylipin and volatile-product chemistry	AOS/HPL-motivated P450 search	361	288.6	2.5e-84	proteome_v1_exact	full_length	round2	GMO.00002294.v1.g447430.t1	true	false	PF00067.28		pfam_only
GMO.00002216.v1.g353960.t1	AOS_HPL	Oxylipin and volatile-product chemistry	AOS/HPL-motivated P450 search	511	287.1	7.1e-84	proteome_v1_exact	full_length	round2	GMO.00002216.v1.g353960.t1	true	false	PF00067.28		pfam_only
GMO.00002364.v1.g514290.t3	AOS_HPL	Oxylipin and volatile-product chemistry	AOS/HPL-motivated P450 search	519	286.1	1.4e-83	proteome_v1_exact	full_length	round2	GMO.00002364.v1.g514290.t3	true	false	PF00067.28		pfam_only
GMO.00002802.v1.g688190.t1	AOS_HPL	Oxylipin and volatile-product chemistry	AOS/HPL-motivated P450 search	523	286.1	1.4e-83	proteome_v1_exact	full_length	round2	GMO.00002802.v1.g688190.t1	true	false	PF00067.28		pfam_only
GMO.00002654.v1.g655770.t1	AOS_HPL	Oxylipin and volatile-product chemistry	AOS/HPL-motivated P450 search	523	284.5	4.3e-83	proteome_v1_exact	full_length	round2	GMO.00002654.v1.g655770.t1	true	false	PF00067.28		pfam_only
GMO.00000837.v1.g071980.t1	AOS_HPL	Oxylipin and volatile-product chemistry	AOS/HPL-motivated P450 search	551	284.2	5.7e-83	proteome_v1_exact	full_length	round2	GMO.00000837.v1.g071980.t1	true	false	PF00067.28		pfam_only
GMO.00002319.v1.g458010.t1	AOS_HPL	Oxylipin and volatile-product chemistry	AOS/HPL-motivated P450 search	551	284.2	5.7e-83	proteome_v1_exact	full_length	round2	GMO.00002319.v1.g458010.t1	true	false	PF00067.28		pfam_only
GMO.00001343.v1.g161770.t2	AOS_HPL	Oxylipin and volatile-product chemistry	AOS/HPL-motivated P450 search	506	283.4	9.7e-83	proteome_v1_exact	full_length	round2	GMO.00001343.v1.g161770.t2	true	false	PF00067.28		pfam_only
GMO.00001385.v1.g173480.t2	AOS_HPL	Oxylipin and volatile-product chemistry	AOS/HPL-motivated P450 search	505	283.3	1e-82	proteome_v1_exact	full_length	round2	GMO.00001385.v1.g173480.t2	true	false	PF00067.28		pfam_only
GMO.00000395.v1.g009900.t1	AOS_HPL	Oxylipin and volatile-product chemistry	AOS/HPL-motivated P450 search	509	283.0	1.2e-82	proteome_v1_exact	full_length	round2	GMO.00000395.v1.g009900.t1	true	false	PF00067.28		pfam_only
GMO.00002253.v1.g370380.t1	AOS_HPL	Oxylipin and volatile-product chemistry	AOS/HPL-motivated P450 search	509	283.0	1.2e-82	proteome_v1_exact	full_length	round2	GMO.00002253.v1.g370380.t1	true	false	PF00067.28		pfam_only
GMO.00002497.v1.g563220.t2	AOS_HPL	Oxylipin and volatile-product chemistry	AOS/HPL-motivated P450 search	455	282.6	1.6e-82	proteome_v1_exact	full_length	round2	GMO.00002497.v1.g563220.t2	true	false	PF00067.28		pfam_only
GMO.00002288.v1.g440240.t1	AOS_HPL	Oxylipin and volatile-product chemistry	AOS/HPL-motivated P450 search	427	282.5	1.7e-82	proteome_v1_exact	full_length	round2	GMO.00002288.v1.g440240.t1	true	false	PF00067.28		pfam_only
GMO.00002498.v1.g566910.t2	AOS_HPL	Oxylipin and volatile-product chemistry	AOS/HPL-motivated P450 search	455	281.9	2.8e-82	proteome_v1_exact	full_length	round2	GMO.00002498.v1.g566910.t2	true	false	PF00067.28		pfam_only
GMO.00001266.v1.g138010.t1	AOS_HPL	Oxylipin and volatile-product chemistry	AOS/HPL-motivated P450 search	567	280.1	9.4e-82	proteome_v1_exact	full_length	round2	GMO.00001266.v1.g138010.t1	true	false	PF00067.28		pfam_only
GMO.00002294.v1.g448420.t1	AOS_HPL	Oxylipin and volatile-product chemistry	AOS/HPL-motivated P450 search	567	280.1	9.5e-82	proteome_v1_exact	full_length	round2	GMO.00002294.v1.g448420.t1	true	false	PF00067.28		pfam_only
GMO.00001745.v1.g234860.t1	AOS_HPL	Oxylipin and volatile-product chemistry	AOS/HPL-motivated P450 search	519	279.8	1.1e-81	proteome_v1_exact	full_length	round2	GMO.00001745.v1.g234860.t1	true	false	PF00067.28		pfam_only
GMO.00001690.v1.g223060.t1	AOS_HPL	Oxylipin and volatile-product chemistry	AOS/HPL-motivated P450 search	556	279.5	1.5e-81	proteome_v1_exact	full_length	round2	GMO.00001690.v1.g223060.t1	true	false	PF00067.28		pfam_only
GMO.00002465.v1.g547360.t1	AOS_HPL	Oxylipin and volatile-product chemistry	AOS/HPL-motivated P450 search	556	279.5	1.5e-81	proteome_v1_exact	full_length	round2	GMO.00002465.v1.g547360.t1	true	false	PF00067.28		pfam_only
GMO.00000558.v1.g024250.t2	AOS_HPL	Oxylipin and volatile-product chemistry	AOS/HPL-motivated P450 search	464	277.9	4.5e-81	proteome_v1_exact	full_length	round2	GMO.00000558.v1.g024250.t2	true	false	PF00067.28		pfam_only
GMO.00002319.v1.g462560.t1	AOS_HPL	Oxylipin and volatile-product chemistry	AOS/HPL-motivated P450 search	528	276.7	1e-80	proteome_v1_exact	full_length	round2	GMO.00002319.v1.g462560.t1	true	false	PF00067.28		pfam_only
GMO.00000855.v1.g077950.t1	AOS_HPL	Oxylipin and volatile-product chemistry	AOS/HPL-motivated P450 search	529	276.4	1.2e-80	proteome_v1_exact	full_length	round2	GMO.00000855.v1.g077950.t1	true	false	PF00067.28		pfam_only
GMO.00002354.v1.g500740.t2	AOS_HPL	Oxylipin and volatile-product chemistry	AOS/HPL-motivated P450 search	513	275.8	2e-80	proteome_v1_exact	full_length	round2	GMO.00002354.v1.g500740.t2	true	false	PF00067.28		pfam_only
GMO.00002325.v1.g478320.t2	AOS_HPL	Oxylipin and volatile-product chemistry	AOS/HPL-motivated P450 search	450	275.6	2.1e-80	proteome_v1_exact	full_length	round2	GMO.00002325.v1.g478320.t2	true	false	PF00067.28		pfam_only
GMO.00000855.v1.g077940.t1	AOS_HPL	Oxylipin and volatile-product chemistry	AOS/HPL-motivated P450 search	526	275.2	3e-80	proteome_v1_exact	full_length	round2	GMO.00000855.v1.g077940.t1	true	false	PF00067.28		pfam_only
GMO.00002636.v1.g647730.t2	AOS_HPL	Oxylipin and volatile-product chemistry	AOS/HPL-motivated P450 search	427	274.9	3.5e-80	proteome_v1_exact	full_length	round2	GMO.00002636.v1.g647730.t2	true	false	PF00067.28		pfam_only
GMO.00001385.v1.g173500.t2	AOS_HPL	Oxylipin and volatile-product chemistry	AOS/HPL-motivated P450 search	508	274.7	4.3e-80	proteome_v1_exact	full_length	round2	GMO.00001385.v1.g173500.t2	true	false	PF00067.28		pfam_only
GMO.00001183.v1.g117980.t2	AOS_HPL	Oxylipin and volatile-product chemistry	AOS/HPL-motivated P450 search	513	274.4	5.1e-80	proteome_v1_exact	full_length	round2	GMO.00001183.v1.g117980.t2	true	false	PF00067.28		pfam_only
GMO.00001343.v1.g161740.t2	AOS_HPL	Oxylipin and volatile-product chemistry	AOS/HPL-motivated P450 search	508	273.8	7.7e-80	proteome_v1_exact	full_length	round2	GMO.00001343.v1.g161740.t2	true	false	PF00067.28		pfam_only
GMO.00002276.v1.g411740.t1	AOS_HPL	Oxylipin and volatile-product chemistry	AOS/HPL-motivated P450 search	582	273.7	8.4e-80	proteome_v1_exact	full_length	round2	GMO.00002276.v1.g411740.t1	true	false	PF00067.28		pfam_only
GMO.00002556.v1.g618810.t1	AOS_HPL	Oxylipin and volatile-product chemistry	AOS/HPL-motivated P450 search	542	272.9	1.5e-79	proteome_v1_exact	full_length	round2	GMO.00002556.v1.g618810.t1	true	false	PF00067.28		pfam_only
GMO.00002176.v1.g318380.t2	AOS_HPL	Oxylipin and volatile-product chemistry	AOS/HPL-motivated P450 search	508	270.8	6.2e-79	proteome_v1_exact	full_length	round2	GMO.00002176.v1.g318380.t2	true	false	PF00067.28		pfam_only
GMO.00002275.v1.g406490.t1	AOS_HPL	Oxylipin and volatile-product chemistry	AOS/HPL-motivated P450 search	585	270.7	6.9e-79	proteome_v1_exact	full_length	round2	GMO.00002275.v1.g406490.t1	true	false	PF00067.28		pfam_only
GMO.00002700.v1.g662400.t1	AOS_HPL	Oxylipin and volatile-product chemistry	AOS/HPL-motivated P450 search	535	270.5	8.1e-79	proteome_v1_exact	full_length	round2	GMO.00002700.v1.g662400.t1	true	false	PF00067.28		pfam_only
GMO.00002312.v1.g451540.t1	AOS_HPL	Oxylipin and volatile-product chemistry	AOS/HPL-motivated P450 search	535	270.2	9.7e-79	proteome_v1_exact	full_length	round2	GMO.00002312.v1.g451540.t1	true	false	PF00067.28		pfam_only
GMO.00000895.v1.g085790.t2	AOS_HPL	Oxylipin and volatile-product chemistry	AOS/HPL-motivated P450 search	406	269.3	1.9e-78	proteome_v1_exact	full_length	round2	GMO.00000895.v1.g085790.t2	true	false	PF00067.28		pfam_only
GMO.00001247.v1.g133700.t1	AOS_HPL	Oxylipin and volatile-product chemistry	AOS/HPL-motivated P450 search	516	268.8	2.6e-78	proteome_v1_exact	full_length	round2	GMO.00001247.v1.g133700.t1	true	false	PF00067.28		pfam_only
GMO.00002468.v1.g549140.t1	AOS_HPL	Oxylipin and volatile-product chemistry	AOS/HPL-motivated P450 search	516	268.8	2.6e-78	proteome_v1_exact	full_length	round2	GMO.00002468.v1.g549140.t1	true	false	PF00067.28		pfam_only
GMO.00000855.v1.g077930.t1	AOS_HPL	Oxylipin and volatile-product chemistry	AOS/HPL-motivated P450 search	526	268.7	2.7e-78	proteome_v1_exact	full_length	round2	GMO.00000855.v1.g077930.t1	true	false	PF00067.28		pfam_only
GMO.00001695.v1.g225560.t2	AOS_HPL	Oxylipin and volatile-product chemistry	AOS/HPL-motivated P450 search	518	268.6	3e-78	proteome_v1_exact	full_length	round2	GMO.00001695.v1.g225560.t2	true	false	PF00067.28		pfam_only
GMO.00002319.v1.g462530.t1	AOS_HPL	Oxylipin and volatile-product chemistry	AOS/HPL-motivated P450 search	526	268.3	3.7e-78	proteome_v1_exact	full_length	round2	GMO.00002319.v1.g462530.t1	true	false	PF00067.28		pfam_only
GMO.00001111.v1.g114800.t1	AOS_HPL	Oxylipin and volatile-product chemistry	AOS/HPL-motivated P450 search	521	268.0	4.6e-78	proteome_v1_exact	full_length	round2	GMO.00001111.v1.g114800.t1	true	false	PF00067.28		pfam_only
GMO.00001695.v1.g225550.t1	AOS_HPL	Oxylipin and volatile-product chemistry	AOS/HPL-motivated P450 search	519	267.4	6.7e-78	proteome_v1_exact	full_length	round2	GMO.00001695.v1.g225550.t1	true	false	PF00067.28		pfam_only
GMO.00000095.v1.g000830.t1	AOS_HPL	Oxylipin and volatile-product chemistry	AOS/HPL-motivated P450 search	476	267.2	7.7e-78	proteome_v1_exact	full_length	round2	GMO.00000095.v1.g000830.t1	true	false	PF00067.28		pfam_only
GMO.00002176.v1.g318430.t1	AOS_HPL	Oxylipin and volatile-product chemistry	AOS/HPL-motivated P450 search	476	267.2	7.7e-78	proteome_v1_exact	full_length	round2	GMO.00002176.v1.g318430.t1	true	false	PF00067.28		pfam_only
GMO.00002500.v1.g573140.t1	AOS_HPL	Oxylipin and volatile-product chemistry	AOS/HPL-motivated P450 search	544	266.8	1e-77	proteome_v1_exact	full_length	round2	GMO.00002500.v1.g573140.t1	true	false	PF00067.28		pfam_only
GMO.00002556.v1.g618500.t2	AOS_HPL	Oxylipin and volatile-product chemistry	AOS/HPL-motivated P450 search	520	266.4	1.4e-77	proteome_v1_exact	full_length	round2	GMO.00002556.v1.g618500.t2	true	false	PF00067.28		pfam_only
GMO.00001808.v1.g249080.t2	AOS_HPL	Oxylipin and volatile-product chemistry	AOS/HPL-motivated P450 search	504	265.6	2.4e-77	proteome_v1_exact	full_length	round2	GMO.00001808.v1.g249080.t2	true	false	PF00067.28		pfam_only
GMO.00001599.v1.g207000.t2	AOS_HPL	Oxylipin and volatile-product chemistry	AOS/HPL-motivated P450 search	374	265.5	2.6e-77	proteome_v1_exact	full_length	round2	GMO.00001599.v1.g207000.t2	true	false	PF00067.28		pfam_only
GMO.00002312.v1.g451550.t1	AOS_HPL	Oxylipin and volatile-product chemistry	AOS/HPL-motivated P450 search	535	265.4	2.7e-77	proteome_v1_exact	full_length	round2	GMO.00002312.v1.g451550.t1	true	false	PF00067.28		pfam_only
GMO.00002700.v1.g662350.t1	AOS_HPL	Oxylipin and volatile-product chemistry	AOS/HPL-motivated P450 search	535	265.4	2.7e-77	proteome_v1_exact	full_length	round2	GMO.00002700.v1.g662350.t1	true	false	PF00067.28		pfam_only
GMO.00001309.v1.g145170.t1	AOS_HPL	Oxylipin and volatile-product chemistry	AOS/HPL-motivated P450 search	319	261.6	4e-76	proteome_v1_exact	full_length	round2	GMO.00001309.v1.g145170.t1	true	false	PF00067.28		pfam_only
GMO.00002523.v1.g604530.t1	AOS_HPL	Oxylipin and volatile-product chemistry	AOS/HPL-motivated P450 search	464	261.3	4.9e-76	proteome_v1_exact	full_length	round2	GMO.00002523.v1.g604530.t1	true	false	PF00067.28		pfam_only
GMO.00002805.v1.g688290.t1	AOS_HPL	Oxylipin and volatile-product chemistry	AOS/HPL-motivated P450 search	464	261.3	4.9e-76	proteome_v1_exact	full_length	round2	GMO.00002805.v1.g688290.t1	true	false	PF00067.28		pfam_only
GMO.00000847.v1.g076180.t1	AOS_HPL	Oxylipin and volatile-product chemistry	AOS/HPL-motivated P450 search	510	260.6	7.6e-76	proteome_v1_exact	full_length	round2	GMO.00000847.v1.g076180.t1	true	false	PF00067.28		pfam_only
GMO.00002319.v1.g459170.t1	AOS_HPL	Oxylipin and volatile-product chemistry	AOS/HPL-motivated P450 search	510	259.8	1.4e-75	proteome_v1_exact	full_length	round2	GMO.00002319.v1.g459170.t1	true	false	PF00067.28		pfam_only
GMO.00002319.v1.g459180.t1	AOS_HPL	Oxylipin and volatile-product chemistry	AOS/HPL-motivated P450 search	510	258.5	3.4e-75	proteome_v1_exact	full_length	round2	GMO.00002319.v1.g459180.t1	true	false	PF00067.28		pfam_only
GMO.00002556.v1.g618490.t2	AOS_HPL	Oxylipin and volatile-product chemistry	AOS/HPL-motivated P450 search	518	257.1	9.4e-75	proteome_v1_exact	full_length	round2	GMO.00002556.v1.g618490.t2	true	false	PF00067.28		pfam_only
GMO.00001343.v1.g163340.t2	AOS_HPL	Oxylipin and volatile-product chemistry	AOS/HPL-motivated P450 search	495	255.5	2.9e-74	proteome_v1_exact	full_length	round2	GMO.00001343.v1.g163340.t2	true	false	PF00067.28		pfam_only
GMO.00001385.v1.g171860.t2	AOS_HPL	Oxylipin and volatile-product chemistry	AOS/HPL-motivated P450 search	495	255.5	2.9e-74	proteome_v1_exact	full_length	round2	GMO.00001385.v1.g171860.t2	true	false	PF00067.28		pfam_only
GMO.00002363.v1.g506270.t1	AOS_HPL	Oxylipin and volatile-product chemistry	AOS/HPL-motivated P450 search	526	255.4	2.9e-74	proteome_v1_exact	full_length	round2	GMO.00002363.v1.g506270.t1	true	false	PF00067.28		pfam_only
GMO.00000847.v1.g076170.t1	AOS_HPL	Oxylipin and volatile-product chemistry	AOS/HPL-motivated P450 search	510	253.9	8.3e-74	proteome_v1_exact	full_length	round2	GMO.00000847.v1.g076170.t1	true	false	PF00067.28		pfam_only
GMO.00001278.v1.g140690.t1	AOS_HPL	Oxylipin and volatile-product chemistry	AOS/HPL-motivated P450 search	541	253.7	9.5e-74	proteome_v1_exact	full_length	round2	GMO.00001278.v1.g140690.t1	true	false	PF00067.28		pfam_only
GMO.00002494.v1.g559460.t1	AOS_HPL	Oxylipin and volatile-product chemistry	AOS/HPL-motivated P450 search	541	253.7	9.5e-74	proteome_v1_exact	full_length	round2	GMO.00002494.v1.g559460.t1	true	false	PF00067.28		pfam_only
GMO.00000693.v1.g047280.t1	AOS_HPL	Oxylipin and volatile-product chemistry	AOS/HPL-motivated P450 search	477	252.8	1.8e-73	proteome_v1_exact	full_length	round2	GMO.00000693.v1.g047280.t1	true	false	PF00067.28		pfam_only
GMO.00002317.v1.g455050.t1	AOS_HPL	Oxylipin and volatile-product chemistry	AOS/HPL-motivated P450 search	477	252.2	2.8e-73	proteome_v1_exact	full_length	round2	GMO.00002317.v1.g455050.t1	true	false	PF00067.28		pfam_only
GMO.00001330.v1.g153530.t1	AOS_HPL	Oxylipin and volatile-product chemistry	AOS/HPL-motivated P450 search	439	252.1	3.1e-73	proteome_v1_exact	full_length	round2	GMO.00001330.v1.g153530.t1	true	false	PF00067.28		pfam_only
GMO.00002453.v1.g537630.t2	AOS_HPL	Oxylipin and volatile-product chemistry	AOS/HPL-motivated P450 search	444	251.8	3.8e-73	proteome_v1_exact	full_length	round2	GMO.00002453.v1.g537630.t2	true	false	PF00067.28		pfam_only
GMO.00000574.v1.g029490.t2	AOS_HPL	Oxylipin and volatile-product chemistry	AOS/HPL-motivated P450 search	433	250.3	1e-72	proteome_v1_exact	full_length	round2	GMO.00000574.v1.g029490.t2	true	false	PF00067.28		pfam_only
GMO.00002325.v1.g480350.t1	AOS_HPL	Oxylipin and volatile-product chemistry	AOS/HPL-motivated P450 search	525	249.7	1.6e-72	proteome_v1_exact	full_length	round2	GMO.00002325.v1.g480350.t1	true	false	PF00067.28		pfam_only
GMO.00002319.v1.g473260.t4	AOS_HPL	Oxylipin and volatile-product chemistry	AOS/HPL-motivated P450 search	548	249.5	1.8e-72	proteome_v1_exact	full_length	round2	GMO.00002319.v1.g473260.t4	true	false	PF00067.28		pfam_only
GMO.00000895.v1.g084320.t2	AOS_HPL	Oxylipin and volatile-product chemistry	AOS/HPL-motivated P450 search	444	248.9	2.8e-72	proteome_v1_exact	full_length	round2	GMO.00000895.v1.g084320.t2	true	false	PF00067.28		pfam_only
GMO.00002253.v1.g369750.t1	AOS_HPL	Oxylipin and volatile-product chemistry	AOS/HPL-motivated P450 search	505	248.7	3.1e-72	proteome_v1_exact	full_length	round2	GMO.00002253.v1.g369750.t1	true	false	PF00067.28		pfam_only
GMO.00001343.v1.g163350.t2	AOS_HPL	Oxylipin and volatile-product chemistry	AOS/HPL-motivated P450 search	457	248.6	3.5e-72	proteome_v1_exact	full_length	round2	GMO.00001343.v1.g163350.t2	true	false	PF00067.28		pfam_only
GMO.00000847.v1.g076200.t1	AOS_HPL	Oxylipin and volatile-product chemistry	AOS/HPL-motivated P450 search	501	248.2	4.5e-72	proteome_v1_exact	full_length	round2	GMO.00000847.v1.g076200.t1	true	false	PF00067.28		pfam_only
GMO.00002319.v1.g459150.t1	AOS_HPL	Oxylipin and volatile-product chemistry	AOS/HPL-motivated P450 search	501	248.2	4.5e-72	proteome_v1_exact	full_length	round2	GMO.00002319.v1.g459150.t1	true	false	PF00067.28		pfam_only
GMO.00000872.v1.g080170.t2	AOS_HPL	Oxylipin and volatile-product chemistry	AOS/HPL-motivated P450 search	545	247.2	8.8e-72	proteome_v1_exact	full_length	round2	GMO.00000872.v1.g080170.t2	true	false	PF00067.28		pfam_only
GMO.00002319.v1.g459160.t1	AOS_HPL	Oxylipin and volatile-product chemistry	AOS/HPL-motivated P450 search	503	245.3	3.6e-71	proteome_v1_exact	full_length	round2	GMO.00002319.v1.g459160.t1	true	false	PF00067.28		pfam_only
GMO.00001056.v1.g099770.t1	AOS_HPL	Oxylipin and volatile-product chemistry	AOS/HPL-motivated P450 search	483	244.6	5.6e-71	proteome_v1_exact	full_length	round2	GMO.00001056.v1.g099770.t1	true	false	PF00067.28		pfam_only
GMO.00002363.v1.g508920.t1	AOS_HPL	Oxylipin and volatile-product chemistry	AOS/HPL-motivated P450 search	483	243.4	1.3e-70	proteome_v1_exact	full_length	round2	GMO.00002363.v1.g508920.t1	true	false	PF00067.28		pfam_only
GMO.00000847.v1.g076190.t1	AOS_HPL	Oxylipin and volatile-product chemistry	AOS/HPL-motivated P450 search	503	243.3	1.4e-70	proteome_v1_exact	full_length	round2	GMO.00000847.v1.g076190.t1	true	false	PF00067.28		pfam_only
GMO.00001343.v1.g160020.t2	AOS_HPL	Oxylipin and volatile-product chemistry	AOS/HPL-motivated P450 search	512	241.7	4.2e-70	proteome_v1_exact	full_length	round2	GMO.00001343.v1.g160020.t2	true	false	PF00067.28		pfam_only
GMO.00001385.v1.g175310.t2	AOS_HPL	Oxylipin and volatile-product chemistry	AOS/HPL-motivated P450 search	512	241.7	4.2e-70	proteome_v1_exact	full_length	round2	GMO.00001385.v1.g175310.t2	true	false	PF00067.28		pfam_only
GMO.00002770.v1.g681890.t2	AOS_HPL	Oxylipin and volatile-product chemistry	AOS/HPL-motivated P450 search	332	241.1	6.5e-70	proteome_v1_exact	full_length	round2	GMO.00002770.v1.g681890.t2	true	false	PF00067.28		pfam_only
GMO.00002612.v1.g635740.t1	AOS_HPL	Oxylipin and volatile-product chemistry	AOS/HPL-motivated P450 search	517	236.9	1.2e-68	proteome_v1_exact	full_length	round2	GMO.00002612.v1.g635740.t1	true	false	PF00067.28		pfam_only
GMO.00000602.v1.g037050.t2	AOS_HPL	Oxylipin and volatile-product chemistry	AOS/HPL-motivated P450 search	475	236.3	1.9e-68	proteome_v1_exact	full_length	round2	GMO.00000602.v1.g037050.t2	true	false	PF00067.28		pfam_only
GMO.00002354.v1.g495850.t2	AOS_HPL	Oxylipin and volatile-product chemistry	AOS/HPL-motivated P450 search	475	236.3	1.9e-68	proteome_v1_exact	full_length	round2	GMO.00002354.v1.g495850.t2	true	false	PF00067.28		pfam_only
GMO.00002601.v1.g631280.t1	AOS_HPL	Oxylipin and volatile-product chemistry	AOS/HPL-motivated P450 search	518	234.7	5.5e-68	proteome_v1_exact	full_length	round2	GMO.00002601.v1.g631280.t1	true	false	PF00067.28		pfam_only
GMO.00001595.v1.g202620.t2	AOS_HPL	Oxylipin and volatile-product chemistry	AOS/HPL-motivated P450 search	353	234.1	8.7e-68	proteome_v1_exact	full_length	round2	GMO.00001595.v1.g202620.t2	true	false	PF00067.28		pfam_only
GMO.00002284.v1.g432820.t2	AOS_HPL	Oxylipin and volatile-product chemistry	AOS/HPL-motivated P450 search	428	232.7	2.3e-67	proteome_v1_exact	full_length	round2	GMO.00002284.v1.g432820.t2	true	false	PF00067.28		pfam_only
GMO.00002486.v1.g552560.t2	AOS_HPL	Oxylipin and volatile-product chemistry	AOS/HPL-motivated P450 search	428	232.6	2.5e-67	proteome_v1_exact	full_length	round2	GMO.00002486.v1.g552560.t2	true	false	PF00067.28		pfam_only
GMO.00002253.v1.g390980.t1	AOS_HPL	Oxylipin and volatile-product chemistry	AOS/HPL-motivated P450 search	491	232.0	3.8e-67	proteome_v1_exact	full_length	round2	GMO.00002253.v1.g390980.t1	true	false	PF00067.28		pfam_only
GMO.00000616.v1.g037230.t1	AOS_HPL	Oxylipin and volatile-product chemistry	AOS/HPL-motivated P450 search	521	229.9	1.6e-66	proteome_v1_exact	full_length	round2	GMO.00000616.v1.g037230.t1	true	false	PF00067.28		pfam_only
GMO.00002354.v1.g497510.t1	AOS_HPL	Oxylipin and volatile-product chemistry	AOS/HPL-motivated P450 search	521	229.9	1.6e-66	proteome_v1_exact	full_length	round2	GMO.00002354.v1.g497510.t1	true	false	PF00067.28		pfam_only
GMO.00001343.v1.g157710.t1	AOS_HPL	Oxylipin and volatile-product chemistry	AOS/HPL-motivated P450 search	530	228.9	3.1e-66	proteome_v1_exact	full_length	round2	GMO.00001343.v1.g157710.t1	true	false	PF00067.28		pfam_only
GMO.00001385.v1.g177530.t1	AOS_HPL	Oxylipin and volatile-product chemistry	AOS/HPL-motivated P450 search	530	228.9	3.1e-66	proteome_v1_exact	full_length	round2	GMO.00001385.v1.g177530.t1	true	false	PF00067.28		pfam_only
GMO.00000855.v1.g077960.t1	AOS_HPL	Oxylipin and volatile-product chemistry	AOS/HPL-motivated P450 search	358	228.3	5.1e-66	proteome_v1_exact	full_length	round2	GMO.00000855.v1.g077960.t1	true	false	PF00067.28		pfam_only
GMO.00002319.v1.g462570.t1	AOS_HPL	Oxylipin and volatile-product chemistry	AOS/HPL-motivated P450 search	358	224.6	6.6e-65	proteome_v1_exact	full_length	round2	GMO.00002319.v1.g462570.t1	true	false	PF00067.28		pfam_only
GMO.00002276.v1.g412500.t1	AOS_HPL	Oxylipin and volatile-product chemistry	AOS/HPL-motivated P450 search	477	222.1	3.8e-64	proteome_v1_exact	full_length	round2	GMO.00002276.v1.g412500.t1	true	false	PF00067.28		pfam_only
GMO.00002254.v1.g391910.t4	AOS_HPL	Oxylipin and volatile-product chemistry	AOS/HPL-motivated P450 search	389	221.4	6.1e-64	proteome_v1_exact	full_length	round2	GMO.00002254.v1.g391910.t4	true	false	PF00067.28		pfam_only
GMO.00002275.v1.g405750.t1	AOS_HPL	Oxylipin and volatile-product chemistry	AOS/HPL-motivated P450 search	477	221.4	6.1e-64	proteome_v1_exact	full_length	round2	GMO.00002275.v1.g405750.t1	true	false	PF00067.28		pfam_only
GMO.00000840.v1.g073960.t1	AOS_HPL	Oxylipin and volatile-product chemistry	AOS/HPL-motivated P450 search	563	221.3	6.4e-64	proteome_v1_exact	full_length	round2	GMO.00000840.v1.g073960.t1	true	false	PF00067.28		pfam_only
GMO.00002319.v1.g460840.t1	AOS_HPL	Oxylipin and volatile-product chemistry	AOS/HPL-motivated P450 search	563	221.3	6.4e-64	proteome_v1_exact	full_length	round2	GMO.00002319.v1.g460840.t1	true	false	PF00067.28		pfam_only
GMO.00002176.v1.g311220.t1	AOS_HPL	Oxylipin and volatile-product chemistry	AOS/HPL-motivated P450 search	530	220.9	8.9e-64	proteome_v1_exact	full_length	round2	GMO.00002176.v1.g311220.t1	true	false	PF00067.28		pfam_only
GMO.00002176.v1.g314120.t1	AOS_HPL	Oxylipin and volatile-product chemistry	AOS/HPL-motivated P450 search	512	220.2	1.4e-63	proteome_v1_exact	full_length	round2	GMO.00002176.v1.g314120.t1	true	false	PF00067.28		pfam_only
GMO.00002319.v1.g462550.t1	AOS_HPL	Oxylipin and volatile-product chemistry	AOS/HPL-motivated P450 search	317	220.0	1.6e-63	proteome_v1_exact	full_length	round2	GMO.00002319.v1.g462550.t1	true	false	PF00067.28		pfam_only
GMO.00002522.v1.g598960.t1	AOS_HPL	Oxylipin and volatile-product chemistry	AOS/HPL-motivated P450 search	529	218.7	4.1e-63	proteome_v1_exact	full_length	round2	GMO.00002522.v1.g598960.t1	true	false	PF00067.28		pfam_only
GMO.00001697.v1.g226020.t1	AOS_HPL	Oxylipin and volatile-product chemistry	AOS/HPL-motivated P450 search	529	218.2	5.6e-63	proteome_v1_exact	full_length	round2	GMO.00001697.v1.g226020.t1	true	false	PF00067.28		pfam_only
GMO.00002553.v1.g615210.t2	AOS_HPL	Oxylipin and volatile-product chemistry	AOS/HPL-motivated P450 search	466	217.8	7.3e-63	proteome_v1_exact	full_length	round2	GMO.00002553.v1.g615210.t2	true	false	PF00067.28		pfam_only
GMO.00001655.v1.g216700.t1	AOS_HPL	Oxylipin and volatile-product chemistry	AOS/HPL-motivated P450 search	479	217.5	9.4e-63	proteome_v1_exact	full_length	round2	GMO.00001655.v1.g216700.t1	true	false	PF00067.28		pfam_only
GMO.00002767.v1.g679420.t1	AOS_HPL	Oxylipin and volatile-product chemistry	AOS/HPL-motivated P450 search	479	217.5	9.4e-63	proteome_v1_exact	full_length	round2	GMO.00002767.v1.g679420.t1	true	false	PF00067.28		pfam_only
GMO.00000720.v1.g052970.t1	AOS_HPL	Oxylipin and volatile-product chemistry	AOS/HPL-motivated P450 search	554	215.0	5.2e-62	proteome_v1_exact	full_length	round2	GMO.00000720.v1.g052970.t1	true	false	PF00067.28		pfam_only
GMO.00002288.v1.g438700.t1	AOS_HPL	Oxylipin and volatile-product chemistry	AOS/HPL-motivated P450 search	511	214.0	1.1e-61	proteome_v1_exact	full_length	round2	GMO.00002288.v1.g438700.t1	true	false	PF00067.28		pfam_only
GMO.00001085.v1.g104380.t1	AOS_HPL	Oxylipin and volatile-product chemistry	AOS/HPL-motivated P450 search	555	213.0	2.2e-61	proteome_v1_exact	full_length	round2	GMO.00001085.v1.g104380.t1	true	false	PF00067.28		pfam_only
GMO.00001385.v1.g175330.t1	AOS_HPL	Oxylipin and volatile-product chemistry	AOS/HPL-motivated P450 search	482	211.1	8.4e-61	proteome_v1_exact	full_length	round2	GMO.00001385.v1.g175330.t1	true	false	PF00067.28		pfam_only
GMO.00001343.v1.g159310.t1	AOS_HPL	Oxylipin and volatile-product chemistry	AOS/HPL-motivated P450 search	507	209.7	2.1e-60	proteome_v1_exact	full_length	round2	GMO.00001343.v1.g159310.t1	true	false	PF00067.28		pfam_only
GMO.00000940.v1.g089160.t1	AOS_HPL	Oxylipin and volatile-product chemistry	AOS/HPL-motivated P450 search	487	209.4	2.8e-60	proteome_v1_exact	full_length	round2	GMO.00000940.v1.g089160.t1	true	false	PF00067.28		pfam_only
GMO.00002325.v1.g476450.t1	AOS_HPL	Oxylipin and volatile-product chemistry	AOS/HPL-motivated P450 search	487	209.4	2.8e-60	proteome_v1_exact	full_length	round2	GMO.00002325.v1.g476450.t1	true	false	PF00067.28		pfam_only
GMO.00000883.v1.g082090.t1	AOS_HPL	Oxylipin and volatile-product chemistry	AOS/HPL-motivated P450 search	485	209.2	3e-60	proteome_v1_exact	full_length	round2	GMO.00000883.v1.g082090.t1	true	false	PF00067.28		pfam_only
GMO.00002319.v1.g461900.t1	AOS_HPL	Oxylipin and volatile-product chemistry	AOS/HPL-motivated P450 search	485	209.2	3e-60	proteome_v1_exact	full_length	round2	GMO.00002319.v1.g461900.t1	true	false	PF00067.28		pfam_only
GMO.00002621.v1.g640040.t1	AOS_HPL	Oxylipin and volatile-product chemistry	AOS/HPL-motivated P450 search	472	208.5	5.1e-60	proteome_v1_exact	full_length	round2	GMO.00002621.v1.g640040.t1	true	true	PF00067.28	Q9ZSY9/C74B2_ARATH/SV1	pfam_and_reference
GMO.00001343.v1.g160000.t1	AOS_HPL	Oxylipin and volatile-product chemistry	AOS/HPL-motivated P450 search	482	207.8	7.9e-60	proteome_v1_exact	full_length	round2	GMO.00001343.v1.g160000.t1	true	false	PF00067.28		pfam_only
GMO.00001385.v1.g176010.t1	AOS_HPL	Oxylipin and volatile-product chemistry	AOS/HPL-motivated P450 search	506	207.6	9.4e-60	proteome_v1_exact	full_length	round2	GMO.00001385.v1.g176010.t1	true	false	PF00067.28		pfam_only
GMO.00002338.v1.g492990.t1	AOS_HPL	Oxylipin and volatile-product chemistry	AOS/HPL-motivated P450 search	473	206.1	2.7e-59	proteome_v1_exact	full_length	round2	GMO.00002338.v1.g492990.t1	true	true	PF00067.28	Q9ZSY9/C74B2_ARATH/SV1	pfam_and_reference
GMO.00001346.v1.g164340.t1	AOS_HPL	Oxylipin and volatile-product chemistry	AOS/HPL-motivated P450 search	495	205.9	3.1e-59	proteome_v1_exact	full_length	round2	GMO.00001346.v1.g164340.t1	true	false	PF00067.28		pfam_only
GMO.00002495.v1.g560520.t1	AOS_HPL	Oxylipin and volatile-product chemistry	AOS/HPL-motivated P450 search	495	205.9	3.1e-59	proteome_v1_exact	full_length	round2	GMO.00002495.v1.g560520.t1	true	false	PF00067.28		pfam_only
GMO.00000574.v1.g035090.t1	AOS_HPL	Oxylipin and volatile-product chemistry	AOS/HPL-motivated P450 search	490	205.1	5.5e-59	proteome_v1_exact	full_length	round2	GMO.00000574.v1.g035090.t1	true	false	PF00067.28		pfam_only
GMO.00002523.v1.g599970.t1	AOS_HPL	Oxylipin and volatile-product chemistry	AOS/HPL-motivated P450 search	207	204.2	1e-58	proteome_v1_exact	full_length	round2	GMO.00002523.v1.g599970.t1	true	false	PF00067.28		pfam_only
GMO.00002725.v1.g671090.t1	AOS_HPL	Oxylipin and volatile-product chemistry	AOS/HPL-motivated P450 search	490	204.1	1.1e-58	proteome_v1_exact	full_length	round2	GMO.00002725.v1.g671090.t1	true	false	PF00067.28		pfam_only
GMO.00002338.v1.g493120.t1	AOS_HPL	Oxylipin and volatile-product chemistry	AOS/HPL-motivated P450 search	473	202.9	2.5e-58	proteome_v1_exact	full_length	round2	GMO.00002338.v1.g493120.t1	true	false	PF00067.28		pfam_only
GMO.00002621.v1.g640200.t1	AOS_HPL	Oxylipin and volatile-product chemistry	AOS/HPL-motivated P450 search	473	202.8	2.7e-58	proteome_v1_exact	full_length	round2	GMO.00002621.v1.g640200.t1	true	false	PF00067.28		pfam_only
GMO.00002749.v1.g677230.t1	AOS_HPL	Oxylipin and volatile-product chemistry	AOS/HPL-motivated P450 search	512	201.9	5.2e-58	proteome_v1_exact	full_length	round2	GMO.00002749.v1.g677230.t1	true	false	PF00067.28		pfam_only
GMO.00002787.v1.g684330.t1	AOS_HPL	Oxylipin and volatile-product chemistry	AOS/HPL-motivated P450 search	492	201.9	4.9e-58	proteome_v1_exact	full_length	round2	GMO.00002787.v1.g684330.t1	true	false	PF00067.28		pfam_only
GMO.00002747.v1.g676540.t1	AOS_HPL	Oxylipin and volatile-product chemistry	AOS/HPL-motivated P450 search	512	201.8	5.3e-58	proteome_v1_exact	full_length	round2	GMO.00002747.v1.g676540.t1	true	false	PF00067.28		pfam_only
GMO.00002218.v1.g365720.t1	AOS_HPL	Oxylipin and volatile-product chemistry	AOS/HPL-motivated P450 search	492	201.4	7e-58	proteome_v1_exact	full_length	round2	GMO.00002218.v1.g365720.t1	true	false	PF00067.28		pfam_only
GMO.00002523.v1.g603780.t1	AOS_HPL	Oxylipin and volatile-product chemistry	AOS/HPL-motivated P450 search	499	198.9	4.2e-57	proteome_v1_exact	full_length	round2	GMO.00002523.v1.g603780.t1	true	false	PF00067.28		pfam_only
GMO.00002336.v1.g489480.t1	AOS_HPL	Oxylipin and volatile-product chemistry	AOS/HPL-motivated P450 search	482	198.6	5.2e-57	proteome_v1_exact	full_length	round2	GMO.00002336.v1.g489480.t1	true	false	PF00067.28		pfam_only
GMO.00001385.v1.g176020.t1	AOS_HPL	Oxylipin and volatile-product chemistry	AOS/HPL-motivated P450 search	499	197.6	9.9e-57	proteome_v1_exact	full_length	round2	GMO.00001385.v1.g176020.t1	true	false	PF00067.28		pfam_only
GMO.00001016.v1.g092380.t2	AOS_HPL	Oxylipin and volatile-product chemistry	AOS/HPL-motivated P450 search	469	197.3	1.2e-56	proteome_v1_exact	full_length	round2	GMO.00001016.v1.g092380.t2	true	false	PF00067.28		pfam_only
GMO.00002319.v1.g461880.t1	AOS_HPL	Oxylipin and volatile-product chemistry	AOS/HPL-motivated P450 search	484	195.9	3.4e-56	proteome_v1_exact	full_length	round2	GMO.00002319.v1.g461880.t1	true	false	PF00067.28		pfam_only
GMO.00002516.v1.g581170.t2	AOS_HPL	Oxylipin and volatile-product chemistry	AOS/HPL-motivated P450 search	469	195.2	5.4e-56	proteome_v1_exact	full_length	round2	GMO.00002516.v1.g581170.t2	true	false	PF00067.28		pfam_only
GMO.00001385.v1.g176420.t3	AOS_HPL	Oxylipin and volatile-product chemistry	AOS/HPL-motivated P450 search	476	194.8	7.2e-56	proteome_v1_exact	full_length	round2	GMO.00001385.v1.g176420.t3	true	false	PF00067.28		pfam_only
GMO.00001343.v1.g158870.t3	AOS_HPL	Oxylipin and volatile-product chemistry	AOS/HPL-motivated P450 search	475	194.7	7.5e-56	proteome_v1_exact	full_length	round2	GMO.00001343.v1.g158870.t3	true	false	PF00067.28		pfam_only
GMO.00000748.v1.g066580.t1	AOS_HPL	Oxylipin and volatile-product chemistry	AOS/HPL-motivated P450 search	465	192.6	3.4e-55	proteome_v1_exact	full_length	round2	GMO.00000748.v1.g066580.t1	true	false	PF00067.28		pfam_only
GMO.00001343.v1.g155450.t1	AOS_HPL	Oxylipin and volatile-product chemistry	AOS/HPL-motivated P450 search	465	192.6	3.4e-55	proteome_v1_exact	full_length	round2	GMO.00001343.v1.g155450.t1	true	false	PF00067.28		pfam_only
GMO.00001343.v1.g159290.t2	AOS_HPL	Oxylipin and volatile-product chemistry	AOS/HPL-motivated P450 search	468	192.2	4.3e-55	proteome_v1_exact	full_length	round2	GMO.00001343.v1.g159290.t2	true	false	PF00067.28		pfam_only
GMO.00001385.v1.g176060.t2	AOS_HPL	Oxylipin and volatile-product chemistry	AOS/HPL-motivated P450 search	468	191.9	5.6e-55	proteome_v1_exact	full_length	round2	GMO.00001385.v1.g176060.t2	true	false	PF00067.28		pfam_only
GMO.00001343.v1.g159260.t2	AOS_HPL	Oxylipin and volatile-product chemistry	AOS/HPL-motivated P450 search	468	191.1	9.3e-55	proteome_v1_exact	full_length	round2	GMO.00001343.v1.g159260.t2	true	false	PF00067.28		pfam_only
GMO.00000883.v1.g082080.t1	AOS_HPL	Oxylipin and volatile-product chemistry	AOS/HPL-motivated P450 search	453	189.0	4.2e-54	proteome_v1_exact	full_length	round2	GMO.00000883.v1.g082080.t1	true	false	PF00067.28		pfam_only
GMO.00001811.v1.g249300.t1	AOS_HPL	Oxylipin and volatile-product chemistry	AOS/HPL-motivated P450 search	476	184.6	8.9e-53	proteome_v1_exact	full_length	round2	GMO.00001811.v1.g249300.t1	true	false	PF00067.28		pfam_only
GMO.00002459.v1.g541580.t1	AOS_HPL	Oxylipin and volatile-product chemistry	AOS/HPL-motivated P450 search	476	184.1	1.3e-52	proteome_v1_exact	full_length	round2	GMO.00002459.v1.g541580.t1	true	false	PF00067.28		pfam_only
GMO.00002495.v1.g561420.t2	AOS_HPL	Oxylipin and volatile-product chemistry	AOS/HPL-motivated P450 search	503	180.3	1.7e-51	proteome_v1_exact	full_length	round2	GMO.00002495.v1.g561420.t2	true	false	PF00067.28		pfam_only
GMO.00001343.v1.g159280.t2	AOS_HPL	Oxylipin and volatile-product chemistry	AOS/HPL-motivated P450 search	475	179.9	2.4e-51	proteome_v1_exact	full_length	round2	GMO.00001343.v1.g159280.t2	true	false	PF00067.28		pfam_only
GMO.00002319.v1.g465520.t1	AOS_HPL	Oxylipin and volatile-product chemistry	AOS/HPL-motivated P450 search	490	177.8	1e-50	proteome_v1_exact	full_length	round2	GMO.00002319.v1.g465520.t1	true	false	PF00067.28		pfam_only
GMO.00002433.v1.g532290.t2	AOS_HPL	Oxylipin and volatile-product chemistry	AOS/HPL-motivated P450 search	484	177.0	1.7e-50	proteome_v1_exact	full_length	round2	GMO.00002433.v1.g532290.t2	true	false	PF00067.28		pfam_only
GMO.00002459.v1.g541590.t1	AOS_HPL	Oxylipin and volatile-product chemistry	AOS/HPL-motivated P450 search	476	175.9	3.8e-50	proteome_v1_exact	full_length	round2	GMO.00002459.v1.g541590.t1	true	false	PF00067.28		pfam_only
GMO.00001811.v1.g249290.t1	AOS_HPL	Oxylipin and volatile-product chemistry	AOS/HPL-motivated P450 search	476	175.5	5.1e-50	proteome_v1_exact	full_length	round2	GMO.00001811.v1.g249290.t1	true	false	PF00067.28		pfam_only
GMO.00001385.v1.g176030.t2	AOS_HPL	Oxylipin and volatile-product chemistry	AOS/HPL-motivated P450 search	476	174.6	9.4e-50	proteome_v1_exact	full_length	round2	GMO.00001385.v1.g176030.t2	true	false	PF00067.28		pfam_only
GMO.00002176.v1.g311190.t1	AOS_HPL	Oxylipin and volatile-product chemistry	AOS/HPL-motivated P450 search	298	174.3	1.2e-49	proteome_v1_exact	full_length	round2	GMO.00002176.v1.g311190.t1	true	false	PF00067.28		pfam_only
GMO.00001346.v1.g165240.t2	AOS_HPL	Oxylipin and volatile-product chemistry	AOS/HPL-motivated P450 search	430	173.7	1.8e-49	proteome_v1_exact	full_length	round2	GMO.00001346.v1.g165240.t2	true	false	PF00067.28		pfam_only
GMO.00001343.v1.g159300.t2	AOS_HPL	Oxylipin and volatile-product chemistry	AOS/HPL-motivated P450 search	516	170.6	1.6e-48	proteome_v1_exact	full_length	round2	GMO.00001343.v1.g159300.t2	true	false	PF00067.28		pfam_only
GMO.00001573.v1.g199780.t1	AOS_HPL	Oxylipin and volatile-product chemistry	AOS/HPL-motivated P450 search	499	169.9	2.6e-48	proteome_v1_exact	full_length	round2	GMO.00001573.v1.g199780.t1	true	false	PF00067.28		pfam_only
GMO.00000537.v1.g020360.t1	AOS_HPL	Oxylipin and volatile-product chemistry	AOS/HPL-motivated P450 search	405	169.3	3.8e-48	proteome_v1_exact	full_length	round2	GMO.00000537.v1.g020360.t1	true	false	PF00067.28		pfam_only
GMO.00002275.v1.g404120.t1	AOS_HPL	Oxylipin and volatile-product chemistry	AOS/HPL-motivated P450 search	405	167.9	1.1e-47	proteome_v1_exact	full_length	round2	GMO.00002275.v1.g404120.t1	true	false	PF00067.28		pfam_only
GMO.00002523.v1.g599520.t1	AOS_HPL	Oxylipin and volatile-product chemistry	AOS/HPL-motivated P450 search	259	166.3	3.2e-47	proteome_v1_exact	full_length	round2	GMO.00002523.v1.g599520.t1	true	false	PF00067.28		pfam_only
GMO.00001385.v1.g171850.t1	AOS_HPL	Oxylipin and volatile-product chemistry	AOS/HPL-motivated P450 search	399	164.9	8.2e-47	proteome_v1_exact	full_length	round2	GMO.00001385.v1.g171850.t1	true	false	PF00067.28		pfam_only
GMO.00000095.v1.g000850.t1	AOS_HPL	Oxylipin and volatile-product chemistry	AOS/HPL-motivated P450 search	196	156.5	3.1e-44	proteome_v1_exact	full_length	round2	GMO.00000095.v1.g000850.t1	true	false	PF00067.28		pfam_only
GMO.00002176.v1.g318410.t1	AOS_HPL	Oxylipin and volatile-product chemistry	AOS/HPL-motivated P450 search	196	156.5	3.1e-44	proteome_v1_exact	full_length	round2	GMO.00002176.v1.g318410.t1	true	false	PF00067.28		pfam_only
GMO.00002336.v1.g487390.t1	AOS_HPL	Oxylipin and volatile-product chemistry	AOS/HPL-motivated P450 search	466	152.9	3.7e-43	proteome_v1_exact	full_length	round2	GMO.00002336.v1.g487390.t1	true	false	PF00067.28		pfam_only
GMO.00001380.v1.g171440.t1	AOS_HPL	Oxylipin and volatile-product chemistry	AOS/HPL-motivated P450 search	227	145.5	6.2e-41	proteome_v1_exact	full_length	round2	GMO.00001380.v1.g171440.t1	true	false	PF00067.28		pfam_only
GMO.00002271.v1.g399410.t1	AOS_HPL	Oxylipin and volatile-product chemistry	AOS/HPL-motivated P450 search	312	136.9	2.6e-38	proteome_v1_exact	full_length	round2	GMO.00002271.v1.g399410.t1	true	false	PF00067.28		pfam_only
GMO.00002176.v1.g318390.t1	AOS_HPL	Oxylipin and volatile-product chemistry	AOS/HPL-motivated P450 search	159	123.9	2.4e-34	proteome_v1_exact	full_length	round2	GMO.00002176.v1.g318390.t1	true	false	PF00067.28		pfam_only
GMO.00001376.v1.g170110.t1	AOS_HPL	Oxylipin and volatile-product chemistry	AOS/HPL-motivated P450 search	306	114.9	1.3e-31	proteome_v1_exact	full_length	round2	GMO.00001376.v1.g170110.t1	true	false	PF00067.28		pfam_only
GMO.00002176.v1.g310420.t1	AOS_HPL	Oxylipin and volatile-product chemistry	AOS/HPL-motivated P450 search	342	113.0	4.5e-31	proteome_v1_exact	full_length	round2	GMO.00002176.v1.g310420.t1	true	false	PF00067.28		pfam_only
GMO.00002255.v1.g391920.t1	AOS_HPL	Oxylipin and volatile-product chemistry	AOS/HPL-motivated P450 search	404	112.5	6.7e-31	proteome_v1_exact	full_length	round2	GMO.00002255.v1.g391920.t1	true	false	PF00067.28		pfam_only
GMO.00001376.v1.g169990.t1	AOS_HPL	Oxylipin and volatile-product chemistry	AOS/HPL-motivated P450 search	305	107.0	3.1e-29	proteome_v1_exact	full_length	round2	GMO.00001376.v1.g169990.t1	true	false	PF00067.28		pfam_only
GMO.00002288.v1.g440130.t1	AOS_HPL	Oxylipin and volatile-product chemistry	AOS/HPL-motivated P450 search	305	104.6	1.6e-28	proteome_v1_exact	full_length	round2	GMO.00002288.v1.g440130.t1	true	false	PF00067.28		pfam_only
GMO.00001329.v1.g149380.t1	AOS_HPL	Oxylipin and volatile-product chemistry	AOS/HPL-motivated P450 search	213	100.5	2.9e-27	proteome_v1_exact	full_length	round2	GMO.00001329.v1.g149380.t1	true	false	PF00067.28		pfam_only
GMO.00002523.v1.g599540.t1	AOS_HPL	Oxylipin and volatile-product chemistry	AOS/HPL-motivated P450 search	213	100.5	2.9e-27	proteome_v1_exact	full_length	round2	GMO.00002523.v1.g599540.t1	true	false	PF00067.28		pfam_only
GMO.00001527.v1.g193280.t1	AOS_HPL	Oxylipin and volatile-product chemistry	AOS/HPL-motivated P450 search	307	97.4	2.5e-26	proteome_v1_exact	full_length	round2	GMO.00001527.v1.g193280.t1	true	false	PF00067.28		pfam_only
GMO.00002275.v1.g403670.t1	AOS_HPL	Oxylipin and volatile-product chemistry	AOS/HPL-motivated P450 search	149	94.7	1.6e-25	proteome_v1_exact	full_length	round2	GMO.00002275.v1.g403670.t1	true	false	PF00067.28		pfam_only
GMO.00000095.v1.g000840.t1	AOS_HPL	Oxylipin and volatile-product chemistry	AOS/HPL-motivated P450 search	329	91.5	1.6e-24	proteome_v1_exact	full_length	round2	GMO.00000095.v1.g000840.t1	true	false	PF00067.28		pfam_only
GMO.00002176.v1.g318420.t1	AOS_HPL	Oxylipin and volatile-product chemistry	AOS/HPL-motivated P450 search	329	91.5	1.6e-24	proteome_v1_exact	full_length	round2	GMO.00002176.v1.g318420.t1	true	false	PF00067.28		pfam_only
GMO.00001508.v1.g187910.t1	AOS_HPL	Oxylipin and volatile-product chemistry	AOS/HPL-motivated P450 search	385	87.9	2e-23	proteome_v1_exact	full_length	round2	GMO.00001508.v1.g187910.t1	true	false	PF00067.28		pfam_only
GMO.00001706.v1.g226830.t1	AOS_HPL	Oxylipin and volatile-product chemistry	AOS/HPL-motivated P450 search	323	84.5	2.1e-22	proteome_v1_exact	full_length	round2	GMO.00001706.v1.g226830.t1	true	false	PF00067.28		pfam_only
GMO.00002325.v1.g480590.t1	AOS_HPL	Oxylipin and volatile-product chemistry	AOS/HPL-motivated P450 search	192	80.8	2.8e-21	proteome_v1_exact	full_length	round2	GMO.00002325.v1.g480590.t1	true	false	PF00067.28		pfam_only
GMO.00001837.v1.g256280.t1	AOS_HPL	Oxylipin and volatile-product chemistry	AOS/HPL-motivated P450 search	232	77.8	2.2e-20	proteome_v1_exact	full_length	round2	GMO.00001837.v1.g256280.t1	true	false	PF00067.28		pfam_only
GMO.00001329.v1.g149410.t1	AOS_HPL	Oxylipin and volatile-product chemistry	AOS/HPL-motivated P450 search	175	68.9	1.1e-17	proteome_v1_exact	full_length	round2	GMO.00001329.v1.g149410.t1	true	false	PF00067.28		pfam_only
GMO.00002523.v1.g599570.t1	AOS_HPL	Oxylipin and volatile-product chemistry	AOS/HPL-motivated P450 search	175	68.9	1.1e-17	proteome_v1_exact	full_length	round2	GMO.00002523.v1.g599570.t1	true	false	PF00067.28		pfam_only
GMO.00000552.v1.g021550.t2	AOS_HPL	Oxylipin and volatile-product chemistry	AOS/HPL-motivated P450 search	276	66.8	4.8e-17	proteome_v1_exact	full_length	round2	GMO.00000552.v1.g021550.t2	true	false	PF00067.28		pfam_only
GMO.00002363.v1.g506290.t1	AOS_HPL	Oxylipin and volatile-product chemistry	AOS/HPL-motivated P450 search	92	64.4	2.6e-16	proteome_v1_exact	full_length	round2	GMO.00002363.v1.g506290.t1	true	false	PF00067.28		pfam_only
GMO.00001329.v1.g149370.t1	AOS_HPL	Oxylipin and volatile-product chemistry	AOS/HPL-motivated P450 search	175	63.3	5.7e-16	proteome_v1_exact	full_length	round2	GMO.00001329.v1.g149370.t1	true	false	PF00067.28		pfam_only
GMO.00000684.v1.g046510.t1	AOS_HPL	Oxylipin and volatile-product chemistry	AOS/HPL-motivated P450 search	161	63.2	6.1e-16	proteome_v1_exact	full_length	round2	GMO.00000684.v1.g046510.t1	true	false	PF00067.28		pfam_only
GMO.00002294.v1.g447450.t1	AOS_HPL	Oxylipin and volatile-product chemistry	AOS/HPL-motivated P450 search	161	63.2	6.1e-16	proteome_v1_exact	full_length	round2	GMO.00002294.v1.g447450.t1	true	false	PF00067.28		pfam_only
GMO.00002494.v1.g559400.t2	AOS_HPL	Oxylipin and volatile-product chemistry	AOS/HPL-motivated P450 search	116	62.7	8.3e-16	proteome_v1_exact	full_length	round2	GMO.00002494.v1.g559400.t2	true	false	PF00067.28		pfam_only
GMO.00002523.v1.g599530.t1	AOS_HPL	Oxylipin and volatile-product chemistry	AOS/HPL-motivated P450 search	175	61.5	1.9e-15	proteome_v1_exact	full_length	round2	GMO.00002523.v1.g599530.t1	true	false	PF00067.28		pfam_only
GMO.00002176.v1.g340570.t1	AOS_HPL	Oxylipin and volatile-product chemistry	AOS/HPL-motivated P450 search	91	61.3	2.3e-15	proteome_v1_exact	full_length	round2	GMO.00002176.v1.g340570.t1	true	false	PF00067.28		pfam_only
GMO.00002325.v1.g479010.t1	AOS_HPL	Oxylipin and volatile-product chemistry	AOS/HPL-motivated P450 search	114	50.2	5.2e-12	proteome_v1_exact	full_length	round2	GMO.00002325.v1.g479010.t1	true	false	PF00067.28		pfam_only
GMO.00001343.v1.g162120.t1	CGS	Sulfur amino-acid and glutathione supply	CGS	542	901.3	5.6e-271	proteome_v1_exact	full_length	round2	GMO.00001343.v1.g162120.t1	true	true	PF01053.27	P55217/CGS1_ARATH/SV3	pfam_and_reference
GMO.00001385.v1.g173130.t1	CGS	Sulfur amino-acid and glutathione supply	CGS	542	901.3	5.6e-271	proteome_v1_exact	full_length	round2	GMO.00001385.v1.g173130.t1	true	true	PF01053.27	P55217/CGS1_ARATH/SV3	pfam_and_reference
GMO.00002271.v1.g399560.t1	CGS	Sulfur amino-acid and glutathione supply	CGS	468	489.1	1.9e-145	proteome_v1_exact	full_length	round2	GMO.00002271.v1.g399560.t1	true	true	PF01053.27	P55217/CGS1_ARATH/SV3	pfam_and_reference
GMO.00000743.v1.g064290.t1	CGS	Sulfur amino-acid and glutathione supply	CGS	468	488.0	4.1e-145	proteome_v1_exact	full_length	round2	GMO.00000743.v1.g064290.t1	true	true	PF01053.27	P55217/CGS1_ARATH/SV3	pfam_and_reference
GMO.00001695.v1.g225230.t1	CGS	Sulfur amino-acid and glutathione supply	CGS	448	285.6	1.3e-83	proteome_v1_exact	full_length	round2	GMO.00001695.v1.g225230.t1	true	true	PF01053.27	P55217/CGS1_ARATH/SV3	pfam_and_reference
GMO.00002556.v1.g618800.t1	CGS	Sulfur amino-acid and glutathione supply	CGS	448	285.6	1.3e-83	proteome_v1_exact	full_length	round2	GMO.00002556.v1.g618800.t1	true	true	PF01053.27	P55217/CGS1_ARATH/SV3	pfam_and_reference
GMO.00002271.v1.g399560.t1	CBL	Sulfur amino-acid and glutathione supply	CBL	468	748.5	5.6e-225	proteome_v1_exact	full_length	round2	GMO.00002271.v1.g399560.t1	true	true	PF01053.27	P53780/METC_ARATH/SV1	pfam_and_reference
GMO.00000743.v1.g064290.t1	CBL	Sulfur amino-acid and glutathione supply	CBL	468	745.7	4e-224	proteome_v1_exact	full_length	round2	GMO.00000743.v1.g064290.t1	true	true	PF01053.27	P53780/METC_ARATH/SV1	pfam_and_reference
GMO.00001343.v1.g162120.t1	CBL	Sulfur amino-acid and glutathione supply	CBL	542	457.9	6e-136	proteome_v1_exact	full_length	round2	GMO.00001343.v1.g162120.t1	true	true	PF01053.27	P53780/METC_ARATH/SV1	pfam_and_reference
GMO.00001385.v1.g173130.t1	CBL	Sulfur amino-acid and glutathione supply	CBL	542	457.9	6e-136	proteome_v1_exact	full_length	round2	GMO.00001385.v1.g173130.t1	true	true	PF01053.27	P53780/METC_ARATH/SV1	pfam_and_reference
GMO.00001695.v1.g225230.t1	CBL	Sulfur amino-acid and glutathione supply	CBL	448	285.6	1.3e-83	proteome_v1_exact	full_length	round2	GMO.00001695.v1.g225230.t1	true	true	PF01053.27	P53780/METC_ARATH/SV1	pfam_and_reference
GMO.00002556.v1.g618800.t1	CBL	Sulfur amino-acid and glutathione supply	CBL	448	285.6	1.3e-83	proteome_v1_exact	full_length	round2	GMO.00002556.v1.g618800.t1	true	true	PF01053.27	P53780/METC_ARATH/SV1	pfam_and_reference
GMO.00001085.v1.g107400.t2	FMO	Conjugation, transfer, and redox chemistry	FMO	462	598.7	2.6e-179	proteome_v1_exact	full_length	round2	GMO.00001085.v1.g107400.t2	true	true	PF00743.26	Q9SXE1/GSOX3_ARATH/SV1	pfam_and_reference
GMO.00000720.v1.g055740.t2	FMO	Conjugation, transfer, and redox chemistry	FMO	462	596.9	9.7e-179	proteome_v1_exact	full_length	round2	GMO.00000720.v1.g055740.t2	true	true	PF00743.26	Q9SXE1/GSOX3_ARATH/SV1	pfam_and_reference
GMO.00001309.v1.g144570.t1	FMO	Conjugation, transfer, and redox chemistry	FMO	470	531.2	7.8e-159	proteome_v1_exact	full_length	round2	GMO.00001309.v1.g144570.t1	true	true	PF00743.26	Q9SXE1/GSOX3_ARATH/SV1	pfam_and_reference
GMO.00002553.v1.g611910.t1	FMO	Conjugation, transfer, and redox chemistry	FMO	468	531.1	8.9e-159	proteome_v1_exact	full_length	round2	GMO.00002553.v1.g611910.t1	true	true	PF00743.26	Q9SXE1/GSOX3_ARATH/SV1	pfam_and_reference
GMO.00002516.v1.g583210.t1	FMO	Conjugation, transfer, and redox chemistry	FMO	435	459.9	3.3e-137	proteome_v1_exact	full_length	round2	GMO.00002516.v1.g583210.t1	true	true	PF00743.26	Q9SXE1/GSOX3_ARATH/SV1	pfam_and_reference
GMO.00000644.v1.g043570.t1	FMO	Conjugation, transfer, and redox chemistry	FMO	479	406.5	5.4e-121	proteome_v1_exact	full_length	round2	GMO.00000644.v1.g043570.t1	true	true	PF00743.26	Q9SXE1/GSOX3_ARATH/SV1	pfam_and_reference
GMO.00002294.v1.g446750.t1	FMO	Conjugation, transfer, and redox chemistry	FMO	479	406.5	5.4e-121	proteome_v1_exact	full_length	round2	GMO.00002294.v1.g446750.t1	true	true	PF00743.26	Q9SXE1/GSOX3_ARATH/SV1	pfam_and_reference
GMO.00001016.v1.g094210.t1	FMO	Conjugation, transfer, and redox chemistry	FMO	187	189.7	3e-55	proteome_v1_exact	full_length	round2	GMO.00001016.v1.g094210.t1	true	true	PF00743.26	Q9SXE1/GSOX3_ARATH/SV1	pfam_and_reference
GMO.00001811.v1.g249310.t1	FMO	Conjugation, transfer, and redox chemistry	FMO	517	159.3	3.7e-45	proteome_v1_exact	full_length	round2	GMO.00001811.v1.g249310.t1	true	true	PF00743.26	Q9SXE1/GSOX3_ARATH/SV1	pfam_and_reference
GMO.00002459.v1.g541570.t1	FMO	Conjugation, transfer, and redox chemistry	FMO	515	159.3	3.7e-45	proteome_v1_exact	full_length	round2	GMO.00002459.v1.g541570.t1	true	true	PF00743.26	Q9SXE1/GSOX3_ARATH/SV1	pfam_and_reference
GMO.00002427.v1.g529310.t1	FMO	Conjugation, transfer, and redox chemistry	FMO	520	148.2	8.8e-42	proteome_v1_exact	full_length	round2	GMO.00002427.v1.g529310.t1	true	true	PF00743.26	Q9SXE1/GSOX3_ARATH/SV1	pfam_and_reference
GMO.00002459.v1.g541560.t1	FMO	Conjugation, transfer, and redox chemistry	FMO	517	141.8	7.2e-40	proteome_v1_exact	full_length	round2	GMO.00002459.v1.g541560.t1	true	true	PF00743.26	Q9SXE1/GSOX3_ARATH/SV1	pfam_and_reference
GMO.00002511.v1.g578870.t1	FMO	Conjugation, transfer, and redox chemistry	FMO	457	141.2	1.1e-39	proteome_v1_exact	full_length	round2	GMO.00002511.v1.g578870.t1	true	true	PF00743.26	Q9SXE1/GSOX3_ARATH/SV1	pfam_and_reference
GMO.00001811.v1.g249320.t1	FMO	Conjugation, transfer, and redox chemistry	FMO	517	141.1	1.2e-39	proteome_v1_exact	full_length	round2	GMO.00001811.v1.g249320.t1	true	true	PF00743.26	Q9SXE1/GSOX3_ARATH/SV1	pfam_and_reference
GMO.00000174.v1.g002340.t2	FMO	Conjugation, transfer, and redox chemistry	FMO	430	120.8	1.8e-33	proteome_v1_exact	full_length	round2	GMO.00000174.v1.g002340.t2	true	true	PF00743.26	Q9SXE1/GSOX3_ARATH/SV1	pfam_and_reference
GMO.00002176.v1.g338000.t2	FMO	Conjugation, transfer, and redox chemistry	FMO	430	118.5	8.8e-33	proteome_v1_exact	full_length	round2	GMO.00002176.v1.g338000.t2	true	true	PF00743.26	Q9SXE1/GSOX3_ARATH/SV1	pfam_and_reference
GMO.00002364.v1.g513200.t1	FMO	Conjugation, transfer, and redox chemistry	FMO	537	118.2	1.1e-32	proteome_v1_exact	full_length	round2	GMO.00002364.v1.g513200.t1	true	true	PF00743.26	Q9SXE1/GSOX3_ARATH/SV1	pfam_and_reference
GMO.00002253.v1.g378900.t1	FMO	Conjugation, transfer, and redox chemistry	FMO	516	114.6	1.3e-31	proteome_v1_exact	full_length	round2	GMO.00002253.v1.g378900.t1	true	true	PF00743.26	Q9SXE1/GSOX3_ARATH/SV1	pfam_and_reference
GMO.00002497.v1.g564380.t1	FMO	Conjugation, transfer, and redox chemistry	FMO	426	105.0	1e-28	proteome_v1_exact	full_length	round2	GMO.00002497.v1.g564380.t1	true	true	PF00743.26	Q9SXE1/GSOX3_ARATH/SV1	pfam_and_reference
GMO.00002498.v1.g565740.t1	FMO	Conjugation, transfer, and redox chemistry	FMO	426	105.0	1e-28	proteome_v1_exact	full_length	round2	GMO.00002498.v1.g565740.t1	true	true	PF00743.26	Q9SXE1/GSOX3_ARATH/SV1	pfam_and_reference
GMO.00002656.v1.g656780.t1	FMO	Conjugation, transfer, and redox chemistry	FMO	525	104.3	1.7e-28	proteome_v1_exact	full_length	round2	GMO.00002656.v1.g656780.t1	true	false	PF00743.26		pfam_only
GMO.00001649.v1.g216600.t1	FMO	Conjugation, transfer, and redox chemistry	FMO	525	103.6	2.8e-28	proteome_v1_exact	full_length	round2	GMO.00001649.v1.g216600.t1	true	false	PF00743.26		pfam_only
GMO.00000992.v1.g090290.t1	FMO	Conjugation, transfer, and redox chemistry	FMO	398	98.9	7.3e-27	proteome_v1_exact	full_length	round2	GMO.00000992.v1.g090290.t1	true	false	PF00743.26		pfam_only
GMO.00002283.v1.g431800.t1	FMO	Conjugation, transfer, and redox chemistry	FMO	398	98.9	7.3e-27	proteome_v1_exact	full_length	round2	GMO.00002283.v1.g431800.t1	true	false	PF00743.26		pfam_only
GMO.00000332.v1.g008310.t1	FMO	Conjugation, transfer, and redox chemistry	FMO	418	95.9	6e-26	proteome_v1_exact	full_length	round2	GMO.00000332.v1.g008310.t1	true	true	PF00743.26	Q9SXE1/GSOX3_ARATH/SV1	pfam_and_reference
GMO.00002251.v1.g368480.t1	FMO	Conjugation, transfer, and redox chemistry	FMO	418	95.4	8.6e-26	proteome_v1_exact	full_length	round2	GMO.00002251.v1.g368480.t1	true	true	PF00743.26	Q9SXE1/GSOX3_ARATH/SV1	pfam_and_reference
GMO.00000332.v1.g008280.t1	FMO	Conjugation, transfer, and redox chemistry	FMO	426	91.8	1e-24	proteome_v1_exact	full_length	round2	GMO.00000332.v1.g008280.t1	true	false	PF00743.26		pfam_only
GMO.00002251.v1.g368460.t1	FMO	Conjugation, transfer, and redox chemistry	FMO	426	91.8	1e-24	proteome_v1_exact	full_length	round2	GMO.00002251.v1.g368460.t1	true	false	PF00743.26		pfam_only
GMO.00001607.v1.g210610.t1	FMO	Conjugation, transfer, and redox chemistry	FMO	488	91.4	1.4e-24	proteome_v1_exact	full_length	round2	GMO.00001607.v1.g210610.t1	true	false	PF00743.26		pfam_only
GMO.00000574.v1.g032780.t1	FMO	Conjugation, transfer, and redox chemistry	FMO	489	91.0	1.8e-24	proteome_v1_exact	full_length	round2	GMO.00000574.v1.g032780.t1	true	false	PF00743.26		pfam_only
GMO.00002453.v1.g540400.t1	FMO	Conjugation, transfer, and redox chemistry	FMO	400	84.3	2e-22	proteome_v1_exact	full_length	round2	GMO.00002453.v1.g540400.t1	true	true	PF00743.26	Q9SXE1/GSOX3_ARATH/SV1	pfam_and_reference
GMO.00002499.v1.g568070.t1	FMO	Conjugation, transfer, and redox chemistry	FMO	387	83.4	3.6e-22	proteome_v1_exact	full_length	round2	GMO.00002499.v1.g568070.t1	true	false	PF00743.26		pfam_only
GMO.00000732.v1.g060860.t1	FMO	Conjugation, transfer, and redox chemistry	FMO	387	82.9	5.2e-22	proteome_v1_exact	full_length	round2	GMO.00000732.v1.g060860.t1	true	false	PF00743.26		pfam_only
GMO.00002582.v1.g623990.t1	FMO	Conjugation, transfer, and redox chemistry	FMO	402	82.1	9.5e-22	proteome_v1_exact	full_length	round2	GMO.00002582.v1.g623990.t1	true	false	PF00743.26		pfam_only
GMO.00002459.v1.g541550.t2	FMO	Conjugation, transfer, and redox chemistry	FMO	382	80.6	2.6e-21	proteome_v1_exact	full_length	round2	GMO.00002459.v1.g541550.t2	true	false	PF00743.26		pfam_only
GMO.00000308.v1.g006490.t1	FMO	Conjugation, transfer, and redox chemistry	FMO	396	73.2	4.5e-19	proteome_v1_exact	full_length	round2	GMO.00000308.v1.g006490.t1	true	true	PF00743.26	Q9SXE1/GSOX3_ARATH/SV1	pfam_and_reference
GMO.00002218.v1.g364020.t1	FMO	Conjugation, transfer, and redox chemistry	FMO	396	73.1	5e-19	proteome_v1_exact	full_length	round2	GMO.00002218.v1.g364020.t1	true	true	PF00743.26	Q9SXE1/GSOX3_ARATH/SV1	pfam_and_reference
GMO.00001266.v1.g138900.t1	FMO	Conjugation, transfer, and redox chemistry	FMO	88	69.6	8e-19	proteome_v1_exact	full_length	round2	GMO.00001266.v1.g138900.t1	false	true		Q9SXE1/GSOX3_ARATH/SV1	reference_only
GMO.00002466.v1.g548230.t1	FMO	Conjugation, transfer, and redox chemistry	FMO	88	69.6	8e-19	proteome_v1_exact	full_length	round2	GMO.00002466.v1.g548230.t1	false	true		Q9SXE1/GSOX3_ARATH/SV1	reference_only
GMO.00001811.v1.g249330.t2	FMO	Conjugation, transfer, and redox chemistry	FMO	355	66.1	6.7e-17	proteome_v1_exact	full_length	round2	GMO.00001811.v1.g249330.t2	true	false	PF00743.26		pfam_only
GMO.00001649.v1.g216590.t1	FMO	Conjugation, transfer, and redox chemistry	FMO	378	51.5	1.7e-12	proteome_v1_exact	full_length	round2	GMO.00001649.v1.g216590.t1	true	false	PF00743.26		pfam_only
GMO.00002656.v1.g656790.t1	FMO	Conjugation, transfer, and redox chemistry	FMO	378	51.5	1.7e-12	proteome_v1_exact	full_length	round2	GMO.00002656.v1.g656790.t1	true	false	PF00743.26		pfam_only
GMO.00000720.v1.g052440.t2	GSH1	Sulfur amino-acid and glutathione supply	GSH1	526	974.1	4.7e-293	proteome_v1_exact	full_length	round2	GMO.00000720.v1.g052440.t2	true	true	PF04107.19	Q9ZNX6/GSH1_MEDTR/SV1	pfam_and_reference
GMO.00002767.v1.g678100.t2	GSH1	Sulfur amino-acid and glutathione supply	GSH1	526	973.6	6.5e-293	proteome_v1_exact	full_length	round2	GMO.00002767.v1.g678100.t2	true	true	PF04107.19	Q9ZNX6/GSH1_MEDTR/SV1	pfam_and_reference
GMO.00002216.v1.g346800.t2	GSH2	Sulfur amino-acid and glutathione supply	GSH2	553	839.7	2.1e-252	proteome_v1_exact	full_length	round2	GMO.00002216.v1.g346800.t2	true	true	PF03199.22;PF03917.24	O23732/GSHB_BRAJU/SV1	pfam_and_reference
GMO.00000872.v1.g079810.t1	OASTL	Sulfur amino-acid and glutathione supply	OASTL	385	623.8	2.9e-187	proteome_v1_exact	full_length	round2	GMO.00000872.v1.g079810.t1	true	true	PF00291.32	P47999/CYSKP_ARATH/SV2	pfam_and_reference
GMO.00002319.v1.g473590.t1	OASTL	Sulfur amino-acid and glutathione supply	OASTL	385	623.1	4.7e-187	proteome_v1_exact	full_length	round2	GMO.00002319.v1.g473590.t1	true	true	PF00291.32	P47999/CYSKP_ARATH/SV2	pfam_and_reference
GMO.00002216.v1.g357410.t1	OASTL	Sulfur amino-acid and glutathione supply	OASTL	326	528.5	2.6e-158	proteome_v1_exact	full_length	round2	GMO.00002216.v1.g357410.t1	true	true	PF00291.32	P47999/CYSKP_ARATH/SV2	pfam_and_reference
GMO.00002216.v1.g357860.t1	OASTL	Sulfur amino-acid and glutathione supply	OASTL	327	511.3	4.3e-153	proteome_v1_exact	full_length	round2	GMO.00002216.v1.g357860.t1	true	true	PF00291.32	P47999/CYSKP_ARATH/SV2	pfam_and_reference
GMO.00002216.v1.g357420.t1	OASTL	Sulfur amino-acid and glutathione supply	OASTL	324	510.1	1e-152	proteome_v1_exact	full_length	round2	GMO.00002216.v1.g357420.t1	true	true	PF00291.32	P47999/CYSKP_ARATH/SV2	pfam_and_reference
GMO.00002216.v1.g357480.t1	OASTL	Sulfur amino-acid and glutathione supply	OASTL	324	503.5	1e-150	proteome_v1_exact	full_length	round2	GMO.00002216.v1.g357480.t1	true	true	PF00291.32	P47999/CYSKP_ARATH/SV2	pfam_and_reference
GMO.00002216.v1.g357430.t1	OASTL	Sulfur amino-acid and glutathione supply	OASTL	324	496.4	1.5e-148	proteome_v1_exact	full_length	round2	GMO.00002216.v1.g357430.t1	true	true	PF00291.32	P47999/CYSKP_ARATH/SV2	pfam_and_reference
GMO.00002176.v1.g310720.t1	OASTL	Sulfur amino-acid and glutathione supply	OASTL	375	459.8	2e-137	proteome_v1_exact	full_length	round2	GMO.00002176.v1.g310720.t1	true	true	PF00291.32	P47999/CYSKP_ARATH/SV2	pfam_and_reference
GMO.00000840.v1.g073890.t1	OASTL	Sulfur amino-acid and glutathione supply	OASTL	382	443.4	1.9e-132	proteome_v1_exact	full_length	round2	GMO.00000840.v1.g073890.t1	true	true	PF00291.32	P47999/CYSKP_ARATH/SV2	pfam_and_reference
GMO.00002319.v1.g460770.t1	OASTL	Sulfur amino-acid and glutathione supply	OASTL	382	443.4	1.9e-132	proteome_v1_exact	full_length	round2	GMO.00002319.v1.g460770.t1	true	true	PF00291.32	P47999/CYSKP_ARATH/SV2	pfam_and_reference
GMO.00001690.v1.g223580.t3	OASTL	Sulfur amino-acid and glutathione supply	OASTL	613	268.9	1.6e-78	proteome_v1_exact	full_length	round2	GMO.00001690.v1.g223580.t3	true	false	PF00291.32		pfam_only
GMO.00002465.v1.g546840.t2	OASTL	Sulfur amino-acid and glutathione supply	OASTL	613	267.3	5.1e-78	proteome_v1_exact	full_length	round2	GMO.00002465.v1.g546840.t2	true	false	PF00291.32		pfam_only
GMO.00000720.v1.g052100.t1	OASTL	Sulfur amino-acid and glutathione supply	OASTL	338	257.0	7.1e-75	proteome_v1_exact	full_length	round2	GMO.00000720.v1.g052100.t1	true	false	PF00291.32		pfam_only
GMO.00002767.v1.g678500.t1	OASTL	Sulfur amino-acid and glutathione supply	OASTL	338	257.0	7.1e-75	proteome_v1_exact	full_length	round2	GMO.00002767.v1.g678500.t1	true	false	PF00291.32		pfam_only
GMO.00000720.v1.g052080.t1	OASTL	Sulfur amino-acid and glutathione supply	OASTL	335	255.5	2e-74	proteome_v1_exact	full_length	round2	GMO.00000720.v1.g052080.t1	true	false	PF00291.32		pfam_only
GMO.00002767.v1.g678520.t1	OASTL	Sulfur amino-acid and glutathione supply	OASTL	335	255.5	2e-74	proteome_v1_exact	full_length	round2	GMO.00002767.v1.g678520.t1	true	false	PF00291.32		pfam_only
GMO.00002423.v1.g524030.t1	OASTL	Sulfur amino-acid and glutathione supply	OASTL	414	226.7	1.2e-65	proteome_v1_exact	full_length	round2	GMO.00002423.v1.g524030.t1	true	true	PF00291.32	P47999/CYSKP_ARATH/SV2	pfam_and_reference
GMO.00001712.v1.g229790.t1	OASTL	Sulfur amino-acid and glutathione supply	OASTL	414	224.8	4.5e-65	proteome_v1_exact	full_length	round2	GMO.00001712.v1.g229790.t1	true	true	PF00291.32	P47999/CYSKP_ARATH/SV2	pfam_and_reference
GMO.00001642.v1.g216320.t1	OASTL	Sulfur amino-acid and glutathione supply	OASTL	520	178.0	8.3e-51	proteome_v1_exact	full_length	round2	GMO.00001642.v1.g216320.t1	true	false	PF00291.32		pfam_only
GMO.00002652.v1.g655400.t1	OASTL	Sulfur amino-acid and glutathione supply	OASTL	520	177.9	8.4e-51	proteome_v1_exact	full_length	round2	GMO.00002652.v1.g655400.t1	true	false	PF00291.32		pfam_only
GMO.00000872.v1.g080230.t1	OASTL	Sulfur amino-acid and glutathione supply	OASTL	465	154.6	1.1e-43	proteome_v1_exact	full_length	round2	GMO.00000872.v1.g080230.t1	true	false	PF00291.32		pfam_only
GMO.00002319.v1.g473200.t1	OASTL	Sulfur amino-acid and glutathione supply	OASTL	465	154.6	1.1e-43	proteome_v1_exact	full_length	round2	GMO.00002319.v1.g473200.t1	true	false	PF00291.32		pfam_only
GMO.00000827.v1.g069910.t2	OASTL	Sulfur amino-acid and glutathione supply	OASTL	442	150.6	1.9e-42	proteome_v1_exact	full_length	round2	GMO.00000827.v1.g069910.t2	true	false	PF00291.32		pfam_only
GMO.00002319.v1.g469870.t1	OASTL	Sulfur amino-acid and glutathione supply	OASTL	468	150.0	2.7e-42	proteome_v1_exact	full_length	round2	GMO.00002319.v1.g469870.t1	true	false	PF00291.32		pfam_only
GMO.00000748.v1.g066030.t1	OASTL	Sulfur amino-acid and glutathione supply	OASTL	505	127.3	2.3e-35	proteome_v1_exact	full_length	round2	GMO.00000748.v1.g066030.t1	true	false	PF00291.32		pfam_only
GMO.00001343.v1.g154890.t1	OASTL	Sulfur amino-acid and glutathione supply	OASTL	505	127.3	2.3e-35	proteome_v1_exact	full_length	round2	GMO.00001343.v1.g154890.t1	true	false	PF00291.32		pfam_only
GMO.00002449.v1.g533950.t1	OASTL	Sulfur amino-acid and glutathione supply	OASTL	505	127.3	2.3e-35	proteome_v1_exact	full_length	round2	GMO.00002449.v1.g533950.t1	true	false	PF00291.32		pfam_only
GMO.00002449.v1.g534010.t1	OASTL	Sulfur amino-acid and glutathione supply	OASTL	505	127.3	2.3e-35	proteome_v1_exact	full_length	round2	GMO.00002449.v1.g534010.t1	true	false	PF00291.32		pfam_only
GMO.00002450.v1.g534050.t1	OASTL	Sulfur amino-acid and glutathione supply	OASTL	505	127.3	2.3e-35	proteome_v1_exact	full_length	round2	GMO.00002450.v1.g534050.t1	true	false	PF00291.32		pfam_only
GMO.00002452.v1.g534150.t1	OASTL	Sulfur amino-acid and glutathione supply	OASTL	505	127.3	2.3e-35	proteome_v1_exact	full_length	round2	GMO.00002452.v1.g534150.t1	true	false	PF00291.32		pfam_only
GMO.00001223.v1.g121830.t2	OASTL	Sulfur amino-acid and glutathione supply	OASTL	376	127.0	2.8e-35	proteome_v1_exact	full_length	round2	GMO.00001223.v1.g121830.t2	true	false	PF00291.32		pfam_only
GMO.00002523.v1.g604010.t2	OASTL	Sulfur amino-acid and glutathione supply	OASTL	376	126.5	4.1e-35	proteome_v1_exact	full_length	round2	GMO.00002523.v1.g604010.t2	true	false	PF00291.32		pfam_only
GMO.00002271.v1.g395330.t1	OASTL	Sulfur amino-acid and glutathione supply	OASTL	78	116.6	4.4e-33	proteome_v1_exact	full_length	round2	GMO.00002271.v1.g395330.t1	true	true	PF00291.32	P47999/CYSKP_ARATH/SV2	pfam_and_reference
GMO.00001216.v1.g120820.t2	Rhodanese	Conjugation, transfer, and redox chemistry	Rhodanese	131	154.3	5.1e-45	proteome_v1_exact	full_length	round2	GMO.00001216.v1.g120820.t2	true	true	PF00581.26	Q9FKW8/STR18_ARATH/SV1	pfam_and_reference
GMO.00002460.v1.g545440.t2	Rhodanese	Conjugation, transfer, and redox chemistry	Rhodanese	131	148.8	2.6e-43	proteome_v1_exact	full_length	round2	GMO.00002460.v1.g545440.t2	true	true	PF00581.26	Q9FKW8/STR18_ARATH/SV1	pfam_and_reference
GMO.00002276.v1.g412110.t1	Rhodanese	Conjugation, transfer, and redox chemistry	Rhodanese	137	119.4	3.1e-34	proteome_v1_exact	full_length	round2	GMO.00002276.v1.g412110.t1	true	true	PF00581.26	Q9FKW8/STR18_ARATH/SV1	pfam_and_reference
GMO.00002275.v1.g406150.t1	Rhodanese	Conjugation, transfer, and redox chemistry	Rhodanese	137	118.0	8.9e-34	proteome_v1_exact	full_length	round2	GMO.00002275.v1.g406150.t1	true	true	PF00581.26	Q9FKW8/STR18_ARATH/SV1	pfam_and_reference
GMO.00001346.v1.g164200.t2	Rhodanese	Conjugation, transfer, and redox chemistry	Rhodanese	176	104.2	1.6e-29	proteome_v1_exact	full_length	round2	GMO.00001346.v1.g164200.t2	true	true	PF00581.26	Q9FKW8/STR18_ARATH/SV1	pfam_and_reference
GMO.00002495.v1.g560280.t2	Rhodanese	Conjugation, transfer, and redox chemistry	Rhodanese	176	104.2	1.6e-29	proteome_v1_exact	full_length	round2	GMO.00002495.v1.g560280.t2	true	true	PF00581.26	Q9FKW8/STR18_ARATH/SV1	pfam_and_reference
GMO.00000892.v1.g082630.t2	Rhodanese	Conjugation, transfer, and redox chemistry	Rhodanese	176	103.9	2e-29	proteome_v1_exact	full_length	round2	GMO.00000892.v1.g082630.t2	true	true	PF00581.26	Q9FKW8/STR18_ARATH/SV1	pfam_and_reference
GMO.00002453.v1.g535350.t2	Rhodanese	Conjugation, transfer, and redox chemistry	Rhodanese	176	103.9	2e-29	proteome_v1_exact	full_length	round2	GMO.00002453.v1.g535350.t2	true	true	PF00581.26	Q9FKW8/STR18_ARATH/SV1	pfam_and_reference
GMO.00001021.v1.g094570.t1	Rhodanese	Conjugation, transfer, and redox chemistry	Rhodanese	380	100.2	2.3e-27	proteome_v1_exact	full_length	round2	GMO.00001021.v1.g094570.t1	true	false	PF00581.26		pfam_only
GMO.00002515.v1.g580970.t1	Rhodanese	Conjugation, transfer, and redox chemistry	Rhodanese	380	100.2	2.3e-27	proteome_v1_exact	full_length	round2	GMO.00002515.v1.g580970.t1	true	false	PF00581.26		pfam_only
GMO.00001111.v1.g108120.t1	Rhodanese	Conjugation, transfer, and redox chemistry	Rhodanese	237	59.9	8.4e-15	proteome_v1_exact	full_length	round2	GMO.00001111.v1.g108120.t1	true	false	PF00581.26		pfam_only
GMO.00001533.v1.g194870.t1	Rhodanese	Conjugation, transfer, and redox chemistry	Rhodanese	135	51.9	2.6e-12	proteome_v1_exact	full_length	round2	GMO.00001533.v1.g194870.t1	true	false	PF00581.26		pfam_only
GMO.00002468.v1.g548470.t1	Rhodanese	Conjugation, transfer, and redox chemistry	Rhodanese	135	51.9	2.6e-12	proteome_v1_exact	full_length	round2	GMO.00002468.v1.g548470.t1	true	false	PF00581.26		pfam_only
GMO.00000508.v1.g011520.t1	Rhodanese	Conjugation, transfer, and redox chemistry	Rhodanese	180	51.4	3.7e-12	proteome_v1_exact	full_length	round2	GMO.00000508.v1.g011520.t1	true	false	PF00581.26		pfam_only
GMO.00000623.v1.g042320.t1	Rhodanese	Conjugation, transfer, and redox chemistry	Rhodanese	180	51.4	3.7e-12	proteome_v1_exact	full_length	round2	GMO.00000623.v1.g042320.t1	true	false	PF00581.26		pfam_only
GMO.00002277.v1.g421280.t1	Rhodanese	Conjugation, transfer, and redox chemistry	Rhodanese	180	51.4	3.7e-12	proteome_v1_exact	full_length	round2	GMO.00002277.v1.g421280.t1	true	false	PF00581.26		pfam_only
GMO.00001197.v1.g118740.t1	SAMS	Sulfur amino-acid and glutathione supply	SAMS	394	887.5	2.9e-267	proteome_v1_exact	full_length	round2	GMO.00001197.v1.g118740.t1	true	true	PF00438.26;PF02772.22;PF02773.22	Q9AT56/METK1_ELAUM/SV1	pfam_and_reference
GMO.00002460.v1.g543920.t1	SAMS	Sulfur amino-acid and glutathione supply	SAMS	394	887.5	2.9e-267	proteome_v1_exact	full_length	round2	GMO.00002460.v1.g543920.t1	true	true	PF00438.26;PF02772.22;PF02773.22	Q9AT56/METK1_ELAUM/SV1	pfam_and_reference
GMO.00002274.v1.g402770.t1	SULT	Conjugation, transfer, and redox chemistry	SULT	352	281.7	2.4e-83	proteome_v1_exact	full_length	round2	GMO.00002274.v1.g402770.t1	true	true	PF00685.34	Q9C9D0/SOT16_ARATH/SV1	pfam_and_reference
GMO.00002304.v1.g451310.t1	SULT	Conjugation, transfer, and redox chemistry	SULT	352	281.7	2.4e-83	proteome_v1_exact	full_length	round2	GMO.00002304.v1.g451310.t1	true	true	PF00685.34	Q9C9D0/SOT16_ARATH/SV1	pfam_and_reference
GMO.00001056.v1.g098650.t1	SULT	Conjugation, transfer, and redox chemistry	SULT	313	280.7	4.9e-83	proteome_v1_exact	full_length	round2	GMO.00001056.v1.g098650.t1	true	true	PF00685.34	Q9C9D0/SOT16_ARATH/SV1	pfam_and_reference
GMO.00002363.v1.g509930.t1	SULT	Conjugation, transfer, and redox chemistry	SULT	312	278.4	2.5e-82	proteome_v1_exact	full_length	round2	GMO.00002363.v1.g509930.t1	true	true	PF00685.34	Q9C9D0/SOT16_ARATH/SV1	pfam_and_reference
GMO.00002363.v1.g509940.t1	SULT	Conjugation, transfer, and redox chemistry	SULT	313	278.3	2.7e-82	proteome_v1_exact	full_length	round2	GMO.00002363.v1.g509940.t1	true	true	PF00685.34	Q9C9D0/SOT16_ARATH/SV1	pfam_and_reference
GMO.00001111.v1.g109930.t1	SULT	Conjugation, transfer, and redox chemistry	SULT	311	266.2	1.3e-78	proteome_v1_exact	full_length	round2	GMO.00001111.v1.g109930.t1	true	true	PF00685.34	Q9C9D0/SOT16_ARATH/SV1	pfam_and_reference
GMO.00001252.v1.g134800.t1	SULT	Conjugation, transfer, and redox chemistry	SULT	329	261.9	2.6e-77	proteome_v1_exact	full_length	round2	GMO.00001252.v1.g134800.t1	true	true	PF00685.34	Q9C9D0/SOT16_ARATH/SV1	pfam_and_reference
GMO.00002631.v1.g641180.t1	SULT	Conjugation, transfer, and redox chemistry	SULT	331	261.6	3.3e-77	proteome_v1_exact	full_length	round2	GMO.00002631.v1.g641180.t1	true	true	PF00685.34	Q9C9D0/SOT16_ARATH/SV1	pfam_and_reference
GMO.00001056.v1.g097290.t1	SULT	Conjugation, transfer, and redox chemistry	SULT	342	258.9	2.1e-76	proteome_v1_exact	full_length	round2	GMO.00001056.v1.g097290.t1	true	true	PF00685.34	Q9C9D0/SOT16_ARATH/SV1	pfam_and_reference
GMO.00002364.v1.g511360.t1	SULT	Conjugation, transfer, and redox chemistry	SULT	342	257.0	7.9e-76	proteome_v1_exact	full_length	round2	GMO.00002364.v1.g511360.t1	true	true	PF00685.34	Q9C9D0/SOT16_ARATH/SV1	pfam_and_reference
GMO.00001056.v1.g097330.t1	SULT	Conjugation, transfer, and redox chemistry	SULT	339	254.8	3.8e-75	proteome_v1_exact	full_length	round2	GMO.00001056.v1.g097330.t1	true	true	PF00685.34	Q9C9D0/SOT16_ARATH/SV1	pfam_and_reference
GMO.00002176.v1.g309640.t1	SULT	Conjugation, transfer, and redox chemistry	SULT	336	248.1	4e-73	proteome_v1_exact	full_length	round2	GMO.00002176.v1.g309640.t1	true	true	PF00685.34	Q9C9D0/SOT16_ARATH/SV1	pfam_and_reference
GMO.00002176.v1.g309650.t1	SULT	Conjugation, transfer, and redox chemistry	SULT	357	246.8	6.9e-72	proteome_v1_exact	full_length	round2	GMO.00002176.v1.g309650.t1	true	true	PF00685.34	Q9C9D0/SOT16_ARATH/SV1	pfam_and_reference
GMO.00002176.v1.g309600.t1	SULT	Conjugation, transfer, and redox chemistry	SULT	342	245.5	2.6e-72	proteome_v1_exact	full_length	round2	GMO.00002176.v1.g309600.t1	true	true	PF00685.34	Q9C9D0/SOT16_ARATH/SV1	pfam_and_reference
GMO.00002176.v1.g309610.t1	SULT	Conjugation, transfer, and redox chemistry	SULT	332	245.3	2.1e-71	proteome_v1_exact	full_length	round2	GMO.00002176.v1.g309610.t1	true	true	PF00685.34	Q9C9D0/SOT16_ARATH/SV1	pfam_and_reference
GMO.00002176.v1.g309620.t1	SULT	Conjugation, transfer, and redox chemistry	SULT	348	233.8	8.8e-69	proteome_v1_exact	full_length	round2	GMO.00002176.v1.g309620.t1	true	true	PF00685.34	Q9C9D0/SOT16_ARATH/SV1	pfam_and_reference
GMO.00001056.v1.g098350.t1	SULT	Conjugation, transfer, and redox chemistry	SULT	301	231.4	4.9e-68	proteome_v1_exact	full_length	round2	GMO.00001056.v1.g098350.t1	true	true	PF00685.34	Q9C9D0/SOT16_ARATH/SV1	pfam_and_reference
GMO.00002363.v1.g510350.t1	SULT	Conjugation, transfer, and redox chemistry	SULT	301	223.5	1.3e-65	proteome_v1_exact	full_length	round2	GMO.00002363.v1.g510350.t1	true	true	PF00685.34	Q9C9D0/SOT16_ARATH/SV1	pfam_and_reference
GMO.00001111.v1.g112250.t1	SULT	Conjugation, transfer, and redox chemistry	SULT	240	195.9	2.3e-56	proteome_v1_exact	full_length	round2	GMO.00001111.v1.g112250.t1	true	true	PF00685.34	Q9C9D0/SOT16_ARATH/SV1	pfam_and_reference
GMO.00001056.v1.g098640.t1	SULT	Conjugation, transfer, and redox chemistry	SULT	96	78.2	1.9e-21	proteome_v1_exact	full_length	round2	GMO.00001056.v1.g098640.t1	true	true	PF00685.34	Q9C9D0/SOT16_ARATH/SV1	pfam_and_reference
GMO.00002363.v1.g509990.t1	SULT	Conjugation, transfer, and redox chemistry	SULT	96	78.2	1.9e-21	proteome_v1_exact	full_length	round2	GMO.00002363.v1.g509990.t1	true	true	PF00685.34	Q9C9D0/SOT16_ARATH/SV1	pfam_and_reference
GMO.00002363.v1.g509960.t1	SULT	Conjugation, transfer, and redox chemistry	SULT	72	57.5	3.7e-15	proteome_v1_exact	full_length	round2	GMO.00002363.v1.g509960.t1	false	true		Q9C9D0/SOT16_ARATH/SV1	reference_only
GMO.00001605.v1.g208780.t1	UGT	Conjugation, transfer, and redox chemistry	UGT	455	519.2	2.3e-155	proteome_v1_exact	full_length	round2	GMO.00001605.v1.g208780.t1	true	true	PF00201.25	O48676/U74B1_ARATH/SV1	pfam_and_reference
GMO.00001665.v1.g217040.t1	UGT	Conjugation, transfer, and redox chemistry	UGT	455	519.2	2.3e-155	proteome_v1_exact	full_length	round2	GMO.00001665.v1.g217040.t1	true	true	PF00201.25	O48676/U74B1_ARATH/SV1	pfam_and_reference
GMO.00001355.v1.g166210.t1	UGT	Conjugation, transfer, and redox chemistry	UGT	471	419.4	4.2e-125	proteome_v1_exact	full_length	round2	GMO.00001355.v1.g166210.t1	true	true	PF00201.25	O48676/U74B1_ARATH/SV1	pfam_and_reference
GMO.00002290.v1.g442820.t1	UGT	Conjugation, transfer, and redox chemistry	UGT	471	414.9	9.5e-124	proteome_v1_exact	full_length	round2	GMO.00002290.v1.g442820.t1	true	true	PF00201.25	O48676/U74B1_ARATH/SV1	pfam_and_reference
GMO.00000872.v1.g079670.t1	UGT	Conjugation, transfer, and redox chemistry	UGT	481	380.6	2.5e-113	proteome_v1_exact	full_length	round2	GMO.00000872.v1.g079670.t1	true	true	PF00201.25	O48676/U74B1_ARATH/SV1	pfam_and_reference
GMO.00002319.v1.g473720.t2	UGT	Conjugation, transfer, and redox chemistry	UGT	476	380.4	2.9e-113	proteome_v1_exact	full_length	round2	GMO.00002319.v1.g473720.t2	true	true	PF00201.25	O48676/U74B1_ARATH/SV1	pfam_and_reference
GMO.00002176.v1.g339790.t1	UGT	Conjugation, transfer, and redox chemistry	UGT	492	245.2	2.9e-72	proteome_v1_exact	full_length	round2	GMO.00002176.v1.g339790.t1	true	true	PF00201.25	O48676/U74B1_ARATH/SV1	pfam_and_reference
GMO.00000193.v1.g004670.t1	UGT	Conjugation, transfer, and redox chemistry	UGT	499	242.9	1.4e-71	proteome_v1_exact	full_length	round2	GMO.00000193.v1.g004670.t1	true	true	PF00201.25	O48676/U74B1_ARATH/SV1	pfam_and_reference
GMO.00002176.v1.g339580.t1	UGT	Conjugation, transfer, and redox chemistry	UGT	472	220.7	7.7e-65	proteome_v1_exact	full_length	round2	GMO.00002176.v1.g339580.t1	true	true	PF00201.25	O48676/U74B1_ARATH/SV1	pfam_and_reference
GMO.00002176.v1.g339780.t1	UGT	Conjugation, transfer, and redox chemistry	UGT	491	220.3	1.1e-64	proteome_v1_exact	full_length	round2	GMO.00002176.v1.g339780.t1	true	true	PF00201.25	O48676/U74B1_ARATH/SV1	pfam_and_reference
GMO.00002176.v1.g339800.t1	UGT	Conjugation, transfer, and redox chemistry	UGT	504	216.0	2.1e-63	proteome_v1_exact	full_length	round2	GMO.00002176.v1.g339800.t1	true	true	PF00201.25	O48676/U74B1_ARATH/SV1	pfam_and_reference
GMO.00000193.v1.g004470.t1	UGT	Conjugation, transfer, and redox chemistry	UGT	473	214.7	5.2e-63	proteome_v1_exact	full_length	round2	GMO.00000193.v1.g004470.t1	true	true	PF00201.25	O48676/U74B1_ARATH/SV1	pfam_and_reference
GMO.00000193.v1.g004660.t1	UGT	Conjugation, transfer, and redox chemistry	UGT	491	213.2	1.5e-62	proteome_v1_exact	full_length	round2	GMO.00000193.v1.g004660.t1	true	true	PF00201.25	O48676/U74B1_ARATH/SV1	pfam_and_reference
GMO.00002176.v1.g339720.t1	UGT	Conjugation, transfer, and redox chemistry	UGT	472	193.9	1.1e-56	proteome_v1_exact	full_length	round2	GMO.00002176.v1.g339720.t1	true	true	PF00201.25	O48676/U74B1_ARATH/SV1	pfam_and_reference
GMO.00000193.v1.g004620.t1	UGT	Conjugation, transfer, and redox chemistry	UGT	474	193.5	1.4e-56	proteome_v1_exact	full_length	round2	GMO.00000193.v1.g004620.t1	true	true	PF00201.25	O48676/U74B1_ARATH/SV1	pfam_and_reference
GMO.00002176.v1.g339730.t1	UGT	Conjugation, transfer, and redox chemistry	UGT	557	184.6	7.2e-54	proteome_v1_exact	full_length	round2	GMO.00002176.v1.g339730.t1	true	true	PF00201.25	O48676/U74B1_ARATH/SV1	pfam_and_reference
GMO.00002275.v1.g406190.t1	UGT	Conjugation, transfer, and redox chemistry	UGT	498	181.9	4.7e-53	proteome_v1_exact	full_length	round2	GMO.00002275.v1.g406190.t1	true	true	PF00201.25	O48676/U74B1_ARATH/SV1	pfam_and_reference
GMO.00002276.v1.g412050.t1	UGT	Conjugation, transfer, and redox chemistry	UGT	498	181.9	4.7e-53	proteome_v1_exact	full_length	round2	GMO.00002276.v1.g412050.t1	true	true	PF00201.25	O48676/U74B1_ARATH/SV1	pfam_and_reference
GMO.00002468.v1.g548850.t1	UGT	Conjugation, transfer, and redox chemistry	UGT	493	181.2	7.6e-53	proteome_v1_exact	full_length	round2	GMO.00002468.v1.g548850.t1	true	true	PF00201.25	O48676/U74B1_ARATH/SV1	pfam_and_reference
GMO.00002276.v1.g412090.t1	UGT	Conjugation, transfer, and redox chemistry	UGT	498	181.1	8.2e-53	proteome_v1_exact	full_length	round2	GMO.00002276.v1.g412090.t1	true	true	PF00201.25	O48676/U74B1_ARATH/SV1	pfam_and_reference
GMO.00001343.v1.g156040.t1	UGT	Conjugation, transfer, and redox chemistry	UGT	458	181.0	8.5e-53	proteome_v1_exact	full_length	round2	GMO.00001343.v1.g156040.t1	true	true	PF00201.25	O48676/U74B1_ARATH/SV1	pfam_and_reference
GMO.00001399.v1.g180070.t1	UGT	Conjugation, transfer, and redox chemistry	UGT	458	180.5	1.2e-52	proteome_v1_exact	full_length	round2	GMO.00001399.v1.g180070.t1	true	true	PF00201.25	O48676/U74B1_ARATH/SV1	pfam_and_reference
GMO.00001247.v1.g133930.t1	UGT	Conjugation, transfer, and redox chemistry	UGT	493	179.2	3.2e-52	proteome_v1_exact	full_length	round2	GMO.00001247.v1.g133930.t1	true	true	PF00201.25	O48676/U74B1_ARATH/SV1	pfam_and_reference
GMO.00002176.v1.g339760.t1	UGT	Conjugation, transfer, and redox chemistry	UGT	292	177.9	7.8e-52	proteome_v1_exact	full_length	round2	GMO.00002176.v1.g339760.t1	true	true	PF00201.25	O48676/U74B1_ARATH/SV1	pfam_and_reference
GMO.00002275.v1.g406170.t1	UGT	Conjugation, transfer, and redox chemistry	UGT	498	177.6	9.4e-52	proteome_v1_exact	full_length	round2	GMO.00002275.v1.g406170.t1	true	true	PF00201.25	O48676/U74B1_ARATH/SV1	pfam_and_reference
GMO.00001227.v1.g123860.t1	UGT	Conjugation, transfer, and redox chemistry	UGT	483	177.4	1.1e-51	proteome_v1_exact	full_length	round2	GMO.00001227.v1.g123860.t1	true	true	PF00201.25	O48676/U74B1_ARATH/SV1	pfam_and_reference
GMO.00001247.v1.g133910.t2	UGT	Conjugation, transfer, and redox chemistry	UGT	482	174.6	7.6e-51	proteome_v1_exact	full_length	round2	GMO.00001247.v1.g133910.t2	true	true	PF00201.25	O48676/U74B1_ARATH/SV1	pfam_and_reference
GMO.00002468.v1.g548950.t2	UGT	Conjugation, transfer, and redox chemistry	UGT	482	173.4	1.7e-50	proteome_v1_exact	full_length	round2	GMO.00002468.v1.g548950.t2	true	true	PF00201.25	O48676/U74B1_ARATH/SV1	pfam_and_reference
GMO.00001177.v1.g117200.t1	UGT	Conjugation, transfer, and redox chemistry	UGT	479	173.2	2e-50	proteome_v1_exact	full_length	round2	GMO.00001177.v1.g117200.t1	true	true	PF00201.25	O48676/U74B1_ARATH/SV1	pfam_and_reference
GMO.00002283.v1.g427500.t1	UGT	Conjugation, transfer, and redox chemistry	UGT	485	172.6	3.2e-50	proteome_v1_exact	full_length	round2	GMO.00002283.v1.g427500.t1	true	true	PF00201.25	O48676/U74B1_ARATH/SV1	pfam_and_reference
GMO.00002283.v1.g427450.t1	UGT	Conjugation, transfer, and redox chemistry	UGT	484	171.5	6.8e-50	proteome_v1_exact	full_length	round2	GMO.00002283.v1.g427450.t1	true	true	PF00201.25	O48676/U74B1_ARATH/SV1	pfam_and_reference
GMO.00002468.v1.g548890.t1	UGT	Conjugation, transfer, and redox chemistry	UGT	493	171.5	6.8e-50	proteome_v1_exact	full_length	round2	GMO.00002468.v1.g548890.t1	true	true	PF00201.25	O48676/U74B1_ARATH/SV1	pfam_and_reference
GMO.00002354.v1.g499010.t1	UGT	Conjugation, transfer, and redox chemistry	UGT	479	171.4	7e-50	proteome_v1_exact	full_length	round2	GMO.00002354.v1.g499010.t1	true	true	PF00201.25	O48676/U74B1_ARATH/SV1	pfam_and_reference
GMO.00000895.v1.g084000.t1	UGT	Conjugation, transfer, and redox chemistry	UGT	476	171.1	9e-50	proteome_v1_exact	full_length	round2	GMO.00000895.v1.g084000.t1	true	true	PF00201.25	O48676/U74B1_ARATH/SV1	pfam_and_reference
GMO.00002453.v1.g537990.t1	UGT	Conjugation, transfer, and redox chemistry	UGT	486	169.8	2.1e-49	proteome_v1_exact	full_length	round2	GMO.00002453.v1.g537990.t1	true	true	PF00201.25	O48676/U74B1_ARATH/SV1	pfam_and_reference
GMO.00001227.v1.g123890.t1	UGT	Conjugation, transfer, and redox chemistry	UGT	485	169.5	2.7e-49	proteome_v1_exact	full_length	round2	GMO.00001227.v1.g123890.t1	true	true	PF00201.25	O48676/U74B1_ARATH/SV1	pfam_and_reference
GMO.00002275.v1.g406180.t1	UGT	Conjugation, transfer, and redox chemistry	UGT	499	169.2	3.4e-49	proteome_v1_exact	full_length	round2	GMO.00002275.v1.g406180.t1	true	true	PF00201.25	O48676/U74B1_ARATH/SV1	pfam_and_reference
GMO.00002276.v1.g412060.t1	UGT	Conjugation, transfer, and redox chemistry	UGT	499	169.2	3.4e-49	proteome_v1_exact	full_length	round2	GMO.00002276.v1.g412060.t1	true	true	PF00201.25	O48676/U74B1_ARATH/SV1	pfam_and_reference
GMO.00001227.v1.g123830.t1	UGT	Conjugation, transfer, and redox chemistry	UGT	485	167.3	1.3e-48	proteome_v1_exact	full_length	round2	GMO.00001227.v1.g123830.t1	true	true	PF00201.25	O48676/U74B1_ARATH/SV1	pfam_and_reference
GMO.00000895.v1.g083980.t1	UGT	Conjugation, transfer, and redox chemistry	UGT	486	166.6	2e-48	proteome_v1_exact	full_length	round2	GMO.00000895.v1.g083980.t1	true	true	PF00201.25	O48676/U74B1_ARATH/SV1	pfam_and_reference
GMO.00001399.v1.g180040.t1	UGT	Conjugation, transfer, and redox chemistry	UGT	463	166.0	3.1e-48	proteome_v1_exact	full_length	round2	GMO.00001399.v1.g180040.t1	true	true	PF00201.25	O48676/U74B1_ARATH/SV1	pfam_and_reference
GMO.00001694.v1.g224810.t1	UGT	Conjugation, transfer, and redox chemistry	UGT	478	165.3	5.2e-48	proteome_v1_exact	full_length	round2	GMO.00001694.v1.g224810.t1	true	true	PF00201.25	O48676/U74B1_ARATH/SV1	pfam_and_reference
GMO.00002555.v1.g617440.t1	UGT	Conjugation, transfer, and redox chemistry	UGT	478	165.3	5.2e-48	proteome_v1_exact	full_length	round2	GMO.00002555.v1.g617440.t1	true	true	PF00201.25	O48676/U74B1_ARATH/SV1	pfam_and_reference
GMO.00002453.v1.g537940.t1	UGT	Conjugation, transfer, and redox chemistry	UGT	483	164.4	9.5e-48	proteome_v1_exact	full_length	round2	GMO.00002453.v1.g537940.t1	true	true	PF00201.25	O48676/U74B1_ARATH/SV1	pfam_and_reference
GMO.00001343.v1.g155980.t1	UGT	Conjugation, transfer, and redox chemistry	UGT	463	163.1	2.3e-47	proteome_v1_exact	full_length	round2	GMO.00001343.v1.g155980.t1	true	true	PF00201.25	O48676/U74B1_ARATH/SV1	pfam_and_reference
GMO.00001177.v1.g117170.t1	UGT	Conjugation, transfer, and redox chemistry	UGT	471	161.5	7.5e-47	proteome_v1_exact	full_length	round2	GMO.00001177.v1.g117170.t1	true	true	PF00201.25	O48676/U74B1_ARATH/SV1	pfam_and_reference
GMO.00001690.v1.g222820.t1	UGT	Conjugation, transfer, and redox chemistry	UGT	481	161.5	7.1e-47	proteome_v1_exact	full_length	round2	GMO.00001690.v1.g222820.t1	true	true	PF00201.25	O48676/U74B1_ARATH/SV1	pfam_and_reference
GMO.00001690.v1.g222830.t1	UGT	Conjugation, transfer, and redox chemistry	UGT	492	161.5	7.3e-47	proteome_v1_exact	full_length	round2	GMO.00001690.v1.g222830.t1	true	true	PF00201.25	O48676/U74B1_ARATH/SV1	pfam_and_reference
GMO.00002465.v1.g547530.t1	UGT	Conjugation, transfer, and redox chemistry	UGT	492	161.5	7.3e-47	proteome_v1_exact	full_length	round2	GMO.00002465.v1.g547530.t1	true	true	PF00201.25	O48676/U74B1_ARATH/SV1	pfam_and_reference
GMO.00002465.v1.g547540.t1	UGT	Conjugation, transfer, and redox chemistry	UGT	481	161.5	7.1e-47	proteome_v1_exact	full_length	round2	GMO.00002465.v1.g547540.t1	true	true	PF00201.25	O48676/U74B1_ARATH/SV1	pfam_and_reference
GMO.00000895.v1.g084020.t1	UGT	Conjugation, transfer, and redox chemistry	UGT	483	161.1	9.4e-47	proteome_v1_exact	full_length	round2	GMO.00000895.v1.g084020.t1	true	true	PF00201.25	O48676/U74B1_ARATH/SV1	pfam_and_reference
GMO.00002354.v1.g499050.t1	UGT	Conjugation, transfer, and redox chemistry	UGT	471	158.9	4.5e-46	proteome_v1_exact	full_length	round2	GMO.00002354.v1.g499050.t1	true	true	PF00201.25	O48676/U74B1_ARATH/SV1	pfam_and_reference
GMO.00002253.v1.g377240.t1	UGT	Conjugation, transfer, and redox chemistry	UGT	492	158.6	5.3e-46	proteome_v1_exact	full_length	round2	GMO.00002253.v1.g377240.t1	true	true	PF00201.25	O48676/U74B1_ARATH/SV1	pfam_and_reference
GMO.00002695.v1.g661220.t1	UGT	Conjugation, transfer, and redox chemistry	UGT	479	157.0	1.7e-45	proteome_v1_exact	full_length	round2	GMO.00002695.v1.g661220.t1	true	true	PF00201.25	O48676/U74B1_ARATH/SV1	pfam_and_reference
GMO.00002317.v1.g452620.t1	UGT	Conjugation, transfer, and redox chemistry	UGT	479	155.3	5.4e-45	proteome_v1_exact	full_length	round2	GMO.00002317.v1.g452620.t1	true	true	PF00201.25	O48676/U74B1_ARATH/SV1	pfam_and_reference
GMO.00000895.v1.g084010.t1	UGT	Conjugation, transfer, and redox chemistry	UGT	478	155.1	6.3e-45	proteome_v1_exact	full_length	round2	GMO.00000895.v1.g084010.t1	true	true	PF00201.25	O48676/U74B1_ARATH/SV1	pfam_and_reference
GMO.00002453.v1.g537950.t1	UGT	Conjugation, transfer, and redox chemistry	UGT	478	154.2	1.2e-44	proteome_v1_exact	full_length	round2	GMO.00002453.v1.g537950.t1	true	true	PF00201.25	O48676/U74B1_ARATH/SV1	pfam_and_reference
GMO.00001385.v1.g174740.t1	UGT	Conjugation, transfer, and redox chemistry	UGT	489	153.3	2.3e-44	proteome_v1_exact	full_length	round2	GMO.00001385.v1.g174740.t1	true	true	PF00201.25	O48676/U74B1_ARATH/SV1	pfam_and_reference
GMO.00001047.v1.g096250.t1	UGT	Conjugation, transfer, and redox chemistry	UGT	477	152.8	3.2e-44	proteome_v1_exact	full_length	round2	GMO.00001047.v1.g096250.t1	true	true	PF00201.25	O48676/U74B1_ARATH/SV1	pfam_and_reference
GMO.00002425.v1.g524420.t1	UGT	Conjugation, transfer, and redox chemistry	UGT	477	152.8	3.2e-44	proteome_v1_exact	full_length	round2	GMO.00002425.v1.g524420.t1	true	true	PF00201.25	O48676/U74B1_ARATH/SV1	pfam_and_reference
GMO.00001343.v1.g160360.t1	UGT	Conjugation, transfer, and redox chemistry	UGT	491	152.5	4e-44	proteome_v1_exact	full_length	round2	GMO.00001343.v1.g160360.t1	true	true	PF00201.25	O48676/U74B1_ARATH/SV1	pfam_and_reference
GMO.00002453.v1.g537910.t1	UGT	Conjugation, transfer, and redox chemistry	UGT	495	149.7	2.8e-43	proteome_v1_exact	full_length	round2	GMO.00002453.v1.g537910.t1	true	true	PF00201.25	O48676/U74B1_ARATH/SV1	pfam_and_reference
GMO.00000895.v1.g083990.t1	UGT	Conjugation, transfer, and redox chemistry	UGT	479	149.1	4.2e-43	proteome_v1_exact	full_length	round2	GMO.00000895.v1.g083990.t1	true	true	PF00201.25	O48676/U74B1_ARATH/SV1	pfam_and_reference
GMO.00002466.v1.g547610.t1	UGT	Conjugation, transfer, and redox chemistry	UGT	494	148.7	5.5e-43	proteome_v1_exact	full_length	round2	GMO.00002466.v1.g547610.t1	true	true	PF00201.25	O48676/U74B1_ARATH/SV1	pfam_and_reference
GMO.00001343.v1.g155990.t1	UGT	Conjugation, transfer, and redox chemistry	UGT	463	148.6	6.1e-43	proteome_v1_exact	full_length	round2	GMO.00001343.v1.g155990.t1	true	true	PF00201.25	O48676/U74B1_ARATH/SV1	pfam_and_reference
GMO.00001817.v1.g250650.t1	UGT	Conjugation, transfer, and redox chemistry	UGT	460	146.9	2.7e-41	proteome_v1_exact	full_length	round2	GMO.00001817.v1.g250650.t1	true	true	PF00201.25	O48676/U74B1_ARATH/SV1	pfam_and_reference
GMO.00001343.v1.g156010.t1	UGT	Conjugation, transfer, and redox chemistry	UGT	472	146.7	2.2e-42	proteome_v1_exact	full_length	round2	GMO.00001343.v1.g156010.t1	true	true	PF00201.25	O48676/U74B1_ARATH/SV1	pfam_and_reference
GMO.00001111.v1.g110370.t1	UGT	Conjugation, transfer, and redox chemistry	UGT	461	146.5	2.5e-42	proteome_v1_exact	full_length	round2	GMO.00001111.v1.g110370.t1	true	true	PF00201.25	O48676/U74B1_ARATH/SV1	pfam_and_reference
GMO.00001399.v1.g180050.t1	UGT	Conjugation, transfer, and redox chemistry	UGT	463	146.2	3.2e-42	proteome_v1_exact	full_length	round2	GMO.00001399.v1.g180050.t1	true	true	PF00201.25	O48676/U74B1_ARATH/SV1	pfam_and_reference
GMO.00002427.v1.g525470.t1	UGT	Conjugation, transfer, and redox chemistry	UGT	458	145.5	7.2e-41	proteome_v1_exact	full_length	round2	GMO.00002427.v1.g525470.t1	true	true	PF00201.25	O48676/U74B1_ARATH/SV1	pfam_and_reference
GMO.00002782.v1.g683640.t1	UGT	Conjugation, transfer, and redox chemistry	UGT	494	144.9	7.8e-42	proteome_v1_exact	full_length	round2	GMO.00002782.v1.g683640.t1	true	true	PF00201.25	O48676/U74B1_ARATH/SV1	pfam_and_reference
GMO.00002612.v1.g636460.t1	UGT	Conjugation, transfer, and redox chemistry	UGT	481	144.5	1e-41	proteome_v1_exact	full_length	round2	GMO.00002612.v1.g636460.t1	true	true	PF00201.25	O48676/U74B1_ARATH/SV1	pfam_and_reference
GMO.00001343.v1.g155970.t1	UGT	Conjugation, transfer, and redox chemistry	UGT	492	143.9	1.6e-41	proteome_v1_exact	full_length	round2	GMO.00001343.v1.g155970.t1	true	true	PF00201.25	O48676/U74B1_ARATH/SV1	pfam_and_reference
GMO.00002273.v1.g402620.t1	UGT	Conjugation, transfer, and redox chemistry	UGT	480	143.5	2e-41	proteome_v1_exact	full_length	round2	GMO.00002273.v1.g402620.t1	true	true	PF00201.25	O48676/U74B1_ARATH/SV1	pfam_and_reference
GMO.00002601.v1.g630520.t1	UGT	Conjugation, transfer, and redox chemistry	UGT	480	143.5	2e-41	proteome_v1_exact	full_length	round2	GMO.00002601.v1.g630520.t1	true	true	PF00201.25	O48676/U74B1_ARATH/SV1	pfam_and_reference
GMO.00001399.v1.g180030.t1	UGT	Conjugation, transfer, and redox chemistry	UGT	490	143.2	2.6e-41	proteome_v1_exact	full_length	round2	GMO.00001399.v1.g180030.t1	true	true	PF00201.25	O48676/U74B1_ARATH/SV1	pfam_and_reference
GMO.00001343.v1.g160390.t1	UGT	Conjugation, transfer, and redox chemistry	UGT	499	143.0	3e-41	proteome_v1_exact	full_length	round2	GMO.00001343.v1.g160390.t1	true	true	PF00201.25	O48676/U74B1_ARATH/SV1	pfam_and_reference
GMO.00002453.v1.g537900.t1	UGT	Conjugation, transfer, and redox chemistry	UGT	492	142.7	3.7e-41	proteome_v1_exact	full_length	round2	GMO.00002453.v1.g537900.t1	true	true	PF00201.25	O48676/U74B1_ARATH/SV1	pfam_and_reference
GMO.00002466.v1.g547560.t1	UGT	Conjugation, transfer, and redox chemistry	UGT	495	142.2	5.1e-41	proteome_v1_exact	full_length	round2	GMO.00002466.v1.g547560.t1	true	true	PF00201.25	O48676/U74B1_ARATH/SV1	pfam_and_reference
GMO.00002783.v1.g683710.t1	UGT	Conjugation, transfer, and redox chemistry	UGT	495	142.2	5.1e-41	proteome_v1_exact	full_length	round2	GMO.00002783.v1.g683710.t1	true	true	PF00201.25	O48676/U74B1_ARATH/SV1	pfam_and_reference
GMO.00002553.v1.g615790.t1	UGT	Conjugation, transfer, and redox chemistry	UGT	480	141.7	7.2e-41	proteome_v1_exact	full_length	round2	GMO.00002553.v1.g615790.t1	true	true	PF00201.25	O48676/U74B1_ARATH/SV1	pfam_and_reference
GMO.00001690.v1.g222860.t1	UGT	Conjugation, transfer, and redox chemistry	UGT	493	141.6	7.6e-41	proteome_v1_exact	full_length	round2	GMO.00001690.v1.g222860.t1	true	true	PF00201.25	O48676/U74B1_ARATH/SV1	pfam_and_reference
GMO.00002465.v1.g547500.t1	UGT	Conjugation, transfer, and redox chemistry	UGT	493	141.6	7.6e-41	proteome_v1_exact	full_length	round2	GMO.00002465.v1.g547500.t1	true	true	PF00201.25	O48676/U74B1_ARATH/SV1	pfam_and_reference
GMO.00002317.v1.g452590.t1	UGT	Conjugation, transfer, and redox chemistry	UGT	449	141.5	8.6e-41	proteome_v1_exact	full_length	round2	GMO.00002317.v1.g452590.t1	true	true	PF00201.25	O48676/U74B1_ARATH/SV1	pfam_and_reference
GMO.00002453.v1.g537980.t1	UGT	Conjugation, transfer, and redox chemistry	UGT	445	141.3	9.4e-41	proteome_v1_exact	full_length	round2	GMO.00002453.v1.g537980.t1	true	true	PF00201.25	O48676/U74B1_ARATH/SV1	pfam_and_reference
GMO.00002304.v1.g451140.t1	UGT	Conjugation, transfer, and redox chemistry	UGT	480	140.6	1.6e-40	proteome_v1_exact	full_length	round2	GMO.00002304.v1.g451140.t1	true	true	PF00201.25	O48676/U74B1_ARATH/SV1	pfam_and_reference
GMO.00001385.v1.g174770.t1	UGT	Conjugation, transfer, and redox chemistry	UGT	504	140.4	1.9e-40	proteome_v1_exact	full_length	round2	GMO.00001385.v1.g174770.t1	true	true	PF00201.25	O48676/U74B1_ARATH/SV1	pfam_and_reference
GMO.00002695.v1.g661250.t1	UGT	Conjugation, transfer, and redox chemistry	UGT	427	140.3	1.9e-40	proteome_v1_exact	full_length	round2	GMO.00002695.v1.g661250.t1	true	true	PF00201.25	O48676/U74B1_ARATH/SV1	pfam_and_reference
GMO.00000895.v1.g084060.t1	UGT	Conjugation, transfer, and redox chemistry	UGT	492	140.1	2.3e-40	proteome_v1_exact	full_length	round2	GMO.00000895.v1.g084060.t1	true	true	PF00201.25	O48676/U74B1_ARATH/SV1	pfam_and_reference
GMO.00001690.v1.g222910.t1	UGT	Conjugation, transfer, and redox chemistry	UGT	501	139.8	2.8e-40	proteome_v1_exact	full_length	round2	GMO.00001690.v1.g222910.t1	true	true	PF00201.25	O48676/U74B1_ARATH/SV1	pfam_and_reference
GMO.00000743.v1.g063840.t1	UGT	Conjugation, transfer, and redox chemistry	UGT	501	139.5	3.5e-40	proteome_v1_exact	full_length	round2	GMO.00000743.v1.g063840.t1	true	true	PF00201.25	O48676/U74B1_ARATH/SV1	pfam_and_reference
GMO.00001177.v1.g117210.t1	UGT	Conjugation, transfer, and redox chemistry	UGT	480	139.5	3.3e-40	proteome_v1_exact	full_length	round2	GMO.00001177.v1.g117210.t1	true	true	PF00201.25	O48676/U74B1_ARATH/SV1	pfam_and_reference
GMO.00001508.v1.g187390.t1	UGT	Conjugation, transfer, and redox chemistry	UGT	480	139.5	3.5e-40	proteome_v1_exact	full_length	round2	GMO.00001508.v1.g187390.t1	true	true	PF00201.25	O48676/U74B1_ARATH/SV1	pfam_and_reference
GMO.00002354.v1.g499000.t1	UGT	Conjugation, transfer, and redox chemistry	UGT	480	139.5	3.3e-40	proteome_v1_exact	full_length	round2	GMO.00002354.v1.g499000.t1	true	true	PF00201.25	O48676/U74B1_ARATH/SV1	pfam_and_reference
GMO.00002271.v1.g400150.t1	UGT	Conjugation, transfer, and redox chemistry	UGT	478	139.2	4.1e-40	proteome_v1_exact	full_length	round2	GMO.00002271.v1.g400150.t1	true	true	PF00201.25	O48676/U74B1_ARATH/SV1	pfam_and_reference
GMO.00002702.v1.g663680.t1	UGT	Conjugation, transfer, and redox chemistry	UGT	487	139.2	4.1e-40	proteome_v1_exact	full_length	round2	GMO.00002702.v1.g663680.t1	true	true	PF00201.25	O48676/U74B1_ARATH/SV1	pfam_and_reference
GMO.00002465.v1.g547450.t1	UGT	Conjugation, transfer, and redox chemistry	UGT	502	139.0	4.7e-40	proteome_v1_exact	full_length	round2	GMO.00002465.v1.g547450.t1	true	true	PF00201.25	O48676/U74B1_ARATH/SV1	pfam_and_reference
GMO.00001385.v1.g174750.t1	UGT	Conjugation, transfer, and redox chemistry	UGT	486	138.2	8.7e-40	proteome_v1_exact	full_length	round2	GMO.00001385.v1.g174750.t1	true	true	PF00201.25	O48676/U74B1_ARATH/SV1	pfam_and_reference
GMO.00002658.v1.g657180.t1	UGT	Conjugation, transfer, and redox chemistry	UGT	485	138.2	8.7e-40	proteome_v1_exact	full_length	round2	GMO.00002658.v1.g657180.t1	true	true	PF00201.25	O48676/U74B1_ARATH/SV1	pfam_and_reference
GMO.00002695.v1.g660400.t1	UGT	Conjugation, transfer, and redox chemistry	UGT	442	138.2	8.3e-40	proteome_v1_exact	full_length	round2	GMO.00002695.v1.g660400.t1	true	true	PF00201.25	O48676/U74B1_ARATH/SV1	pfam_and_reference
GMO.00001399.v1.g180060.t1	UGT	Conjugation, transfer, and redox chemistry	UGT	473	138.1	9.2e-40	proteome_v1_exact	full_length	round2	GMO.00001399.v1.g180060.t1	true	true	PF00201.25	O48676/U74B1_ARATH/SV1	pfam_and_reference
GMO.00002453.v1.g537970.t1	UGT	Conjugation, transfer, and redox chemistry	UGT	291	137.9	1e-39	proteome_v1_exact	full_length	round2	GMO.00002453.v1.g537970.t1	true	true	PF00201.25	O48676/U74B1_ARATH/SV1	pfam_and_reference
GMO.00001573.v1.g199640.t1	UGT	Conjugation, transfer, and redox chemistry	UGT	483	137.8	1.1e-39	proteome_v1_exact	full_length	round2	GMO.00001573.v1.g199640.t1	true	true	PF00201.25	O48676/U74B1_ARATH/SV1	pfam_and_reference
GMO.00001573.v1.g199650.t1	UGT	Conjugation, transfer, and redox chemistry	UGT	483	137.5	1.4e-39	proteome_v1_exact	full_length	round2	GMO.00001573.v1.g199650.t1	true	true	PF00201.25	O48676/U74B1_ARATH/SV1	pfam_and_reference
GMO.00000574.v1.g034170.t1	UGT	Conjugation, transfer, and redox chemistry	UGT	493	137.4	1.5e-39	proteome_v1_exact	full_length	round2	GMO.00000574.v1.g034170.t1	true	true	PF00201.25	O48676/U74B1_ARATH/SV1	pfam_and_reference
GMO.00001343.v1.g160400.t1	UGT	Conjugation, transfer, and redox chemistry	UGT	510	137.3	1.6e-39	proteome_v1_exact	full_length	round2	GMO.00001343.v1.g160400.t1	true	true	PF00201.25	O48676/U74B1_ARATH/SV1	pfam_and_reference
GMO.00002336.v1.g487290.t1	UGT	Conjugation, transfer, and redox chemistry	UGT	483	137.3	1.5e-39	proteome_v1_exact	full_length	round2	GMO.00002336.v1.g487290.t1	true	true	PF00201.25	O48676/U74B1_ARATH/SV1	pfam_and_reference
GMO.00000895.v1.g084050.t1	UGT	Conjugation, transfer, and redox chemistry	UGT	432	136.7	2.4e-39	proteome_v1_exact	full_length	round2	GMO.00000895.v1.g084050.t1	true	true	PF00201.25	O48676/U74B1_ARATH/SV1	pfam_and_reference
GMO.00002466.v1.g547630.t1	UGT	Conjugation, transfer, and redox chemistry	UGT	499	135.0	8.1e-39	proteome_v1_exact	full_length	round2	GMO.00002466.v1.g547630.t1	true	true	PF00201.25	O48676/U74B1_ARATH/SV1	pfam_and_reference
GMO.00002782.v1.g683630.t1	UGT	Conjugation, transfer, and redox chemistry	UGT	499	135.0	8.1e-39	proteome_v1_exact	full_length	round2	GMO.00002782.v1.g683630.t1	true	true	PF00201.25	O48676/U74B1_ARATH/SV1	pfam_and_reference
GMO.00001343.v1.g160370.t1	UGT	Conjugation, transfer, and redox chemistry	UGT	486	134.7	9.5e-39	proteome_v1_exact	full_length	round2	GMO.00001343.v1.g160370.t1	true	true	PF00201.25	O48676/U74B1_ARATH/SV1	pfam_and_reference
GMO.00002466.v1.g547570.t1	UGT	Conjugation, transfer, and redox chemistry	UGT	495	133.8	1.8e-38	proteome_v1_exact	full_length	round2	GMO.00002466.v1.g547570.t1	true	true	PF00201.25	O48676/U74B1_ARATH/SV1	pfam_and_reference
GMO.00002782.v1.g683690.t1	UGT	Conjugation, transfer, and redox chemistry	UGT	495	133.8	1.8e-38	proteome_v1_exact	full_length	round2	GMO.00002782.v1.g683690.t1	true	true	PF00201.25	O48676/U74B1_ARATH/SV1	pfam_and_reference
GMO.00002783.v1.g683700.t1	UGT	Conjugation, transfer, and redox chemistry	UGT	495	133.8	1.8e-38	proteome_v1_exact	full_length	round2	GMO.00002783.v1.g683700.t1	true	true	PF00201.25	O48676/U74B1_ARATH/SV1	pfam_and_reference
GMO.00000574.v1.g034180.t1	UGT	Conjugation, transfer, and redox chemistry	UGT	483	133.7	2e-38	proteome_v1_exact	full_length	round2	GMO.00000574.v1.g034180.t1	true	true	PF00201.25	O48676/U74B1_ARATH/SV1	pfam_and_reference
GMO.00002466.v1.g547550.t1	UGT	Conjugation, transfer, and redox chemistry	UGT	499	133.2	2.9e-38	proteome_v1_exact	full_length	round2	GMO.00002466.v1.g547550.t1	true	true	PF00201.25	O48676/U74B1_ARATH/SV1	pfam_and_reference
GMO.00002725.v1.g671940.t2	UGT	Conjugation, transfer, and redox chemistry	UGT	493	133.1	3.1e-38	proteome_v1_exact	full_length	round2	GMO.00002725.v1.g671940.t2	true	true	PF00201.25	O48676/U74B1_ARATH/SV1	pfam_and_reference
GMO.00001399.v1.g179990.t2	UGT	Conjugation, transfer, and redox chemistry	UGT	474	132.7	3.8e-38	proteome_v1_exact	full_length	round2	GMO.00001399.v1.g179990.t2	true	true	PF00201.25	O48676/U74B1_ARATH/SV1	pfam_and_reference
GMO.00001343.v1.g155930.t2	UGT	Conjugation, transfer, and redox chemistry	UGT	474	132.5	4.5e-38	proteome_v1_exact	full_length	round2	GMO.00001343.v1.g155930.t2	true	true	PF00201.25	O48676/U74B1_ARATH/SV1	pfam_and_reference
GMO.00000193.v1.g004680.t1	UGT	Conjugation, transfer, and redox chemistry	UGT	142	132.2	5.8e-38	proteome_v1_exact	full_length	round2	GMO.00000193.v1.g004680.t1	true	true	PF00201.25	O48676/U74B1_ARATH/SV1	pfam_and_reference
GMO.00001595.v1.g202070.t2	UGT	Conjugation, transfer, and redox chemistry	UGT	464	131.5	9.3e-38	proteome_v1_exact	full_length	round2	GMO.00001595.v1.g202070.t2	true	true	PF00201.25	O48676/U74B1_ARATH/SV1	pfam_and_reference
GMO.00002728.v1.g672240.t2	UGT	Conjugation, transfer, and redox chemistry	UGT	464	131.5	9.3e-38	proteome_v1_exact	full_length	round2	GMO.00002728.v1.g672240.t2	true	true	PF00201.25	O48676/U74B1_ARATH/SV1	pfam_and_reference
GMO.00002356.v1.g504870.t1	UGT	Conjugation, transfer, and redox chemistry	UGT	492	131.2	1.2e-37	proteome_v1_exact	full_length	round2	GMO.00002356.v1.g504870.t1	true	true	PF00201.25	O48676/U74B1_ARATH/SV1	pfam_and_reference
GMO.00002453.v1.g537930.t1	UGT	Conjugation, transfer, and redox chemistry	UGT	294	131.2	1.1e-37	proteome_v1_exact	full_length	round2	GMO.00002453.v1.g537930.t1	true	true	PF00201.25	O48676/U74B1_ARATH/SV1	pfam_and_reference
GMO.00002354.v1.g497690.t1	UGT	Conjugation, transfer, and redox chemistry	UGT	473	131.0	1.3e-37	proteome_v1_exact	full_length	round2	GMO.00002354.v1.g497690.t1	true	true	PF00201.25	O48676/U74B1_ARATH/SV1	pfam_and_reference
GMO.00002283.v1.g427480.t1	UGT	Conjugation, transfer, and redox chemistry	UGT	309	130.8	1.5e-37	proteome_v1_exact	full_length	round2	GMO.00002283.v1.g427480.t1	true	true	PF00201.25	O48676/U74B1_ARATH/SV1	pfam_and_reference
GMO.00002354.v1.g497710.t1	UGT	Conjugation, transfer, and redox chemistry	UGT	474	130.8	1.5e-37	proteome_v1_exact	full_length	round2	GMO.00002354.v1.g497710.t1	true	true	PF00201.25	O48676/U74B1_ARATH/SV1	pfam_and_reference
GMO.00002283.v1.g427490.t1	UGT	Conjugation, transfer, and redox chemistry	UGT	309	130.6	1.8e-37	proteome_v1_exact	full_length	round2	GMO.00002283.v1.g427490.t1	true	true	PF00201.25	O48676/U74B1_ARATH/SV1	pfam_and_reference
GMO.00001227.v1.g123870.t1	UGT	Conjugation, transfer, and redox chemistry	UGT	310	129.2	4.7e-37	proteome_v1_exact	full_length	round2	GMO.00001227.v1.g123870.t1	true	true	PF00201.25	O48676/U74B1_ARATH/SV1	pfam_and_reference
GMO.00000895.v1.g084030.t2	UGT	Conjugation, transfer, and redox chemistry	UGT	231	128.6	6.9e-37	proteome_v1_exact	full_length	round2	GMO.00000895.v1.g084030.t2	true	true	PF00201.25	O48676/U74B1_ARATH/SV1	pfam_and_reference
GMO.00000539.v1.g020990.t2	UGT	Conjugation, transfer, and redox chemistry	UGT	485	127.2	1.8e-36	proteome_v1_exact	full_length	round2	GMO.00000539.v1.g020990.t2	true	true	PF00201.25	O48676/U74B1_ARATH/SV1	pfam_and_reference
GMO.00002276.v1.g411950.t2	UGT	Conjugation, transfer, and redox chemistry	UGT	485	127.2	1.8e-36	proteome_v1_exact	full_length	round2	GMO.00002276.v1.g411950.t2	true	true	PF00201.25	O48676/U74B1_ARATH/SV1	pfam_and_reference
GMO.00001111.v1.g109720.t1	UGT	Conjugation, transfer, and redox chemistry	UGT	476	126.1	4e-36	proteome_v1_exact	full_length	round2	GMO.00001111.v1.g109720.t1	true	true	PF00201.25	O48676/U74B1_ARATH/SV1	pfam_and_reference
GMO.00001513.v1.g190060.t1	UGT	Conjugation, transfer, and redox chemistry	UGT	474	125.9	4.6e-36	proteome_v1_exact	full_length	round2	GMO.00001513.v1.g190060.t1	true	true	PF00201.25	O48676/U74B1_ARATH/SV1	pfam_and_reference
GMO.00002275.v1.g406600.t1	UGT	Conjugation, transfer, and redox chemistry	UGT	473	124.0	1.7e-35	proteome_v1_exact	full_length	round2	GMO.00002275.v1.g406600.t1	true	true	PF00201.25	O48676/U74B1_ARATH/SV1	pfam_and_reference
GMO.00001111.v1.g113620.t1	UGT	Conjugation, transfer, and redox chemistry	UGT	464	123.8	2e-35	proteome_v1_exact	full_length	round2	GMO.00001111.v1.g113620.t1	true	true	PF00201.25	O48676/U74B1_ARATH/SV1	pfam_and_reference
GMO.00000395.v1.g009830.t1	UGT	Conjugation, transfer, and redox chemistry	UGT	489	123.0	3.4e-35	proteome_v1_exact	full_length	round2	GMO.00000395.v1.g009830.t1	true	true	PF00201.25	O48676/U74B1_ARATH/SV1	pfam_and_reference
GMO.00002253.v1.g370450.t1	UGT	Conjugation, transfer, and redox chemistry	UGT	489	123.0	3.4e-35	proteome_v1_exact	full_length	round2	GMO.00002253.v1.g370450.t1	true	true	PF00201.25	O48676/U74B1_ARATH/SV1	pfam_and_reference
GMO.00002275.v1.g406290.t1	UGT	Conjugation, transfer, and redox chemistry	UGT	487	122.4	5.3e-35	proteome_v1_exact	full_length	round2	GMO.00002275.v1.g406290.t1	true	true	PF00201.25	O48676/U74B1_ARATH/SV1	pfam_and_reference
GMO.00002354.v1.g497730.t1	UGT	Conjugation, transfer, and redox chemistry	UGT	470	122.4	5.4e-35	proteome_v1_exact	full_length	round2	GMO.00002354.v1.g497730.t1	true	true	PF00201.25	O48676/U74B1_ARATH/SV1	pfam_and_reference
GMO.00002276.v1.g411590.t1	UGT	Conjugation, transfer, and redox chemistry	UGT	475	121.5	1e-34	proteome_v1_exact	full_length	round2	GMO.00002276.v1.g411590.t1	true	true	PF00201.25	O48676/U74B1_ARATH/SV1	pfam_and_reference
GMO.00001111.v1.g113640.t1	UGT	Conjugation, transfer, and redox chemistry	UGT	470	121.4	1e-34	proteome_v1_exact	full_length	round2	GMO.00001111.v1.g113640.t1	true	true	PF00201.25	O48676/U74B1_ARATH/SV1	pfam_and_reference
GMO.00002782.v1.g683650.t1	UGT	Conjugation, transfer, and redox chemistry	UGT	454	121.4	1.1e-34	proteome_v1_exact	full_length	round2	GMO.00002782.v1.g683650.t1	true	true	PF00201.25	O48676/U74B1_ARATH/SV1	pfam_and_reference
GMO.00002466.v1.g547590.t1	UGT	Conjugation, transfer, and redox chemistry	UGT	454	119.7	3.5e-34	proteome_v1_exact	full_length	round2	GMO.00002466.v1.g547590.t1	true	true	PF00201.25	O48676/U74B1_ARATH/SV1	pfam_and_reference
GMO.00002368.v1.g516680.t1	UGT	Conjugation, transfer, and redox chemistry	UGT	508	118.5	8.2e-34	proteome_v1_exact	full_length	round2	GMO.00002368.v1.g516680.t1	true	true	PF00201.25	O48676/U74B1_ARATH/SV1	pfam_and_reference
GMO.00002783.v1.g683720.t2	UGT	Conjugation, transfer, and redox chemistry	UGT	495	118.5	8.2e-34	proteome_v1_exact	full_length	round2	GMO.00002783.v1.g683720.t2	true	true	PF00201.25	O48676/U74B1_ARATH/SV1	pfam_and_reference
GMO.00002275.v1.g406550.t1	UGT	Conjugation, transfer, and redox chemistry	UGT	500	117.1	2.2e-33	proteome_v1_exact	full_length	round2	GMO.00002275.v1.g406550.t1	true	true	PF00201.25	O48676/U74B1_ARATH/SV1	pfam_and_reference
GMO.00001111.v1.g113650.t1	UGT	Conjugation, transfer, and redox chemistry	UGT	363	116.7	2.7e-33	proteome_v1_exact	full_length	round2	GMO.00001111.v1.g113650.t1	true	true	PF00201.25	O48676/U74B1_ARATH/SV1	pfam_and_reference
GMO.00001736.v1.g233430.t1	UGT	Conjugation, transfer, and redox chemistry	UGT	510	116.4	3.6e-33	proteome_v1_exact	full_length	round2	GMO.00001736.v1.g233430.t1	true	true	PF00201.25	O48676/U74B1_ARATH/SV1	pfam_and_reference
GMO.00002276.v1.g411600.t1	UGT	Conjugation, transfer, and redox chemistry	UGT	479	115.6	6.3e-33	proteome_v1_exact	full_length	round2	GMO.00002276.v1.g411600.t1	true	true	PF00201.25	O48676/U74B1_ARATH/SV1	pfam_and_reference
GMO.00002564.v1.g620610.t1	UGT	Conjugation, transfer, and redox chemistry	UGT	509	115.4	7e-33	proteome_v1_exact	full_length	round2	GMO.00002564.v1.g620610.t1	true	true	PF00201.25	O48676/U74B1_ARATH/SV1	pfam_and_reference
GMO.00000613.v1.g037170.t1	UGT	Conjugation, transfer, and redox chemistry	UGT	475	115.3	7.4e-33	proteome_v1_exact	full_length	round2	GMO.00000613.v1.g037170.t1	true	true	PF00201.25	O48676/U74B1_ARATH/SV1	pfam_and_reference
GMO.00002354.v1.g497720.t1	UGT	Conjugation, transfer, and redox chemistry	UGT	475	115.3	7.4e-33	proteome_v1_exact	full_length	round2	GMO.00002354.v1.g497720.t1	true	true	PF00201.25	O48676/U74B1_ARATH/SV1	pfam_and_reference
GMO.00001690.v1.g223040.t1	UGT	Conjugation, transfer, and redox chemistry	UGT	288	115.0	9.4e-33	proteome_v1_exact	full_length	round2	GMO.00001690.v1.g223040.t1	true	true	PF00201.25	O48676/U74B1_ARATH/SV1	pfam_and_reference
GMO.00001385.v1.g172870.t1	UGT	Conjugation, transfer, and redox chemistry	UGT	456	114.6	1.2e-32	proteome_v1_exact	full_length	round2	GMO.00001385.v1.g172870.t1	true	true	PF00201.25	O48676/U74B1_ARATH/SV1	pfam_and_reference
GMO.00001513.v1.g189790.t1	UGT	Conjugation, transfer, and redox chemistry	UGT	490	114.5	1.3e-32	proteome_v1_exact	full_length	round2	GMO.00001513.v1.g189790.t1	true	true	PF00201.25	O48676/U74B1_ARATH/SV1	pfam_and_reference
GMO.00002356.v1.g504540.t1	UGT	Conjugation, transfer, and redox chemistry	UGT	485	114.5	1.3e-32	proteome_v1_exact	full_length	round2	GMO.00002356.v1.g504540.t1	true	true	PF00201.25	O48676/U74B1_ARATH/SV1	pfam_and_reference
GMO.00002275.v1.g406590.t1	UGT	Conjugation, transfer, and redox chemistry	UGT	479	114.3	1.5e-32	proteome_v1_exact	full_length	round2	GMO.00002275.v1.g406590.t1	true	true	PF00201.25	O48676/U74B1_ARATH/SV1	pfam_and_reference
GMO.00002283.v1.g426070.t1	UGT	Conjugation, transfer, and redox chemistry	UGT	468	114.1	1.7e-32	proteome_v1_exact	full_length	round2	GMO.00002283.v1.g426070.t1	true	true	PF00201.25	O48676/U74B1_ARATH/SV1	pfam_and_reference
GMO.00001044.v1.g095030.t1	UGT	Conjugation, transfer, and redox chemistry	UGT	466	113.9	2e-32	proteome_v1_exact	full_length	round2	GMO.00001044.v1.g095030.t1	true	true	PF00201.25	O48676/U74B1_ARATH/SV1	pfam_and_reference
GMO.00001111.v1.g113660.t1	UGT	Conjugation, transfer, and redox chemistry	UGT	492	113.9	2e-32	proteome_v1_exact	full_length	round2	GMO.00001111.v1.g113660.t1	true	true	PF00201.25	O48676/U74B1_ARATH/SV1	pfam_and_reference
GMO.00002283.v1.g426110.t1	UGT	Conjugation, transfer, and redox chemistry	UGT	466	113.9	2e-32	proteome_v1_exact	full_length	round2	GMO.00002283.v1.g426110.t1	true	true	PF00201.25	O48676/U74B1_ARATH/SV1	pfam_and_reference
GMO.00002465.v1.g547380.t1	UGT	Conjugation, transfer, and redox chemistry	UGT	311	113.9	2e-32	proteome_v1_exact	full_length	round2	GMO.00002465.v1.g547380.t1	true	true	PF00201.25	O48676/U74B1_ARATH/SV1	pfam_and_reference
GMO.00002601.v1.g631630.t1	UGT	Conjugation, transfer, and redox chemistry	UGT	476	113.9	1.9e-32	proteome_v1_exact	full_length	round2	GMO.00002601.v1.g631630.t1	true	true	PF00201.25	O48676/U74B1_ARATH/SV1	pfam_and_reference
GMO.00001343.v1.g162370.t1	UGT	Conjugation, transfer, and redox chemistry	UGT	456	111.6	9.9e-32	proteome_v1_exact	full_length	round2	GMO.00001343.v1.g162370.t1	true	true	PF00201.25	O48676/U74B1_ARATH/SV1	pfam_and_reference
GMO.00002354.v1.g499980.t1	UGT	Conjugation, transfer, and redox chemistry	UGT	504	110.8	1.7e-31	proteome_v1_exact	full_length	round2	GMO.00002354.v1.g499980.t1	true	true	PF00201.25	O48676/U74B1_ARATH/SV1	pfam_and_reference
GMO.00002276.v1.g411630.t1	UGT	Conjugation, transfer, and redox chemistry	UGT	470	110.4	2.3e-31	proteome_v1_exact	full_length	round2	GMO.00002276.v1.g411630.t1	true	true	PF00201.25	O48676/U74B1_ARATH/SV1	pfam_and_reference
GMO.00001044.v1.g095060.t1	UGT	Conjugation, transfer, and redox chemistry	UGT	468	110.3	2.4e-31	proteome_v1_exact	full_length	round2	GMO.00001044.v1.g095060.t1	true	true	PF00201.25	O48676/U74B1_ARATH/SV1	pfam_and_reference
GMO.00002285.v1.g435810.t1	UGT	Conjugation, transfer, and redox chemistry	UGT	488	109.2	5.2e-31	proteome_v1_exact	full_length	round2	GMO.00002285.v1.g435810.t1	true	true	PF00201.25	O48676/U74B1_ARATH/SV1	pfam_and_reference
GMO.00002356.v1.g504530.t1	UGT	Conjugation, transfer, and redox chemistry	UGT	508	109.1	5.5e-31	proteome_v1_exact	full_length	round2	GMO.00002356.v1.g504530.t1	true	true	PF00201.25	O48676/U74B1_ARATH/SV1	pfam_and_reference
GMO.00002176.v1.g324960.t1	UGT	Conjugation, transfer, and redox chemistry	UGT	502	107.8	1.4e-30	proteome_v1_exact	full_length	round2	GMO.00002176.v1.g324960.t1	true	true	PF00201.25	O48676/U74B1_ARATH/SV1	pfam_and_reference
GMO.00002275.v1.g406580.t1	UGT	Conjugation, transfer, and redox chemistry	UGT	494	107.1	2.3e-30	proteome_v1_exact	full_length	round2	GMO.00002275.v1.g406580.t1	true	true	PF00201.25	O48676/U74B1_ARATH/SV1	pfam_and_reference
GMO.00001513.v1.g189770.t1	UGT	Conjugation, transfer, and redox chemistry	UGT	507	107.0	2.5e-30	proteome_v1_exact	full_length	round2	GMO.00001513.v1.g189770.t1	true	true	PF00201.25	O48676/U74B1_ARATH/SV1	pfam_and_reference
GMO.00001736.v1.g233410.t1	UGT	Conjugation, transfer, and redox chemistry	UGT	517	106.7	3.1e-30	proteome_v1_exact	full_length	round2	GMO.00001736.v1.g233410.t1	true	true	PF00201.25	O48676/U74B1_ARATH/SV1	pfam_and_reference
GMO.00002368.v1.g516670.t1	UGT	Conjugation, transfer, and redox chemistry	UGT	541	106.2	4.4e-30	proteome_v1_exact	full_length	round2	GMO.00002368.v1.g516670.t1	true	true	PF00201.25	O48676/U74B1_ARATH/SV1	pfam_and_reference
GMO.00000531.v1.g014520.t1	UGT	Conjugation, transfer, and redox chemistry	UGT	456	106.1	4.8e-30	proteome_v1_exact	full_length	round2	GMO.00000531.v1.g014520.t1	true	true	PF00201.25	O48676/U74B1_ARATH/SV1	pfam_and_reference
GMO.00001229.v1.g124640.t1	UGT	Conjugation, transfer, and redox chemistry	UGT	456	106.1	4.8e-30	proteome_v1_exact	full_length	round2	GMO.00001229.v1.g124640.t1	true	true	PF00201.25	O48676/U74B1_ARATH/SV1	pfam_and_reference
GMO.00001513.v1.g189780.t1	UGT	Conjugation, transfer, and redox chemistry	UGT	507	106.0	4.9e-30	proteome_v1_exact	full_length	round2	GMO.00001513.v1.g189780.t1	true	true	PF00201.25	O48676/U74B1_ARATH/SV1	pfam_and_reference
GMO.00000555.v1.g022510.t1	UGT	Conjugation, transfer, and redox chemistry	UGT	501	105.9	5.3e-30	proteome_v1_exact	full_length	round2	GMO.00000555.v1.g022510.t1	true	true	PF00201.25	O48676/U74B1_ARATH/SV1	pfam_and_reference
GMO.00002356.v1.g504520.t1	UGT	Conjugation, transfer, and redox chemistry	UGT	507	105.9	5.4e-30	proteome_v1_exact	full_length	round2	GMO.00002356.v1.g504520.t1	true	true	PF00201.25	O48676/U74B1_ARATH/SV1	pfam_and_reference
GMO.00002176.v1.g323940.t1	UGT	Conjugation, transfer, and redox chemistry	UGT	490	105.5	7.1e-30	proteome_v1_exact	full_length	round2	GMO.00002176.v1.g323940.t1	true	true	PF00201.25	O48676/U74B1_ARATH/SV1	pfam_and_reference
GMO.00002276.v1.g411610.t1	UGT	Conjugation, transfer, and redox chemistry	UGT	490	105.3	8.2e-30	proteome_v1_exact	full_length	round2	GMO.00002276.v1.g411610.t1	true	true	PF00201.25	O48676/U74B1_ARATH/SV1	pfam_and_reference
GMO.00001694.v1.g224770.t1	UGT	Conjugation, transfer, and redox chemistry	UGT	463	104.5	1.5e-29	proteome_v1_exact	full_length	round2	GMO.00001694.v1.g224770.t1	true	true	PF00201.25	O48676/U74B1_ARATH/SV1	pfam_and_reference
GMO.00002555.v1.g617410.t1	UGT	Conjugation, transfer, and redox chemistry	UGT	463	104.5	1.5e-29	proteome_v1_exact	full_length	round2	GMO.00002555.v1.g617410.t1	true	true	PF00201.25	O48676/U74B1_ARATH/SV1	pfam_and_reference
GMO.00000720.v1.g055880.t1	UGT	Conjugation, transfer, and redox chemistry	UGT	513	103.8	2.3e-29	proteome_v1_exact	full_length	round2	GMO.00000720.v1.g055880.t1	true	true	PF00201.25	O48676/U74B1_ARATH/SV1	pfam_and_reference
GMO.00002427.v1.g525520.t1	UGT	Conjugation, transfer, and redox chemistry	UGT	470	103.8	2.4e-29	proteome_v1_exact	full_length	round2	GMO.00002427.v1.g525520.t1	true	true	PF00201.25	O48676/U74B1_ARATH/SV1	pfam_and_reference
GMO.00002325.v1.g480800.t1	UGT	Conjugation, transfer, and redox chemistry	UGT	501	102.3	6.6e-29	proteome_v1_exact	full_length	round2	GMO.00002325.v1.g480800.t1	true	true	PF00201.25	O48676/U74B1_ARATH/SV1	pfam_and_reference
GMO.00001085.v1.g107510.t1	UGT	Conjugation, transfer, and redox chemistry	UGT	513	99.7	3.9e-28	proteome_v1_exact	full_length	round2	GMO.00001085.v1.g107510.t1	true	true	PF00201.25	O48676/U74B1_ARATH/SV1	pfam_and_reference
GMO.00002601.v1.g631610.t1	UGT	Conjugation, transfer, and redox chemistry	UGT	482	98.8	7.8e-28	proteome_v1_exact	full_length	round2	GMO.00002601.v1.g631610.t1	true	true	PF00201.25	O48676/U74B1_ARATH/SV1	pfam_and_reference
GMO.00002611.v1.g635400.t1	UGT	Conjugation, transfer, and redox chemistry	UGT	482	96.4	4.1e-27	proteome_v1_exact	full_length	round2	GMO.00002611.v1.g635400.t1	true	true	PF00201.25	O48676/U74B1_ARATH/SV1	pfam_and_reference
GMO.00001855.v1.g256900.t1	UGT	Conjugation, transfer, and redox chemistry	UGT	394	95.8	6.2e-27	proteome_v1_exact	full_length	round2	GMO.00001855.v1.g256900.t1	true	true	PF00201.25	O48676/U74B1_ARATH/SV1	pfam_and_reference
GMO.00001635.v1.g216200.t1	UGT	Conjugation, transfer, and redox chemistry	UGT	478	93.5	3e-26	proteome_v1_exact	full_length	round2	GMO.00001635.v1.g216200.t1	false	true		O48676/U74B1_ARATH/SV1	reference_only
GMO.00002652.v1.g654900.t1	UGT	Conjugation, transfer, and redox chemistry	UGT	478	93.5	3e-26	proteome_v1_exact	full_length	round2	GMO.00002652.v1.g654900.t1	false	true		O48676/U74B1_ARATH/SV1	reference_only
GMO.00000193.v1.g004690.t1	UGT	Conjugation, transfer, and redox chemistry	UGT	357	87.9	1.6e-24	proteome_v1_exact	full_length	round2	GMO.00000193.v1.g004690.t1	false	true		O48676/U74B1_ARATH/SV1	reference_only
GMO.00002652.v1.g654820.t1	UGT	Conjugation, transfer, and redox chemistry	UGT	472	84.6	1.6e-23	proteome_v1_exact	full_length	round2	GMO.00002652.v1.g654820.t1	true	true	PF00201.25	O48676/U74B1_ARATH/SV1	pfam_and_reference
GMO.00002652.v1.g654830.t1	UGT	Conjugation, transfer, and redox chemistry	UGT	470	83.2	4.1e-23	proteome_v1_exact	full_length	round2	GMO.00002652.v1.g654830.t1	false	true		O48676/U74B1_ARATH/SV1	reference_only
GMO.00000531.v1.g018770.t1	UGT	Conjugation, transfer, and redox chemistry	UGT	461	80.2	3.2e-22	proteome_v1_exact	full_length	round2	GMO.00000531.v1.g018770.t1	false	true		O48676/U74B1_ARATH/SV1	reference_only
GMO.00001366.v1.g167860.t1	UGT	Conjugation, transfer, and redox chemistry	UGT	461	79.9	4.1e-22	proteome_v1_exact	full_length	round2	GMO.00001366.v1.g167860.t1	false	true		O48676/U74B1_ARATH/SV1	reference_only
GMO.00001111.v1.g109900.t1	UGT	Conjugation, transfer, and redox chemistry	UGT	466	78.6	1e-21	proteome_v1_exact	full_length	round2	GMO.00001111.v1.g109900.t1	false	true		O48676/U74B1_ARATH/SV1	reference_only
GMO.00002427.v1.g526330.t1	UGT	Conjugation, transfer, and redox chemistry	UGT	467	77.7	1.9e-21	proteome_v1_exact	full_length	round2	GMO.00002427.v1.g526330.t1	false	true		O48676/U74B1_ARATH/SV1	reference_only
GMO.00001244.v1.g131360.t1	UGT	Conjugation, transfer, and redox chemistry	UGT	467	77.6	2e-21	proteome_v1_exact	full_length	round2	GMO.00001244.v1.g131360.t1	false	true		O48676/U74B1_ARATH/SV1	reference_only
GMO.00002498.v1.g566970.t1	UGT	Conjugation, transfer, and redox chemistry	UGT	471	76.7	3.8e-21	proteome_v1_exact	full_length	round2	GMO.00002498.v1.g566970.t1	false	true		O48676/U74B1_ARATH/SV1	reference_only
GMO.00002652.v1.g654890.t1	UGT	Conjugation, transfer, and redox chemistry	UGT	315	75.9	6.7e-21	proteome_v1_exact	full_length	round2	GMO.00002652.v1.g654890.t1	false	true		O48676/U74B1_ARATH/SV1	reference_only
GMO.00002497.v1.g563160.t1	UGT	Conjugation, transfer, and redox chemistry	UGT	471	74.5	1.7e-20	proteome_v1_exact	full_length	round2	GMO.00002497.v1.g563160.t1	false	true		O48676/U74B1_ARATH/SV1	reference_only
GMO.00001244.v1.g131390.t1	UGT	Conjugation, transfer, and redox chemistry	UGT	466	72.9	5.4e-20	proteome_v1_exact	full_length	round2	GMO.00001244.v1.g131390.t1	false	true		O48676/U74B1_ARATH/SV1	reference_only
GMO.00002427.v1.g526350.t1	UGT	Conjugation, transfer, and redox chemistry	UGT	466	72.7	6.3e-20	proteome_v1_exact	full_length	round2	GMO.00002427.v1.g526350.t1	false	true		O48676/U74B1_ARATH/SV1	reference_only
GMO.00002427.v1.g526360.t1	UGT	Conjugation, transfer, and redox chemistry	UGT	466	72.3	8.3e-20	proteome_v1_exact	full_length	round2	GMO.00002427.v1.g526360.t1	false	true		O48676/U74B1_ARATH/SV1	reference_only
GMO.00001635.v1.g216160.t1	UGT	Conjugation, transfer, and redox chemistry	UGT	212	71.5	1.5e-19	proteome_v1_exact	full_length	round2	GMO.00001635.v1.g216160.t1	false	true		O48676/U74B1_ARATH/SV1	reference_only
GMO.00002652.v1.g654950.t1	UGT	Conjugation, transfer, and redox chemistry	UGT	212	71.5	1.5e-19	proteome_v1_exact	full_length	round2	GMO.00002652.v1.g654950.t1	false	true		O48676/U74B1_ARATH/SV1	reference_only
GMO.00001385.v1.g174780.t1	UGT	Conjugation, transfer, and redox chemistry	UGT	150	71.1	2e-19	proteome_v1_exact	full_length	round2	GMO.00001385.v1.g174780.t1	true	true	PF00201.25	O48676/U74B1_ARATH/SV1	pfam_and_reference
GMO.00002275.v1.g409510.t1	UGT	Conjugation, transfer, and redox chemistry	UGT	463	70.1	3.9e-19	proteome_v1_exact	full_length	round2	GMO.00002275.v1.g409510.t1	false	true		O48676/U74B1_ARATH/SV1	reference_only
GMO.00002427.v1.g526370.t1	UGT	Conjugation, transfer, and redox chemistry	UGT	468	68.7	1.1e-18	proteome_v1_exact	full_length	round2	GMO.00002427.v1.g526370.t1	false	true		O48676/U74B1_ARATH/SV1	reference_only
GMO.00001244.v1.g131370.t1	UGT	Conjugation, transfer, and redox chemistry	UGT	455	68.6	1.1e-18	proteome_v1_exact	full_length	round2	GMO.00001244.v1.g131370.t1	false	true		O48676/U74B1_ARATH/SV1	reference_only
GMO.00001244.v1.g131410.t1	UGT	Conjugation, transfer, and redox chemistry	UGT	468	67.6	2.2e-18	proteome_v1_exact	full_length	round2	GMO.00001244.v1.g131410.t1	false	true		O48676/U74B1_ARATH/SV1	reference_only
GMO.00002427.v1.g526340.t1	UGT	Conjugation, transfer, and redox chemistry	UGT	471	67.2	2.8e-18	proteome_v1_exact	full_length	round2	GMO.00002427.v1.g526340.t1	false	true		O48676/U74B1_ARATH/SV1	reference_only
GMO.00000719.v1.g050270.t1	UGT	Conjugation, transfer, and redox chemistry	UGT	463	67.1	3.2e-18	proteome_v1_exact	full_length	round2	GMO.00000719.v1.g050270.t1	false	true		O48676/U74B1_ARATH/SV1	reference_only
GMO.00000613.v1.g037180.t2	UGT	Conjugation, transfer, and redox chemistry	UGT	135	60.4	3.4e-16	proteome_v1_exact	full_length	round2	GMO.00000613.v1.g037180.t2	false	true		O48676/U74B1_ARATH/SV1	reference_only
GMO.00001329.v1.g150050.t1	UGT	Conjugation, transfer, and redox chemistry	UGT	134	57.5	3.4e-14	proteome_v1_exact	full_length	round2	GMO.00001329.v1.g150050.t1	true	true	PF00201.25	O48676/U74B1_ARATH/SV1	pfam_and_reference
